ID,Label,T_20_CENS_Total,T_20_CENS_White,T_20_CENS_Hispanic,T_20_CENS_Black,T_20_CENS_Asian,T_20_CENS_Native,T_20_CENS_Pacific,T_24_ACS_Total,T_24_ACS_White,T_24_ACS_Hispanic,T_24_ACS_Black,T_24_ACS_Asian,T_24_ACS_Native,T_24_ACS_Pacific,V_20_VAP_Total,V_20_VAP_White,V_20_VAP_Hispanic,V_20_VAP_Black,V_20_VAP_Asian,V_20_VAP_Native,V_20_VAP_Pacific,V_24_CVAP_Total,V_24_CVAP_White,V_24_CVAP_Hispanic,V_24_CVAP_Black,V_24_CVAP_Asian,V_24_CVAP_Native,V_24_CVAP_Pacific,V_24_CVAP_BlackAlone,V_24_CVAP_AsianAlone,V_24_CVAP_NativeAlone,V_24_CVAP_PacificAlone,E_16_PRES_Total,E_16_PRES_Dem,E_16_PRES_Rep,E_16_SEN_Total,E_16_SEN_Dem,E_16_SEN_Rep,E_18_GOV_Total,E_18_GOV_Dem,E_18_GOV_Rep,E_18_AG_Total,E_18_AG_Dem,E_18_AG_Rep,E_18_SOS_Total,E_18_SOS_Dem,E_18_SOS_Rep,E_18_TREAS_Total,E_18_TREAS_Dem,E_18_TREAS_Rep,E_16-20_COMP_Total,E_16-20_COMP_Dem,E_16-20_COMP_Rep,E_20_PRES_Total,E_20_PRES_Dem,E_20_PRES_Rep,E_20_SEN_Total,E_20_SEN_Dem,E_20_SEN_Rep,E_22_SEN_Total,E_22_SEN_Dem,E_22_SEN_Rep,E_22_GOV_Total,E_22_GOV_Dem,E_22_GOV_Rep,E_22_AG_Total,E_22_AG_Dem,E_22_AG_Rep,E_22_SOS_Total,E_22_SOS_Dem,E_22_SOS_Rep,E_22_TREAS_Total,E_22_TREAS_Dem,E_22_TREAS_Rep,E_24_PRES_Total,E_24_PRES_Dem,E_24_PRES_Rep,X_20_KS_2020_StateHouse_contested_only_DRA_D,X_20_KS_2020_StateHouse_contested_only_DRA_R,X_20_KS_2020_StateHouse_contested_only_DRA_Tot,X_20_KS_2020_StateSenate_contested_only_DRA_D,X_20_KS_2020_StateSenate_contested_only_DRA_R,X_20_KS_2020_StateSenate_contested_only_DRA_Tot,X_22_2022_Age_by_Sex_Male_U5,X_22_2022_Age_by_Sex_Male_5_9,X_22_2022_Age_by_Sex_Male_10_14,X_22_2022_Age_by_Sex_Male_15_17,X_22_2022_Age_by_Sex_Male_18_19,X_22_2022_Age_by_Sex_Male_20,X_22_2022_Age_by_Sex_Male_21,X_22_2022_Age_by_Sex_Male_22_24,X_22_2022_Age_by_Sex_Male_25_29,X_22_2022_Age_by_Sex_Male_30_34,X_22_2022_Age_by_Sex_Male_35_39,X_22_2022_Age_by_Sex_Male_40_44,X_22_2022_Age_by_Sex_Male_45_49,X_22_2022_Age_by_Sex_Male_50_54,X_22_2022_Age_by_Sex_Male_55_59,X_22_2022_Age_by_Sex_Male_60_61,X_22_2022_Age_by_Sex_Male_62_64,X_22_2022_Age_by_Sex_Male_65_66,X_22_2022_Age_by_Sex_Male_67_69,X_22_2022_Age_by_Sex_Male_70_74,X_22_2022_Age_by_Sex_Male_75_79,X_22_2022_Age_by_Sex_Male_80_84,X_22_2022_Age_by_Sex_Male_O84,X_22_2022_Age_by_Sex_Female_U5,X_22_2022_Age_by_Sex_Female_5_9,X_22_2022_Age_by_Sex_Female_10_14,X_22_2022_Age_by_Sex_Female_15_17,X_22_2022_Age_by_Sex_Female_18_19,X_22_2022_Age_by_Sex_Female_20,X_22_2022_Age_by_Sex_Female_21,X_22_2022_Age_by_Sex_Female_22_24,X_22_2022_Age_by_Sex_Female_25_29,X_22_2022_Age_by_Sex_Female_30_34,X_22_2022_Age_by_Sex_Female_35_39,X_22_2022_Age_by_Sex_Female_40_44,X_22_2022_Age_by_Sex_Female_45_49,X_22_2022_Age_by_Sex_Female_50_54,X_22_2022_Age_by_Sex_Female_55_59,X_22_2022_Age_by_Sex_Female_60_61,X_22_2022_Age_by_Sex_Female_62_64,X_22_2022_Age_by_Sex_Female_65_66,X_22_2022_Age_by_Sex_Female_67_69,X_22_2022_Age_by_Sex_Female_70_74,X_22_2022_Age_by_Sex_Female_75_79,X_22_2022_Age_by_Sex_Female_80_84,X_22_2022_Age_by_Sex_Female_O84,X_22_2022_Education_NoHS,X_22_2022_Education_HS,X_22_2022_Education_SomeCol,X_22_2022_Education_Assoc,X_22_2022_Education_Bach,X_22_2022_Education_Master,X_22_2022_Education_Prof,X_22_2022_Education_Doc,X_22_2022_Income_Expanded_U10K,X_22_2022_Income_Expanded_U15K,X_22_2022_Income_Expanded_U20K,X_22_2022_Income_Expanded_U25K,X_22_2022_Income_Expanded_U30K,X_22_2022_Income_Expanded_U35K,X_22_2022_Income_Expanded_U40K,X_22_2022_Income_Expanded_U45K,X_22_2022_Income_Expanded_U50K,X_22_2022_Income_Expanded_U60K,X_22_2022_Income_Expanded_U75K,X_22_2022_Income_Expanded_U100K,X_22_2022_Income_Expanded_U125K,X_22_2022_Income_Expanded_U150K,X_22_2022_Income_Expanded_U200K,X_22_2022_Income_Expanded_O200K,X_22_Commissioner_of_Insurance_2022_D,X_22_Commissioner_of_Insurance_2022_R,X_22_Commissioner_of_Insurance_2022_Tot,X_22_KS_2022_Amendment_DRA_D,X_22_KS_2022_Amendment_DRA_R,X_22_KS_2022_Amendment_DRA_Tot,X_22_KS_2022_Q1_RulesRegs_DRA_D,X_22_KS_2022_Q1_RulesRegs_DRA_R,X_22_KS_2022_Q1_RulesRegs_DRA_Tot,X_22_KS_2022_Q2_Sheriff_DRA_D,X_22_KS_2022_Q2_Sheriff_DRA_R,X_22_KS_2022_Q2_Sheriff_DRA_Tot,X_22_KS_2022_StateHouse_contested_only_DRA_D,X_22_KS_2022_StateHouse_contested_only_DRA_R,X_22_KS_2022_StateHouse_contested_only_DRA_Tot,X_24_KS_2024_StateHouse_contested_only_DRA_D,X_24_KS_2024_StateHouse_contested_only_DRA_R,X_24_KS_2024_StateHouse_contested_only_DRA_Tot,X_24_KS_2024_StateSenate_contested_only_DRA_D,X_24_KS_2024_StateSenate_contested_only_DRA_R,X_24_KS_2024_StateSenate_contested_only_DRA_Tot,Persons Living Alone,Family Households with Persons Under 18,Owner Occupied Housing,Renter Occupied Housing,Total Persons in Group Quarters,Persons in nursing homes
0,Un,0,0,0,0,0,0,0,0,0,0,0,0,0,0,0,0,0,0,0,0,0,0,0,0,0,0,0,0,0,0,0,0,0,0,0,0,0,0,0,0,0,0,0,0,0,0,0,0,0,0,0,0,0,0,0,0,0,0,0,0,0,0,0,0,0,0,0,0,0,0,0,0,0,0,0,0,0,0,0,0,0,0,0,0,0,0,0,0,0,0,0,0,0,0,0,0,0,0,0,0,0,0,0,0,0,0,0,0,0,0,0,0,0,0,0,0,0,0,0,0,0,0,0,0,0,0,0,0,0,0,0,0,0,0,0,0,0,0,0,0,0,0,0,0,0,0,0,0,0,0,0,0,0,0,0,0,0,0,0,0,0,0,0,0,0,0,0,0,0,0,0,0,0,0,,,,,,
1,1,23705,19954,610,339,166,2461,62,23412,19903,793,516,155,1897,44,18141,15662,349,182,94,1674,42,17893,15791,405,294,118,1247,39,172,104,334,39,10495,2394,7562,10384,2560,7250,8418,2784,5151,8367,2409,5958,8351,2408,5624,8397,2340,6057,9956,2582,7064,11132,2601,8330,11030,2817,7643,7780,1749,5799,7801,2213,5324,7772,2123,5649,7752,1825,5734,7771,1972,5538,10569,2333,8049,0,0,0,2129,7444,9573,690,904,592,521,289,132,163,365,619,681,662,653,676,845,808,340,566,260,392,705,393,259,215,833,795,726,479,278,154,237,246,577,626,809,505,601,900,975,320,514,340,577,482,652,268,349,1705,5361,4620,1681,2076,905,123,47,529,587,443,623,412,590,541,400,418,801,1008,1158,885,448,319,202,1813,5899,7712,2330,3630,5960,3098,4255,7353,1990,5468,7458,1928,5847,7775,2646,7805,10451,2254,8208,10462,2723,3136,7122,2525,268,207
2,2,22863,20465,797,371,181,926,48,22968,20597,762,513,176,737,0,17527,15965,455,204,119,665,34,17763,16582,342,252,103,431,0,161,56,47,0,10146,2857,6649,10033,2901,6569,8718,3787,4293,8615,3065,5550,8613,3181,5063,8620,3190,5430,9957,3214,6379,11245,3257,7764,11168,3579,6976,8176,2229,5701,8196,3166,4767,8128,2857,5271,8122,2351,5546,8127,2586,5250,11163,3107,7846,4231,6833,11060,2792,4639,7431,681,645,771,440,261,180,153,676,574,663,742,707,607,754,715,395,436,369,322,646,350,171,239,707,661,832,343,329,73,126,507,543,645,639,746,580,655,967,278,453,275,384,638,529,251,347,1049,4650,4448,1752,2443,1032,154,66,448,646,501,398,611,434,518,316,432,796,794,1400,860,310,460,325,2398,5774,8172,3396,3550,6945,3515,4152,7667,2249,5496,7745,0,0,0,3335,7588,10923,3401,7544,10949,2530,2986,6971,2294,298,195
3,3,24113,18548,2304,1401,553,1177,187,24092,18938,2694,1224,796,544,107,18783,15076,1390,880,438,867,101,17961,15211,1222,517,531,312,32,379,426,113,32,8163,3097,4425,8145,2925,4780,7080,3619,2935,6985,3198,3787,7001,3299,3399,6994,3248,3746,8094,3412,4321,9102,3828,5015,9067,3904,4647,6382,2642,3534,6401,3249,2943,6353,3061,3292,6353,2738,3416,6365,2817,3265,8812,3691,4968,4190,4883,9073,4134,4853,8987,821,888,655,545,792,438,495,1469,885,726,609,388,588,618,655,295,371,190,202,418,231,230,75,645,582,803,415,838,473,311,834,846,606,549,531,556,614,403,345,263,192,357,494,466,110,305,665,3685,2895,1102,3028,1378,105,272,752,674,956,490,560,462,342,389,415,909,816,1217,534,487,387,359,2644,3651,6295,3475,2461,5936,3068,3026,6094,2267,3821,6088,0,0,0,3481,5261,8742,3867,4820,8687,3266,3056,4610,5018,1301,278
4,4,23030,20376,604,782,203,916,42,23388,20994,689,799,286,528,89,17420,15668,331,493,139,639,28,17609,16141,454,449,169,336,9,309,118,26,9,10053,2001,7535,9962,2023,7342,8316,2563,5124,8275,2197,6078,8238,2050,5826,8237,2212,6025,9806,2268,7191,11207,2340,8663,11136,2580,7939,8124,1578,6275,8185,2349,5476,8128,2168,5960,8109,1661,6126,8073,1766,5914,11089,2219,8684,2747,8295,11042,2472,8558,11030,690,834,714,503,254,157,275,330,616,637,768,638,627,579,747,402,548,342,441,546,322,311,216,668,907,827,464,285,174,137,318,537,609,735,549,640,604,642,533,483,359,443,671,432,289,412,1373,5181,4034,1522,2350,975,152,78,450,576,395,400,583,581,320,467,520,838,909,1504,710,522,509,336,1659,6401,8060,2851,4062,6913,2931,4752,7683,1955,5852,7807,0,0,0,0,0,0,1604,4843,6447,2719,2982,6786,2526,407,134
5,5,23522,20305,1195,596,299,1006,32,24678,21680,1335,326,554,562,35,17912,15843,718,360,192,668,21,18155,16668,608,180,296,368,11,157,253,30,11,10411,3353,6223,11102,3303,6805,9186,4116,4302,9085,3576,5509,9106,3443,5280,9063,3738,5325,10671,3835,6234,12145,4313,7492,12115,4335,6974,9253,3029,5881,9291,4108,4837,9220,4235,4985,9187,3072,5644,9194,3237,5370,12824,4408,8181,1899,4786,6693,4466,7472,11954,662,773,820,516,589,139,149,477,362,648,882,804,788,704,980,210,423,235,530,625,233,165,154,679,695,922,583,340,144,179,376,622,641,708,874,500,762,882,282,687,294,320,605,303,210,202,492,5017,3848,1375,3331,1275,93,194,243,217,152,182,226,197,171,402,246,625,1057,1664,974,657,943,562,3033,5830,8863,5216,3462,8686,4538,4454,8996,3171,5809,8989,475,790,1270,3491,7433,10936,3454,6466,9916,1906,3083,6690,1948,895,182
6,6,23102,20621,779,524,217,769,28,22182,20110,608,844,130,396,8,17395,15813,435,316,130,537,14,17075,15860,418,519,46,209,0,307,27,59,0,10306,2737,6853,10233,2566,7177,8965,3282,4934,8848,2897,5951,8829,2646,5722,8826,2841,5985,10471,3139,6891,12257,3576,8420,12217,3722,7955,9242,2467,6479,9271,3482,5468,9199,3575,5624,9191,2463,6080,9185,2620,5932,12616,3724,8642,448,1042,1489,3522,8901,12424,557,790,924,534,253,314,38,331,429,580,825,592,773,699,954,344,386,334,272,421,282,339,145,455,639,898,496,301,209,72,412,313,575,562,730,780,583,975,409,505,388,370,493,438,409,207,782,4756,3421,1418,3047,1255,338,79,327,166,385,326,289,196,215,309,369,676,892,1212,970,740,1094,765,2642,6736,9378,4256,3971,8228,3843,4872,8715,2733,5964,8694,2879,6082,8960,3566,8576,12137,1926,5034,6961,2203,3184,6682,2174,350,146
7,7,23741,19055,1368,1533,224,1613,23,23212,19725,1207,1210,182,787,14,17649,14646,842,898,137,1091,19,17281,15258,686,736,127,430,0,643,16,60,0,9128,2648,5936,9082,2590,5886,7434,3133,3770,7341,2508,4833,7356,2671,4431,7354,2672,4682,8731,2870,5539,9734,3138,6407,9688,3306,5890,6898,2067,4608,6902,2778,3900,6865,2584,4281,6864,2150,4539,6850,2355,4278,9212,2876,6176,810,2298,3112,0,0,0,866,925,1004,567,279,173,164,369,631,744,707,620,639,564,847,319,475,143,379,567,380,127,198,525,635,832,480,370,89,166,231,650,608,785,633,699,625,813,441,465,369,382,693,347,271,418,1497,4698,3879,2014,2271,920,172,153,391,562,369,482,507,448,419,447,396,843,957,1308,679,637,322,373,2008,4635,6643,3144,3106,6251,3102,3452,6554,2046,4596,6642,0,0,0,2397,6554,8951,3236,5754,8986,2998,3238,6400,3103,635,237
8,8,23313,17659,835,800,3509,368,46,22808,17502,964,1141,2675,215,2,16061,12433,504,518,2269,249,26,15167,12621,648,568,1219,80,0,505,1105,25,0,10496,3978,5761,10318,3185,6763,9898,4694,4573,9784,4049,5735,9847,3966,5596,9752,4031,5721,11237,4655,6175,13484,6171,7106,13489,5882,7138,10118,4142,5752,10147,5264,4745,10048,5294,4754,10056,4229,5703,10006,4246,5136,13369,6175,6986,1270,2064,3342,4894,6394,11300,781,1023,1142,631,253,126,44,310,368,352,729,771,1213,751,1011,251,299,73,195,486,136,92,95,495,750,1047,747,131,14,29,318,330,455,956,837,1111,673,851,403,451,119,168,464,145,168,403,75,944,1795,903,6039,3245,950,419,285,41,54,82,310,42,72,73,64,314,386,537,743,384,989,3455,3931,5929,9860,5403,2998,8401,4367,4111,8480,3680,4724,8408,3982,4399,8383,4560,5081,9643,4999,5450,10450,1032,3803,6299,1212,34,0
9,9,23244,20876,749,464,208,857,49,23446,20639,1173,625,64,797,65,17880,16305,483,283,126,608,30,17574,16052,693,394,36,368,33,348,21,77,33,10208,2432,7076,10108,2248,7297,8416,3162,4595,8332,2288,6044,8327,2357,5589,8283,2533,5750,9917,2655,6880,11278,2748,8319,11207,2966,7558,8249,1779,6209,8268,2836,5080,8189,2768,5421,8169,1879,5914,8178,2204,5587,11022,2553,8249,2409,7982,10388,2999,8153,11146,765,973,665,478,471,212,106,290,667,542,846,506,605,720,1134,392,428,265,467,523,342,290,239,711,591,836,454,292,171,120,310,607,502,727,693,561,710,773,406,608,229,385,741,454,378,345,1470,5765,4230,1587,1859,1059,95,67,270,437,559,364,617,562,397,403,332,760,858,1560,992,481,401,350,1925,6224,8149,3343,3823,7163,3481,4317,7796,2220,5612,7828,2110,6044,8153,69,234,302,0,0,0,2847,3004,7017,2444,477,115
10,10,23042,15371,2242,2187,1304,2240,37,23435,15865,2168,1968,2391,1457,7,18750,12935,1575,1493,1103,1778,27,18739,13975,1495,1434,942,927,0,1120,754,349,0,8714,6077,1827,8759,6187,2127,8469,6821,1207,8312,6403,1909,8411,6672,1485,8380,6816,1564,9135,6868,1873,10269,7896,2126,10257,7774,2017,7926,6030,1648,7971,6603,1188,7901,6670,1231,7841,6003,1596,7853,6084,1453,9811,7516,2142,0,0,0,4614,1441,6053,600,378,424,300,410,809,862,1616,1479,1074,1114,513,665,356,546,191,302,81,180,397,82,113,15,427,525,477,146,752,518,497,1390,859,825,923,523,603,384,437,304,232,176,264,238,183,177,71,700,2730,3024,1155,3360,1616,254,442,624,419,665,365,467,404,408,414,898,1040,1172,1586,1101,233,544,208,5785,1940,7725,6541,1009,7544,5225,1800,7024,4171,2731,6902,0,0,0,239,115,350,7587,2250,9833,3241,2903,4063,5847,828,6
11,11,23072,17074,1905,1855,220,2164,46,22958,17286,2019,1745,317,1564,62,17770,13749,1154,1246,164,1514,33,17146,14093,884,990,78,919,61,788,18,240,61,8650,2075,6061,8531,2106,5754,7195,2319,4344,7193,1670,5523,7195,2008,4933,7134,2117,5017,8405,2204,5875,9724,2543,6981,9665,2548,6632,6852,1644,4995,6948,2150,4604,6811,2098,4713,6820,1651,4982,6821,1834,4760,8894,2284,6450,0,0,0,0,0,0,775,819,832,461,399,175,187,373,484,873,689,541,626,696,842,322,644,293,344,467,367,267,191,620,840,629,523,427,147,75,283,638,705,604,692,553,697,877,445,453,231,532,584,319,330,395,1710,5130,3880,1819,2117,884,116,29,485,603,540,645,501,406,627,453,451,832,1126,971,680,384,302,291,1621,5070,6691,2485,3124,5609,2720,3841,6562,2039,4596,6636,1705,5086,6792,0,0,0,2362,6288,8652,3087,2986,6527,2994,741,211
12,12,23135,19404,1041,573,238,1915,62,22903,19268,1185,483,268,1521,14,17685,15319,594,300,148,1276,26,17427,15409,664,252,260,954,4,169,16,298,4,10414,1690,8223,10339,1728,7916,8464,2137,5530,8421,1480,6941,8417,1944,6170,8364,1707,6657,10037,1811,7866,11656,2021,9448,11588,2171,8910,8715,1355,7080,8752,2158,6269,8598,2091,6507,8666,1435,6985,8671,1671,6699,11251,1939,9147,160,830,990,0,0,0,674,842,837,609,292,63,82,364,619,530,773,610,664,609,812,366,563,423,500,515,364,337,131,512,733,833,438,335,104,120,312,437,554,636,607,589,699,789,269,582,298,400,684,618,326,293,1281,5112,4280,1614,2368,895,57,60,596,318,358,415,558,408,353,360,413,839,1104,1353,807,617,307,378,1404,7155,8559,2880,4263,7144,3168,4997,8162,2345,5881,8222,7,18,24,0,0,0,1687,7876,9562,2696,2944,7498,2026,118,83
13,13,22781,19466,1807,304,202,1033,34,22577,19674,1722,241,80,809,59,17687,15445,1200,159,131,735,21,17053,15450,885,116,22,518,4,57,5,131,4,10075,1983,7473,9971,1766,7607,8191,2752,4697,8114,1713,6401,8106,2224,5598,8052,1993,6059,9643,2143,7125,11028,2343,8476,10995,2667,7741,8717,1533,6918,8717,2641,5794,8641,2419,6222,8670,1654,6758,8698,1966,6336,10438,2162,8116,2801,7773,10578,312,624,947,706,869,659,488,221,174,119,233,589,551,636,653,684,671,722,439,552,263,521,682,393,256,290,575,563,810,439,163,107,127,338,603,536,650,565,562,666,803,319,607,284,436,701,450,361,430,1450,5967,3925,1569,2257,715,80,57,426,525,539,490,513,405,443,480,457,774,910,1168,749,555,374,350,1542,7026,8568,3222,3602,6840,3245,4532,7791,2309,5636,7960,12,24,40,1935,7842,9778,283,401,688,3098,2831,7216,2453,471,194
14,14,22977,18404,1350,1220,1417,456,28,26143,21173,2106,995,1363,282,96,16484,13535,799,766,934,321,16,17899,15524,944,630,617,171,0,478,462,23,0,11292,4418,5727,11128,3852,6727,10705,5389,4360,10583,4873,5710,10661,4629,5745,10573,4837,5736,12018,5374,6047,14155,6974,6894,14172,6743,6843,11178,5043,5862,11214,6272,4729,11096,6364,4732,11107,5101,5820,11051,5174,5279,15163,7640,7271,6266,7727,14008,6861,7173,14047,874,1498,1143,608,361,80,65,337,500,624,940,1046,933,833,703,351,343,264,402,591,144,221,75,741,862,1052,617,183,11,124,279,435,830,954,877,1098,683,757,277,362,342,521,413,333,210,202,455,2171,2739,1200,6040,2725,516,412,184,66,40,64,261,96,193,49,93,195,531,995,1455,821,1563,2013,4873,6048,10921,7177,3855,11030,5931,5115,11046,4892,6142,11032,5706,5516,11224,7674,8100,15773,7708,8108,15814,1301,3531,6955,1061,156,156
15,15,22856,13477,6030,2045,595,770,88,22039,13389,5670,2047,706,654,28,17116,11067,3798,1309,394,527,57,14881,11374,1858,1042,321,179,0,763,295,90,0,7657,2962,3951,7453,2655,4131,6631,3252,2824,6561,3108,3453,6599,2804,3544,6535,3104,3431,7620,3380,3767,8736,4216,4282,8697,4084,3986,5811,2610,2968,5824,3134,2492,5789,3204,2585,5777,2674,2927,5752,2634,2697,8036,3884,3948,3933,4672,8622,4132,4509,8658,670,776,817,593,490,208,107,568,810,849,839,625,634,711,538,261,222,272,455,397,127,216,188,663,972,673,350,446,165,135,604,1011,856,860,608,694,575,461,241,220,179,281,439,429,218,675,2184,3357,3562,1517,2735,1171,142,221,341,330,196,361,544,351,506,369,455,405,997,1208,834,605,604,287,2692,2979,5671,3588,2141,5731,2971,2850,5823,2366,3427,5792,2884,2969,5855,3609,3838,7448,3810,3984,7797,2366,3330,4262,4206,1081,300
16,16,23745,18407,1546,1404,1836,503,28,23247,17880,2112,1224,1784,368,68,18924,15036,1070,1003,1390,374,17,18545,15466,1356,744,890,105,10,676,694,9,10,12564,5464,6020,12362,4764,7063,11842,6468,4635,11713,5773,5940,11774,5632,5834,11666,5754,5912,12928,6270,6106,14516,7697,6530,14543,7460,6459,11146,5459,5374,11168,6591,4395,11058,6686,4372,11087,5522,5377,11023,5521,4787,13714,7409,6058,5334,5409,10750,7751,6912,14676,468,365,612,411,395,47,136,499,850,722,856,612,564,869,750,244,360,173,180,963,232,114,174,593,527,421,346,281,72,136,584,1031,915,754,571,563,917,818,287,452,266,378,683,258,177,385,322,1346,2624,874,6637,3196,646,476,166,195,127,86,161,168,95,252,347,661,783,1436,1196,1237,1284,1744,5244,5568,10812,7467,3787,11254,6352,4731,11084,5321,5702,11024,6232,5288,11527,521,573,1094,7781,6314,14095,3206,2996,6361,3907,34,34
17,17,23226,18561,1345,1429,1243,541,29,23330,18882,1856,970,1347,303,48,18452,15048,955,981,930,415,15,18161,15662,862,689,835,88,0,599,708,5,0,13067,5969,5859,12866,5110,7079,12132,6843,4457,11982,6087,5895,12051,5954,5727,11937,6077,5860,13282,6658,5996,14774,8098,6364,14816,7902,6293,11537,5849,5429,11572,7013,4320,11466,7187,4279,11448,5857,5376,11412,5954,4851,14194,7847,6090,7558,6742,14644,7693,6988,14712,766,615,779,634,213,176,84,447,828,847,985,730,631,678,663,215,438,393,500,661,415,90,118,666,595,663,364,56,67,87,935,715,959,541,930,563,764,768,362,606,379,704,713,317,166,206,387,1978,3089,1604,6099,2865,438,421,284,315,206,97,207,169,211,238,227,738,708,1038,1313,884,1436,1800,5546,5729,11275,7815,3764,11577,6631,4438,11069,5634,5390,11028,5935,4937,11081,7947,4521,12468,3724,3857,7581,2356,3002,6322,3246,2,0
18,18,23693,17814,2682,1490,874,802,60,23723,17879,3201,1534,988,309,45,18731,14669,1762,1012,621,584,41,18460,14919,1784,931,676,148,0,745,608,0,0,12230,5483,5529,11998,5156,5970,10952,6050,4017,10846,5782,5064,10901,5532,4979,10817,5774,5043,12257,6172,5389,13713,7376,5990,13719,7200,5748,10106,5256,4524,10127,6138,3698,10042,6302,3740,10032,5303,4471,10004,5231,4093,12944,7121,5542,6492,5765,12324,6778,6849,13649,627,629,718,381,253,41,122,577,708,855,646,846,514,617,997,312,383,274,566,600,252,258,205,628,601,551,427,223,69,130,484,676,805,657,674,882,783,1015,334,675,357,400,659,340,250,238,868,3753,3478,2050,4430,1553,410,228,269,157,116,177,273,270,200,326,152,747,985,1632,1365,803,863,923,5143,4708,9851,6563,2978,9542,5554,3932,9489,4437,5004,9442,5331,4009,9347,6864,4895,12273,6562,5916,12476,2660,3129,7232,2332,437,363
19,19,24080,20284,1274,1004,914,467,40,25972,22543,1319,783,869,281,0,18388,15800,799,702,648,341,31,19089,17302,790,508,317,162,0,413,278,0,0,13665,7241,5231,13481,6080,6913,13026,8192,3939,12831,7191,5640,12934,7329,5238,12802,7352,5450,14110,8027,5528,15820,9836,5701,15871,9641,5764,13179,7562,5312,13204,8904,4092,13070,9093,3977,13064,7643,5216,13015,7661,4599,15936,9951,5744,2381,1727,4112,8853,6961,15845,532,756,1082,502,312,55,13,548,642,585,866,1087,791,673,594,348,488,463,293,699,430,177,293,755,788,981,487,196,13,60,295,413,767,832,903,615,510,1181,455,476,203,353,631,257,437,526,279,1562,2667,839,6434,3582,1357,268,297,112,150,204,86,421,125,315,179,552,779,1192,1246,892,1118,2241,7094,5912,13005,9711,3110,12822,8218,4492,12711,6916,5662,12578,7646,4881,12537,8598,5340,13942,9313,5880,15193,2793,3369,7273,2631,22,0
20,20,23650,20254,841,618,1393,312,32,24153,21276,1126,285,1017,120,4,18946,16503,557,476,1030,206,22,18620,17069,677,302,479,87,1,259,393,5,1,14775,6970,6700,14564,5470,8592,13671,7649,5178,13509,6628,6881,13579,6677,6579,13467,6706,6761,14833,7423,6882,16169,9009,6907,16212,8792,7021,12798,6470,6066,12816,7832,4784,12692,8061,4631,12709,6534,6006,12668,6620,5388,15629,8922,6471,6456,6317,12783,8094,8042,16153,699,627,682,283,258,109,133,271,805,660,610,991,706,638,1062,480,495,342,644,630,645,326,384,554,708,973,351,128,17,60,423,570,570,1096,605,547,613,1072,617,572,286,714,828,540,336,696,286,1379,2816,754,7454,4016,1661,713,352,79,164,208,190,168,84,91,211,302,698,936,1081,791,1416,3597,6060,6394,12454,8631,3445,12078,7170,5021,12187,6169,5881,12053,6957,5635,12595,8540,6403,14940,8061,7131,15190,3108,2800,7053,2949,784,430
21,21,23871,20219,1569,752,671,550,26,23277,19727,1635,776,840,227,24,18983,16499,1058,463,450,416,11,18223,16193,954,345,508,109,4,237,388,31,4,13599,7668,4701,13365,6730,5998,12710,8510,3349,12525,7770,4755,12615,7762,4423,12511,7831,4680,13762,8383,4778,15164,9854,5041,15176,9802,4836,11688,7368,4041,11715,8384,3128,11602,8482,3120,11591,7409,3974,11557,7360,3516,14482,9527,4753,8537,5097,13650,9037,5963,15028,678,550,674,485,109,29,179,250,1028,805,1110,961,734,561,582,284,395,286,267,346,335,162,474,835,651,753,125,144,95,35,597,1132,935,1061,851,644,593,687,265,549,237,548,525,277,258,529,389,2020,2692,1115,6448,3277,1000,481,225,144,133,312,343,151,469,225,365,617,1144,1700,1303,760,1268,1518,6862,4297,11160,9222,2305,11526,7576,3705,11282,6336,4835,11172,127,111,234,325,261,579,8990,4978,13964,3607,3315,7692,2996,499,415
22,22,23899,16386,3580,2355,976,780,34,22837,16778,3021,2029,1089,695,2,18874,13785,2349,1523,713,554,17,17278,13920,1415,1172,534,224,0,1109,419,13,0,11041,5651,4292,10771,5192,4903,9952,6189,2993,9841,5985,3856,9879,5722,3723,9796,5918,3878,11037,6296,4122,12309,7500,4502,12287,7242,4208,8709,5151,3196,8729,5874,2608,8661,5970,2691,8647,5243,3205,8613,5058,2797,11433,7055,4165,1748,1293,3093,7565,4908,12499,600,420,451,659,457,269,76,977,1304,1253,900,528,647,439,669,394,348,205,301,346,242,174,104,783,646,684,427,114,131,197,555,1210,1038,826,674,723,784,706,161,425,207,327,246,285,235,360,966,2940,3144,1591,5070,1770,443,160,139,201,355,112,285,183,276,272,425,910,1774,1697,1228,810,1064,553,5051,3398,8449,7285,2294,9577,5954,3453,9410,4897,4467,9362,5861,3387,9256,880,714,1591,4763,3115,7882,3943,3336,5468,5209,89,61
23,23,24042,15458,4009,2999,1090,675,39,24908,15071,3959,4788,1888,775,9,18801,12965,2595,1957,844,484,28,17729,12465,1925,2195,1035,76,0,2013,737,0,0,10191,5060,4128,10014,4646,4727,9422,5666,3027,9314,5360,3954,9364,5164,3841,9271,5366,3905,10444,5789,4093,11887,7131,4444,11839,6873,4262,8456,4700,3432,8477,5518,2737,8407,5572,2835,8381,4768,3410,8366,4723,3046,11108,6636,4233,6347,4848,11626,6917,4836,11765,910,994,665,270,251,223,199,883,1261,1061,912,864,626,718,630,228,451,154,282,291,238,350,102,1095,860,677,316,489,132,124,690,1075,1176,1005,611,514,598,608,322,484,234,362,636,375,186,311,1075,3364,4015,1134,4906,1678,209,271,410,314,157,403,336,408,292,373,533,988,1369,1453,1470,854,753,455,4612,3613,8225,6217,2432,8652,5153,3413,8563,4267,4218,8483,331,233,570,295,188,493,1929,1455,3383,3350,3328,5113,5241,353,277
24,24,23314,16212,3528,2031,927,715,40,23343,16490,3817,1966,721,912,84,19121,14076,2390,1375,741,553,35,18258,14320,1843,1509,414,157,0,1401,314,27,0,10789,5823,3872,10531,5357,4465,9657,6357,2588,9543,6180,3363,9595,5929,3248,9517,6136,3381,10832,6533,3706,12195,7853,4067,12178,7654,3761,8776,5415,3068,8792,6148,2420,8724,6180,2544,8689,5524,2948,8673,5385,2642,11507,7307,3975,51,32,85,7484,4664,12178,870,540,422,432,295,56,57,920,1547,1153,911,660,902,427,700,306,340,410,231,386,156,192,112,481,538,495,344,296,131,209,616,1486,836,633,648,491,488,691,246,331,242,380,869,305,240,281,984,3173,3786,1401,4337,2117,471,337,548,218,389,390,418,552,493,381,406,1244,1405,1943,906,809,738,495,5283,3252,8535,6982,2091,9069,5795,3082,8873,4634,4197,8828,501,336,837,7288,4055,11366,4529,2493,7026,4595,3033,5525,5742,281,229
25,25,24050,19969,1910,716,876,435,45,24514,20596,2080,598,906,215,4,19119,16353,1281,461,584,317,22,19016,16710,1245,417,535,55,4,288,394,0,4,14132,8152,4712,13919,6856,6450,13647,9166,3546,13409,8281,5128,13527,8412,4732,13399,8354,5045,14519,8949,4993,15971,10652,5043,16064,10548,5066,12750,8036,4453,12781,9192,3389,12630,9389,3241,12622,8081,4317,12583,8019,3880,15363,10323,4797,486,438,925,9524,6244,15799,811,642,664,361,96,94,82,334,805,1039,944,581,797,613,629,260,481,249,508,531,219,256,196,794,802,556,231,321,20,52,976,1027,999,925,826,625,609,858,208,633,297,285,547,460,398,355,201,1424,3051,783,6732,2878,1539,550,280,288,177,142,189,190,267,162,249,565,786,1481,1208,769,1291,2290,7538,4820,12358,10195,2427,12623,8351,4049,12402,7017,5272,12290,0,0,0,9763,5399,15166,10117,5229,15348,3255,3290,8182,2312,75,71
26,26,23543,18875,1446,1168,1266,646,24,26074,21375,1958,837,1286,383,35,16498,13556,864,718,803,455,15,17629,15545,855,298,714,199,0,294,588,5,0,9499,3161,5411,8529,2580,5284,8784,3964,4066,8698,3693,5005,8733,3344,5035,8666,3690,4976,10183,3986,5646,12857,5368,7204,12836,5201,6941,9922,3844,5808,9940,4820,4878,9851,4877,4974,9831,3883,5674,9799,3901,5288,14841,6277,8302,4768,7421,12204,4827,7471,12321,452,1098,1025,787,348,182,119,335,488,628,1215,1205,890,999,567,330,300,63,256,323,179,74,66,870,961,1170,566,244,114,57,357,451,683,1224,1112,903,746,944,124,348,238,191,276,166,72,146,434,2416,2577,1452,5085,2701,265,246,125,213,53,61,127,92,118,131,44,414,584,1016,1181,970,1691,1394,3810,5866,9676,5318,3310,8625,4354,4408,8762,3421,5334,8752,3597,4990,8590,768,1153,1917,5589,7489,13071,1242,3727,6797,1175,85,85
27,27,23335,18888,950,729,2173,507,31,23553,19415,927,496,2264,161,83,16988,14150,575,475,1367,365,10,16982,14890,602,154,1099,146,0,150,939,43,0,11816,4199,6699,11619,3383,7685,11165,4968,5446,11064,4374,6690,11132,4154,6210,11037,4366,6671,12549,4971,7082,14843,6527,8044,14843,6367,7954,11721,4555,6889,11731,5688,5856,11630,5810,5820,11634,4613,6818,11592,4574,6267,15708,6953,8475,4324,7629,11960,5456,8830,14299,417,999,1113,526,279,210,86,310,381,389,782,799,984,893,1177,405,324,234,363,528,280,74,139,407,657,1201,692,241,82,74,330,184,456,926,620,832,964,950,287,425,326,284,523,173,195,87,304,1728,2174,881,5879,2516,928,595,45,5,58,199,50,17,88,83,181,316,379,900,628,661,1406,2917,4370,7054,11424,6812,4168,10981,5516,5788,11300,4647,6575,11220,4703,6459,11168,5562,8218,13780,6347,8692,15043,1042,3547,7168,768,64,0
28,28,23453,16828,996,963,4190,367,19,24100,16770,840,1649,4811,187,34,18211,13535,657,663,2986,261,15,16783,13941,437,905,1431,50,4,901,1372,0,4,11770,4970,5930,11588,3916,7309,10881,5607,4609,10773,4921,5852,10818,4851,5682,10739,4917,5822,12037,5522,6099,13561,6929,6420,13590,6730,6456,10365,4734,5436,10379,5789,4459,10301,5973,4328,10302,4820,5360,10248,4798,4880,13137,6793,6145,6433,7058,13510,6300,7291,13614,610,699,759,330,161,91,93,384,1004,814,700,758,786,889,842,209,448,432,233,376,372,215,98,652,601,567,574,181,71,72,403,847,651,650,800,515,1069,927,343,341,448,689,458,427,208,163,245,1183,2165,686,6752,4070,1137,475,273,94,151,98,266,224,146,187,144,556,801,1363,1025,736,1385,2894,4470,5636,10106,6299,3008,9306,5069,4277,9350,4357,4915,9268,4927,4980,9918,6001,6208,12212,6110,6333,12444,2657,3098,5584,4041,6,0
29,29,24071,16784,1889,1679,3155,463,42,25208,17237,2107,2594,2786,404,16,19417,14070,1318,1216,2377,361,27,18830,14778,980,1508,1240,141,4,1390,1135,5,4,11913,5765,5111,11671,5049,6080,10889,6420,3726,10782,5892,4890,10849,5791,4715,10784,5958,4826,11996,6421,5044,13378,7806,5300,13388,7628,5157,9907,5381,4257,9922,6354,3369,9842,6468,3374,9847,5502,4179,9830,5446,3714,12709,7610,4904,7967,7021,14995,8087,7010,15110,992,538,688,302,175,161,168,729,1239,861,856,891,599,487,727,402,471,237,386,466,267,213,203,640,624,494,491,427,210,163,882,1011,946,875,764,654,671,688,317,591,296,667,872,386,379,257,351,2187,3622,1028,6055,3309,641,476,327,373,188,262,559,489,486,429,397,614,1279,1570,1315,1004,1324,1084,5217,4418,9635,7771,3190,10961,6554,4513,11065,5494,5472,10966,6442,5268,11719,2397,2315,4712,8665,6413,15076,3787,3148,5361,5565,8,0
30,30,23578,16253,3470,2009,1343,615,74,22931,15824,3630,2335,1080,301,20,17579,12772,2140,1287,939,460,49,15919,12640,1270,1348,518,84,14,1293,374,12,14,9837,4027,4921,9668,3454,5677,9180,4661,3759,9101,4282,4819,9134,4081,4796,9065,4260,4805,10417,4776,5133,12323,6179,5857,12360,6007,5756,8975,4110,4644,8998,5050,3749,8922,5131,3791,8923,4150,4609,8892,4170,4205,12056,6108,5722,5826,6375,12213,5953,6277,12246,568,631,641,555,412,100,113,448,805,644,678,782,726,872,661,316,413,224,328,270,235,56,119,482,715,577,328,348,61,130,468,636,601,976,608,907,818,643,280,507,244,296,348,189,263,316,711,2816,2657,924,4449,2192,525,490,301,180,99,185,292,225,241,338,306,586,864,968,929,714,1023,1645,3958,4808,8766,5662,2889,8554,4653,3812,8465,3804,4605,8415,4166,4194,8364,6901,7005,13907,4256,4437,8696,2249,3502,5220,3741,289,0
31,31,23924,10087,9250,3382,856,1003,62,24289,9548,9230,4434,1305,1004,89,18508,8891,6306,2224,699,757,39,15718,8477,4532,2179,211,234,22,1794,151,110,22,6299,4021,1753,6080,3826,1786,5720,4108,1131,5641,4201,1440,5642,4017,1372,5620,4179,1441,6549,4483,1717,7811,5452,2183,7771,5302,1948,4521,3074,1272,4544,3375,1044,4503,3395,1108,4477,3089,1242,4487,3058,1138,6549,4392,2044,5080,1941,7051,5488,2162,7652,957,821,657,459,266,53,183,669,1423,1162,862,955,731,803,554,488,319,170,345,225,168,96,196,600,682,729,460,131,238,218,755,1274,837,652,645,570,541,610,243,481,408,255,254,247,175,89,2054,5855,2996,974,2564,917,312,107,810,376,458,488,623,674,441,432,582,839,1215,1037,854,581,358,238,3075,1348,4423,3764,952,4716,2829,1753,4586,2047,2552,4597,3466,1348,4835,4632,2115,6747,4680,2149,6825,3678,3357,4185,5786,506,491
32,32,23900,4469,14764,2657,1753,816,80,22280,4170,13706,3057,1580,1020,122,16430,3876,9399,1786,1110,593,44,10283,3593,4252,1589,590,243,0,1418,442,4,0,3691,2534,894,3517,2314,969,3172,2356,571,3094,2365,729,3091,2271,713,3057,2350,707,3681,2650,874,4427,3239,1111,4370,3129,941,2347,1596,668,2350,1754,534,2323,1772,551,2296,1587,652,2306,1594,559,3746,2600,1084,2552,820,3380,3234,1014,4247,904,963,1407,873,431,316,125,735,754,1003,1185,819,747,609,665,189,334,157,248,222,136,65,57,788,928,851,568,328,101,42,397,792,727,886,742,627,509,489,217,280,80,160,205,167,41,191,4724,3973,2102,898,1043,438,129,6,547,563,386,401,511,443,418,466,356,814,724,808,532,265,162,139,1606,665,2271,1911,570,2481,1385,959,2343,973,1371,2343,142,72,216,2823,1018,3841,1523,666,2188,2009,3746,3751,3974,442,0
33,33,24314,15923,4312,2699,565,914,56,23636,14372,4730,2930,1075,501,83,18369,12876,2689,1747,373,674,30,16495,11950,2212,1779,359,199,0,1518,301,61,0,8472,3549,4250,8196,3533,4063,7122,3775,2723,6981,3720,3261,7013,3507,3203,6925,3687,3238,8447,4030,3956,10040,4864,4944,9953,4771,4438,6538,3000,3301,6595,3579,2809,6520,3620,2900,6458,3042,3219,6443,3001,3016,9546,4480,4913,3572,3690,8120,4936,4890,9824,681,1005,871,460,180,128,152,502,672,803,729,627,692,833,704,447,337,174,428,482,303,124,53,726,563,886,602,451,156,60,385,744,955,779,587,959,889,836,237,412,302,210,544,273,299,228,1889,5364,3013,1648,2524,918,199,116,351,212,323,276,233,295,384,317,298,813,977,1706,1184,596,650,419,3030,3270,6300,4106,2025,6135,3084,2869,5954,2086,3869,5957,2953,3249,6367,3941,5060,8998,4173,4746,8916,2622,3639,5846,3664,228,215
34,34,24230,4050,9704,8874,1340,819,168,21469,3755,8200,8014,1677,752,141,16872,3469,5813,6433,894,593,103,12542,3326,2763,5520,890,175,0,5100,825,25,0,5603,4571,784,5354,4218,894,4621,3794,515,4554,3911,643,4531,3782,623,4537,3897,640,5354,4381,789,6089,4990,1018,6001,4752,881,3321,2605,627,3340,2728,514,3294,2728,566,3249,2565,610,3263,2544,547,4978,3805,1087,521,97,618,4948,978,5929,1376,933,1008,261,371,296,139,276,830,706,648,431,709,677,523,206,390,342,153,296,259,72,45,933,953,725,460,366,327,194,433,871,719,694,825,549,647,634,184,415,174,187,481,214,177,184,3574,3608,3219,973,1179,597,54,33,767,678,395,657,481,535,451,305,251,651,796,964,489,228,348,174,2556,695,3251,2406,517,2924,1693,1463,3150,1083,2088,3167,2693,714,3412,179,69,248,0,0,1,2530,3795,3930,4337,916,36
35,35,24209,4695,7443,10657,1226,786,79,24648,4178,10069,9201,1367,1415,35,17355,3976,4510,7904,748,532,50,14564,3585,3077,6790,752,297,151,6388,744,22,151,7073,5652,1100,6715,5204,1161,5737,4530,758,5648,4686,962,5612,4527,922,5592,4629,963,6632,5302,1074,7436,5968,1362,7330,5705,1176,4227,3272,813,4250,3481,634,4180,3491,689,4133,3226,788,4140,3237,689,6132,4653,1379,4962,1128,6105,5989,1317,7304,807,853,994,486,396,130,56,518,650,653,831,1097,869,586,633,299,284,246,431,399,280,145,109,1273,769,991,540,311,120,125,359,1016,712,762,700,623,665,606,339,391,296,301,711,328,235,364,3318,5159,3577,1397,1437,504,96,67,513,801,546,294,540,370,458,295,529,938,889,1192,677,305,361,189,3245,861,4106,2940,710,3649,2064,1857,3926,1241,2707,3950,3308,856,4176,119,97,217,21,16,37,2691,3937,5123,3642,441,132
36,36,23783,12739,2904,5833,1838,701,30,26903,13693,3895,6841,2372,1271,174,17750,10179,1771,4290,1066,508,23,18397,10267,2086,4662,984,312,0,4184,981,41,0,10016,5394,3951,9675,5148,4012,9004,5589,2789,8831,5437,3394,8834,5192,3338,8724,5447,3277,10194,5885,3863,11925,6954,4753,11828,6849,4319,8148,4467,3412,8191,5266,2728,8101,5283,2818,8027,4502,3302,7997,4679,2931,11299,6328,4828,7253,4349,11619,6950,4707,11658,945,806,1027,646,399,81,96,463,905,933,941,870,725,628,936,365,373,285,549,325,357,82,107,892,1079,1150,506,216,164,118,483,872,871,947,1010,647,587,979,424,551,427,309,594,454,328,209,1613,4706,4102,1948,3055,1724,240,212,220,167,247,129,287,271,455,400,254,685,1064,1032,1279,985,925,810,4465,3442,7907,5341,2144,7485,4188,3379,7568,2849,4772,7624,4845,2934,7789,6442,4257,10700,3989,3122,7109,1914,3362,6625,1944,247,205
37,37,23201,9891,7233,4653,906,887,81,22760,10055,7189,3662,1269,967,12,17035,8201,4553,3212,569,648,54,14631,8408,2485,2837,588,336,0,2519,561,87,0,7199,4081,2592,6912,3961,2475,5958,3748,1672,5847,3868,1979,5848,3638,1965,5790,3816,1974,6968,4204,2395,8041,4884,3002,7964,4733,2595,4974,2824,1978,4998,3205,1612,4945,3227,1718,4885,2818,1906,4877,2789,1733,7309,4200,2983,2729,1266,4192,4987,2829,7813,751,706,1101,556,143,75,201,380,963,832,577,628,574,623,850,352,357,192,342,296,365,174,55,771,944,1125,406,295,138,95,455,557,991,736,637,564,687,616,223,454,204,287,571,408,325,181,2734,5357,3070,1040,1655,620,84,50,356,271,487,461,408,602,261,342,335,724,898,1092,631,424,286,253,2813,2014,4827,3046,1146,4187,2142,1981,4120,1391,2769,4161,2700,1687,4406,3985,2377,6364,3148,2202,5357,2209,3569,5420,3054,206,33
38,38,23097,19293,1409,1133,520,694,55,24459,20570,1900,1273,202,451,0,17364,14935,823,712,324,481,36,18227,16218,1070,580,133,199,0,477,101,39,0,11034,3536,6756,10966,3513,6903,9835,4230,4888,9730,3824,5906,9760,3642,5791,9679,3814,5865,11380,4133,6747,13405,4825,8288,13324,4874,7733,10181,3370,6520,10197,4556,5323,10139,4629,5510,10088,3496,6311,10075,3602,5894,13821,5050,8515,4932,7392,12327,5205,8022,13226,687,671,882,524,268,171,187,444,547,550,861,834,662,871,795,260,571,472,308,433,201,173,337,530,773,1096,530,296,59,69,344,580,482,962,835,707,744,793,265,534,219,426,579,336,300,286,835,3899,3596,1522,3562,1901,392,183,445,33,183,191,138,229,162,151,306,412,465,1166,1214,1064,1413,1095,3356,6607,9963,5070,3759,8833,4425,4768,9184,3379,5876,9259,375,526,889,4055,8339,12395,4749,7729,12482,1529,3144,7218,1228,61,61
39,39,22663,17945,1326,1671,1128,517,42,23555,19344,1622,1555,614,368,0,16239,13143,855,1040,795,322,30,16526,14088,1047,823,385,82,0,811,320,6,0,11070,4398,5650,10902,3869,6434,10115,5123,4251,9993,4575,5418,10031,4369,5337,9945,4578,5367,11489,5090,5860,13428,6391,6745,13395,6182,6643,10007,4483,5276,10026,5465,4351,9929,5608,4321,9921,4487,5219,9862,4498,4785,13568,6656,6682,5976,7150,13245,5804,7539,13357,719,1167,970,646,156,331,63,606,613,763,623,743,952,1028,702,103,366,238,187,299,141,108,117,613,864,909,752,356,58,85,393,440,654,898,1021,858,932,479,242,382,189,137,249,355,109,383,380,1490,2537,1242,5377,2683,447,153,149,214,50,5,195,111,113,108,149,313,289,1154,1137,379,1540,1960,4250,5458,9708,6916,3760,10682,5532,4887,10420,4461,5901,10365,5134,5568,10712,6729,7596,14340,6575,7924,14499,1266,3649,6215,1625,0,0
40,40,23973,16872,1812,3826,749,901,122,23020,16251,1919,3470,905,715,269,18632,13530,1180,2839,503,619,84,16925,12543,1238,2330,308,336,119,2021,229,36,119,8523,3229,4542,8548,3098,4936,7331,3461,3262,7308,3242,4066,7318,3105,3917,7279,3285,3994,8629,3600,4545,10078,4346,5412,10081,4294,5072,7257,2828,4208,7276,3638,3369,7226,3667,3559,7226,2905,4078,7199,2992,3760,9896,4260,5413,4452,5274,9726,5242,4804,10050,650,775,908,484,367,168,209,360,983,1037,1096,864,825,948,783,223,472,333,432,534,177,202,120,691,759,601,463,192,128,97,257,499,619,830,368,613,641,775,354,379,172,593,348,316,276,270,1118,4473,3316,1125,3483,2255,205,121,515,140,196,348,198,165,276,334,338,382,693,1043,901,647,1020,876,2838,4316,7154,4399,2734,7135,3610,3697,7311,2716,4608,7323,2967,3603,6575,427,570,998,4752,4857,9609,2065,2996,5235,2786,3107,134
41,41,23430,16108,2037,3649,702,968,138,23463,16489,1986,3802,931,716,43,17523,12337,1381,2610,405,713,87,17665,12693,1289,2871,398,422,21,2432,286,123,21,5759,2076,3128,5754,2065,3269,4767,2263,2047,4761,2171,2590,4754,2036,2453,4743,2176,2567,5716,2347,3049,6828,2840,3762,6774,2819,3423,4569,1807,2587,4578,2295,2066,4557,2315,2242,4529,1843,2480,4527,1913,2284,6501,2624,3718,2487,2830,5315,3590,3171,6760,1066,1098,611,273,273,193,96,777,1009,1237,1514,779,975,845,888,201,313,164,295,212,326,102,36,875,697,657,378,196,149,184,694,475,876,1117,452,489,480,762,251,215,160,175,301,305,279,117,1215,4462,3369,1468,2692,1800,143,201,318,392,301,252,610,452,269,263,322,676,904,1016,673,619,590,369,1827,2675,4502,2568,1538,4103,2157,2172,4332,1515,2853,4364,2066,2171,4239,2941,3277,6220,2754,2378,5131,2517,3213,3452,4692,2826,0
42,42,23075,19795,1183,682,320,1036,46,23492,20443,1222,715,236,959,19,17279,15181,671,384,196,719,34,17886,16246,918,238,109,289,4,136,52,69,4,9972,3367,5739,9939,3539,5781,8823,4221,3847,8744,3800,4944,8779,3774,4664,8728,4002,4726,10234,3989,5693,11999,4467,7191,11974,4510,6626,9099,3272,5515,9114,4331,4428,9060,4389,4671,9031,3364,5321,9017,3465,5001,12188,4400,7548,770,1455,2229,4417,5839,10258,648,1056,857,562,239,129,144,472,491,632,721,953,720,779,1179,209,387,241,301,395,297,168,71,620,678,658,523,239,45,208,233,640,787,898,697,629,677,877,313,370,208,796,341,337,129,235,902,5160,3213,1029,3251,1656,208,97,314,111,206,224,265,236,155,309,195,747,611,1192,1262,1094,686,824,3208,5706,8914,4945,3230,8173,4177,4059,8236,3112,5196,8308,18,41,62,3704,7698,11396,3732,6797,10529,1823,3218,6539,1960,367,167
43,43,23744,18506,2119,1554,602,865,76,25263,18817,3013,2496,397,561,24,16540,13336,1261,906,352,550,46,17181,14320,1495,968,144,243,15,879,68,32,15,8634,2706,5014,8459,2283,4856,7286,3219,3410,7207,2994,4213,7231,2756,4150,7172,2989,4183,8869,3239,4947,10875,4193,6333,10808,4061,5853,7280,2646,4361,7313,3358,3735,7238,3382,3856,7251,2660,4337,7219,2672,4025,11162,4169,6763,3678,6798,10497,4165,6522,10701,1183,930,974,550,419,72,53,474,1021,1088,1157,866,752,580,772,296,342,97,121,326,175,54,69,963,1174,907,523,217,131,178,403,945,860,970,878,677,536,609,197,442,346,138,487,238,120,128,696,4079,3855,1686,3434,1382,118,49,142,132,83,302,159,236,185,252,283,536,756,1350,1142,979,998,523,2633,4499,7132,4167,2793,6956,3461,3735,7196,2568,4639,7203,2959,4038,7000,386,796,1185,4262,6999,11266,1580,3874,5512,2490,884,110
44,44,24346,18079,1694,1830,1747,1227,49,24943,18292,2142,1768,1718,1044,0,19733,15006,1252,1256,1446,902,39,18962,15178,1104,1080,870,664,4,790,533,252,4,11712,7869,2953,11783,7418,3927,11656,9092,2001,11425,7852,3573,11564,8697,2605,11525,8810,2715,12283,8689,3141,13566,10021,3232,13582,9881,3181,10642,7581,2805,10688,8586,1954,10565,8702,1863,10533,7511,2774,10508,7717,2387,12742,9582,2984,0,0,0,2596,910,3505,1018,567,584,343,222,438,665,1099,1266,949,890,582,475,625,587,104,265,239,193,519,239,347,144,753,915,506,267,436,456,715,1287,949,985,996,424,637,867,492,118,364,307,364,551,262,486,417,682,2896,2309,729,4777,2576,583,1103,919,259,713,496,868,517,322,681,362,976,894,1077,1050,653,1023,1035,7044,3328,10372,9074,1672,10747,7596,2677,10270,6066,4042,10105,0,0,0,0,0,0,9201,3121,12323,3822,2967,5130,5861,141,118
45,45,23558,18322,1423,1512,1470,949,34,23791,17914,1458,1728,1861,759,0,18484,14795,974,1024,1059,673,21,17781,14383,742,1137,1019,470,5,778,504,35,5,10618,6513,3258,10689,6094,4207,11023,8096,2374,10819,6751,4068,10918,7583,3080,10881,7705,3176,11766,7712,3641,13707,9470,3942,13706,9343,3923,11466,7641,3565,11539,8840,2512,11437,8961,2476,11346,7593,3486,11341,7841,3117,13891,9607,4066,0,0,0,629,242,872,341,803,699,527,183,82,80,755,817,474,871,887,586,723,513,274,253,262,377,353,468,179,92,500,986,808,355,163,66,161,850,731,659,970,828,716,521,551,140,518,400,334,523,570,252,174,346,2271,2268,761,4453,3195,785,937,769,205,124,349,252,202,341,371,410,871,602,1092,1054,616,1328,1469,7038,4144,11182,9316,1949,11265,7929,2932,10864,6254,4456,10713,0,0,0,226,180,406,9524,4248,13772,3420,3182,5556,4843,115,104
46,46,23753,17736,1838,1877,1305,1108,57,24254,18552,1760,1827,1283,1184,41,20942,16029,1431,1442,1170,840,42,21241,17116,1317,1213,743,718,15,969,516,306,15,7569,5919,972,7611,6034,1220,7646,6715,605,7505,6389,1116,7608,6633,777,7574,6703,871,7881,6538,1041,8465,7120,1165,8480,7042,1089,6282,5334,820,6325,5679,554,6274,5715,559,6234,5296,779,6232,5352,698,7752,6554,1082,0,0,0,1013,265,1278,219,281,345,186,2215,1120,1087,1350,673,1017,590,503,485,359,303,165,85,184,219,191,59,64,43,448,326,308,240,2359,1276,1078,1020,1158,753,353,351,411,408,312,125,95,459,132,183,87,53,139,406,1592,1791,397,3529,1601,222,410,1107,554,327,399,422,342,364,449,264,594,891,858,757,318,318,523,5078,1062,6140,7109,659,7775,5784,1436,7223,4812,2335,7147,0,0,0,1,1,2,6295,1073,7367,3562,1899,2687,5733,6410,13
47,47,22746,20236,745,330,175,1105,54,22053,19740,747,559,239,652,27,17473,15819,432,189,117,771,32,17402,16206,373,195,199,440,4,123,48,162,4,10783,3474,6546,10854,3375,6957,9984,4538,4460,9852,3488,6364,9867,4311,5210,9843,3925,5918,11089,3993,6595,12548,4420,7826,12546,4576,7302,9953,3017,6644,9987,4592,4982,9886,4419,5467,9844,3233,6253,9843,3602,5735,12788,4214,8329,2186,6109,8293,1843,2693,4536,524,675,701,551,260,74,46,375,610,695,716,682,710,839,910,304,548,261,625,654,444,297,127,545,639,692,485,200,32,35,491,462,633,612,597,684,694,1008,329,769,312,442,565,425,265,259,682,5804,4014,1378,2753,1433,216,140,293,159,151,319,382,386,302,223,360,712,1254,1204,1249,848,873,607,2779,6980,9759,5068,3813,8878,4783,4626,9407,3489,5944,9432,0,0,0,4092,8170,12264,3270,5477,8748,2056,2859,7510,1405,191,148
48,48,23506,16626,1308,1152,3877,416,50,24106,17409,1204,838,4434,179,69,17567,12966,828,752,2638,289,31,16541,13374,874,408,1723,123,0,388,1695,57,0,11464,4875,5625,11268,4099,6684,10657,5635,4319,10554,4984,5570,10604,4933,5326,10534,5013,5521,11860,5606,5780,13610,7157,6249,13629,6889,6236,10150,4811,5108,10191,5953,4107,10104,6036,4068,10100,4999,4977,10058,4936,4501,12839,6905,5735,5965,6396,12367,6119,6316,12445,780,831,866,892,309,120,135,288,602,658,859,676,1062,835,787,222,344,343,282,317,307,308,202,700,725,988,640,253,49,79,461,624,734,833,669,799,1046,742,348,424,243,303,657,399,461,391,317,1699,2128,957,6617,3518,793,441,164,94,79,102,118,136,124,159,119,557,618,1012,1117,786,1337,2416,4674,5239,9913,6560,3173,9733,5209,4350,9560,4404,5087,9491,4971,4712,9684,6098,5639,11740,6335,5754,12087,2016,3482,6173,2658,93,93
49,49,23860,17484,1715,1599,2416,547,49,23881,17495,1741,2115,1828,625,36,17638,13370,1117,1026,1658,368,35,17168,13657,955,1154,1150,231,5,948,1140,36,5,11224,4531,5682,10967,3919,6463,9986,5134,4144,9874,4734,5140,9940,4344,5342,9849,4639,5210,11362,5225,5607,13061,6617,6173,13075,6451,6044,9555,4444,4867,9595,5377,4034,9485,5446,4039,9500,4454,4885,9449,4500,4375,12854,6566,6029,5117,5507,10629,6205,6764,12985,718,761,753,511,311,81,99,292,717,1002,925,886,493,1006,783,186,436,177,269,261,233,104,53,738,874,842,464,182,140,129,489,791,810,903,694,640,1065,651,237,317,218,114,311,345,149,120,218,1705,2831,814,6354,2176,433,352,220,93,43,264,89,208,104,140,175,316,479,969,1204,1044,1453,1776,4331,4999,9330,5907,3055,8963,4641,4107,8747,3871,4833,8702,4472,4360,8834,5069,4881,9945,5582,5663,11245,1885,3718,5950,2891,38,38
50,50,23076,20092,1108,541,282,1028,39,23232,19966,1097,1075,697,1035,353,17361,15478,676,283,178,692,22,17474,15574,727,447,199,492,0,259,127,140,0,11865,3732,7084,11724,3364,7870,10982,5397,4671,10849,3319,7530,10831,4731,5781,10748,3566,7182,12070,4275,7223,13448,4798,8291,13421,5034,7741,10762,3199,7252,10824,5341,5166,10705,5107,5598,10627,3559,6733,10641,4140,6074,13342,4641,8425,3039,9265,12313,4332,8953,13294,662,716,898,616,314,85,112,223,371,749,747,802,651,798,884,274,414,316,339,712,327,131,256,544,724,1011,467,254,51,102,215,684,654,762,691,654,953,684,227,520,414,358,497,221,204,177,577,4736,3438,1607,3329,1472,205,112,257,91,85,350,335,119,166,306,264,692,886,1362,1538,808,766,588,2634,7958,10593,5906,4432,10339,5227,5019,10242,3652,6657,10308,0,0,0,4395,8658,13067,4353,8476,12841,1733,3038,7402,1293,242,88
51,51,22839,19533,1388,697,450,778,51,22807,19043,2006,721,461,1009,64,16750,14753,791,365,269,493,34,16255,14488,892,344,189,310,30,301,55,36,30,9791,2594,6338,9878,2087,7256,9026,3773,4230,8900,2631,6269,8900,3218,5281,8838,2575,6263,10203,3100,6565,11861,3704,7825,11847,3831,7410,9501,2409,6817,9537,4172,5033,9417,4050,5367,9379,2719,6301,9384,3224,5746,11933,3759,7914,124,197,321,3389,8147,11539,858,797,947,630,260,68,219,327,682,703,898,831,695,583,526,423,471,269,308,436,249,190,195,831,854,759,422,125,113,64,310,676,883,723,553,607,609,659,297,448,252,347,501,269,171,337,677,3747,3186,1822,3565,1334,195,258,221,228,245,448,213,262,203,231,273,626,798,1260,1223,751,746,517,2218,6311,8529,4461,3971,8432,4375,4489,8863,3244,5648,8894,2,2,4,3006,7075,10078,3367,7983,11343,2105,3186,6858,1882,312,178
52,52,23602,19008,1577,1373,1055,644,44,23054,18940,1432,1214,949,581,33,18247,15214,987,843,721,463,27,17547,15130,830,756,544,221,2,657,480,7,2,12886,5177,6568,12772,4328,7982,12142,6645,4679,12030,4284,7746,12040,5865,5860,11948,4773,7175,13078,5630,6908,14312,6687,7323,14371,6730,7161,11552,4436,6829,11597,6536,4865,11472,6475,4997,11431,4673,6485,11453,5314,5743,13968,6695,7058,6182,7956,14147,5311,8914,14256,663,743,1046,444,134,68,100,230,391,472,528,871,693,675,662,334,567,385,516,597,492,205,218,565,876,726,504,175,150,260,201,459,496,937,621,694,576,708,258,731,547,743,649,532,364,329,212,2833,3534,1116,5237,2259,688,385,397,177,83,249,300,240,221,240,282,907,912,1421,1220,731,1226,1209,3297,8083,11380,7235,4103,11339,6169,4953,11122,4525,6517,11042,4986,6425,11424,6086,7639,13734,4955,8820,13803,2525,3062,7609,1992,293,227
53,53,23144,16949,2237,2651,768,903,48,21648,15538,2853,1755,878,798,98,18712,14533,1446,1656,566,634,31,16914,13569,1500,1074,321,458,23,863,296,77,23,10693,5031,4639,10565,4492,5587,9825,5926,3081,9712,4343,5369,9728,5526,3875,9672,4681,4991,10699,5428,4746,11748,6407,5049,11725,6386,4767,9058,4174,4591,9083,5761,3078,8997,5666,3331,8953,4427,4233,8975,4901,3671,11138,6048,4874,6326,5204,11548,5850,5715,11588,728,797,487,385,179,97,99,488,885,839,871,381,461,490,650,236,366,234,394,418,424,194,332,551,562,761,250,206,53,68,569,638,992,806,435,587,707,920,298,461,316,432,668,767,620,421,948,4603,3637,1422,3634,1436,346,210,727,401,451,342,476,318,530,396,659,870,1438,1324,992,431,634,494,3434,5508,8942,6136,2786,8921,5159,3545,8704,3664,5031,8695,4949,3989,8952,5555,4738,10880,5234,5629,10888,4694,2980,5647,5443,590,412
54,54,22912,19831,1221,779,248,842,28,22013,18994,1521,660,197,431,5,17299,15473,683,374,145,565,15,16515,14998,827,323,93,280,0,203,15,43,0,11021,3264,6834,10944,3058,7249,10001,4361,4572,9925,3079,6846,9897,4088,5424,9807,3232,6575,11054,3671,6815,12352,4056,7987,12305,4243,7343,9772,2682,6757,9799,4294,5197,9710,4119,5591,9665,2916,6378,9678,3339,5916,12087,3850,7983,3607,8313,11929,4217,7969,12194,640,695,854,528,222,96,163,395,615,597,457,579,673,733,712,384,745,475,458,604,336,116,158,689,683,826,502,132,13,115,244,649,582,754,505,646,704,685,274,739,268,528,441,440,214,194,676,5469,3401,1133,2972,1201,190,215,182,230,141,237,346,271,543,249,375,602,959,1455,1032,707,775,601,2368,7727,10095,5318,3864,9186,4667,4685,9352,3256,6185,9440,3224,6408,9643,3852,7994,11855,3828,8181,12027,1891,3041,6979,1765,99,77
55,55,23517,15963,3495,2943,348,1244,77,23628,17143,3355,2493,324,628,137,18308,13260,2186,1905,259,856,50,17681,14333,1877,1019,149,214,49,757,80,63,49,9176,4999,3132,9050,4704,3817,8394,5709,2074,8297,4571,3726,8326,5361,2613,8276,4861,3415,9128,5367,3260,9912,6135,3485,9938,6075,3275,7453,4221,2961,7483,5247,2020,7409,5198,2211,7397,4376,2753,7389,4729,2359,9166,5552,3404,6180,3591,9789,5876,3969,9855,768,401,681,446,479,273,377,633,822,559,959,818,828,907,724,142,566,218,293,338,226,163,113,735,588,664,590,418,199,195,779,873,810,940,585,592,691,701,306,447,443,466,292,228,199,299,1521,4474,3331,971,3424,1235,403,204,568,647,509,343,506,604,505,481,496,966,1210,1200,992,610,319,333,3426,3926,7352,5627,1928,7555,4596,2606,7202,3410,3749,7159,4853,2544,7403,5662,3292,8962,5455,3500,8977,3988,3162,5347,4768,1074,125
56,56,23535,16678,2457,3193,610,1012,67,24954,17058,2750,3595,776,602,57,18373,13819,1506,2050,443,709,36,18760,14702,1346,2149,313,230,0,1597,173,0,0,10540,4827,4708,10373,4413,5502,9572,5691,3088,9490,4148,5342,9478,5372,3806,9415,4559,4856,10542,5271,4733,11662,6267,5061,11624,6269,4699,8841,4142,4447,8872,5660,3007,8795,5559,3236,8730,4383,4075,8750,4848,3529,11138,5984,4938,5780,5681,11490,5731,5756,11522,696,1071,785,528,305,102,203,616,945,617,559,976,565,562,770,363,275,242,277,709,560,352,221,794,689,529,752,315,163,231,517,840,480,875,697,743,670,680,538,497,247,604,777,680,503,564,1027,4577,4967,1086,3605,1495,245,361,535,275,374,495,842,462,539,583,611,888,635,1715,1220,658,620,552,3227,5454,8681,6027,2633,8661,4970,3428,8398,3469,4895,8363,14,33,46,5865,4844,10728,5346,5424,10787,3870,3172,5894,4517,401,174
57,57,23487,13518,5838,3150,228,1366,78,24581,14806,5868,3447,149,835,50,17858,11146,3796,2079,146,946,47,18214,11899,3341,2330,52,573,0,1844,29,198,0,6839,3429,2759,6741,3274,3102,6156,3849,1680,6097,3246,2851,6094,3745,2068,6089,3360,2729,6860,3728,2754,7761,4339,3215,7723,4305,2856,5503,2745,2527,5529,3649,1706,5480,3509,1971,5451,2912,2319,5442,3168,2010,7249,3831,3256,4706,2931,7650,4353,3304,7667,743,892,760,624,450,92,79,375,645,1099,727,674,696,739,753,406,336,233,444,637,282,107,219,468,990,621,306,458,56,154,626,849,994,685,783,603,499,877,417,392,209,248,683,221,117,408,2333,6312,3928,1142,1577,483,93,88,715,448,641,616,621,367,487,305,439,834,787,973,735,432,442,266,2422,2992,5413,3773,1617,5389,2934,2319,5257,2003,3273,5277,0,0,0,4134,2874,7013,3864,3137,7009,2975,3246,4965,3936,1890,264
58,58,23516,11054,6177,5488,339,1308,54,22622,10812,6134,5186,428,1010,62,17051,8951,3706,3624,233,925,37,15480,9244,2340,3324,181,214,0,2799,73,47,0,7671,4349,2666,7549,4120,3086,6858,4644,1649,6803,3911,2892,6805,4425,2142,6770,3968,2802,7640,4603,2679,8587,5389,2991,8537,5289,2686,5885,3140,2545,5931,4057,1700,5876,3988,1888,5839,3381,2285,5836,3614,1979,7753,4707,2891,5363,3055,8433,5441,3041,8498,725,928,834,434,322,102,265,525,978,454,803,617,588,548,745,205,490,206,284,396,227,78,104,867,805,948,429,380,217,140,362,692,707,912,568,658,725,681,568,639,252,406,348,343,184,254,1691,5859,3178,1492,1664,658,97,25,1009,475,468,317,463,511,410,622,731,1074,796,856,747,455,367,150,2810,3003,5813,4218,1583,5801,3211,2413,5624,2171,3457,5628,0,0,0,4759,2731,7493,4676,2911,7596,2829,3607,5154,3964,91,0
59,59,22916,20020,1057,630,192,935,27,22879,20335,1047,665,197,580,25,17604,15631,709,392,138,674,17,17463,16152,678,256,26,366,5,102,13,105,5,9629,2541,6304,9528,2390,6530,8184,3323,4147,8074,2574,5500,8078,2582,5199,7980,2801,5179,9516,2871,6175,10914,3257,7386,10831,3250,6832,8336,2212,5845,8352,3385,4679,8278,3342,4936,8243,2339,5595,8228,2544,5232,11139,3253,7661,2729,7979,10708,2944,7738,10682,627,911,648,420,350,227,115,341,673,696,652,791,650,740,906,306,460,304,406,532,296,118,227,544,794,784,522,394,129,137,364,699,679,618,641,570,789,974,301,394,238,509,376,353,218,329,1311,5617,3472,1297,2292,1281,178,40,304,340,349,454,234,402,302,402,577,655,879,1166,1115,744,793,256,2299,5900,8199,4323,3414,7737,3648,4263,7911,2582,5386,7968,2937,5344,8281,3030,7895,10925,2602,5406,8008,2466,2982,6199,2834,471,59
60,60,22790,15405,5158,854,648,773,25,22896,14996,5939,895,888,698,0,17962,12803,3430,606,498,572,18,16521,12627,2674,615,330,311,0,344,176,42,0,8235,3472,4004,8260,2793,5048,7364,4169,2342,7277,3396,3881,7296,3845,3163,7207,3429,3778,8322,3833,4029,9456,4605,4572,9425,4645,4244,6652,2751,3685,6711,3938,2556,6609,3787,2822,6538,2975,3338,6551,3216,2936,8823,4198,4435,3463,4923,8382,3391,5917,9300,523,680,665,370,493,751,173,905,871,726,787,492,434,548,502,370,331,204,274,442,269,141,117,730,807,602,486,732,541,461,1075,637,672,722,534,604,508,493,165,495,239,222,482,347,164,377,1564,4188,2673,917,2084,1332,156,187,575,500,580,493,482,642,456,446,635,647,1147,1501,633,298,270,385,2679,3855,6534,4795,2446,7236,3763,3143,6903,2443,4513,6951,3020,3713,6732,3572,4954,8524,4239,4688,8921,3257,2931,5207,4252,1212,192
61,61,23108,18332,1729,858,365,1939,79,23024,19263,1875,356,427,1013,34,16689,13764,976,509,220,1217,46,16170,14301,806,237,98,628,10,189,51,410,10,9032,2084,6306,9009,1760,6851,8294,2930,4434,8209,2141,6068,8190,2594,5275,8125,2137,5988,9274,2492,6385,10871,3020,7583,10839,3089,7169,8399,1719,6423,8432,3077,4905,8348,3006,5342,8296,1964,6041,8289,2357,5583,10961,2895,7862,0,0,0,3238,7534,10774,722,812,923,450,297,121,374,583,725,756,888,703,449,500,749,227,511,217,424,451,293,167,92,836,768,997,577,352,105,236,600,855,629,798,711,581,582,557,205,471,215,370,430,391,165,242,869,4961,3159,1235,2612,1104,132,247,364,403,233,284,388,447,451,306,336,848,1101,1185,792,569,541,402,1920,7075,8995,3384,4371,7753,3487,4485,7973,2496,5529,8026,25,35,62,351,718,1075,2249,5841,8094,2453,3035,5627,2961,441,219
62,62,23099,20342,682,397,186,1521,61,23032,20182,758,519,147,1418,7,17300,15565,377,217,110,980,44,16990,15571,309,270,57,793,3,217,57,501,3,10796,1916,8259,10823,1741,8658,9482,3079,5243,9370,1955,7415,9351,2667,6421,9283,2070,7213,10583,2207,7984,12045,2430,9369,11995,2723,8697,9427,1442,7720,9450,2984,5634,9346,2723,6623,9228,1707,7254,9234,2156,6622,11696,2312,9185,0,0,0,3141,8649,11786,786,817,1049,567,279,111,138,360,581,620,565,757,569,711,734,288,646,239,477,542,412,132,300,728,872,872,441,210,184,57,303,571,625,586,745,546,651,635,411,552,355,304,574,369,341,498,988,5850,3297,1682,2520,846,193,55,310,348,311,401,538,316,367,459,358,685,973,1252,913,640,640,443,1503,7723,9226,2906,5267,8175,3489,5034,8520,2326,6420,8744,0,0,0,0,0,0,0,0,0,2680,2876,7000,2148,389,304
63,63,23858,20539,787,1530,223,640,71,23711,20659,868,1515,169,458,74,18605,16292,567,1024,165,461,42,18393,16581,509,856,71,304,11,690,41,23,11,9953,2576,6655,9809,2519,6833,8071,3196,4257,7899,2660,5239,7968,2585,5114,7934,2664,5270,9646,2838,6411,11149,3045,7882,11061,3106,7215,8124,1818,6095,8124,2833,4702,8068,2767,5301,7982,2031,5696,8037,2213,5487,10832,2827,7810,0,0,0,2915,7992,10907,591,841,678,531,753,346,243,507,669,550,591,628,662,625,727,478,407,320,537,347,316,286,160,618,662,708,492,904,373,121,485,643,579,699,593,556,695,932,274,413,261,347,549,430,250,433,1060,5860,3691,1192,1874,963,173,144,492,335,509,468,402,336,320,485,305,749,869,1081,1005,592,379,248,1905,5988,7893,3312,3939,7251,3262,4265,7527,2266,5451,7717,0,0,0,0,0,0,0,0,0,2810,2859,6266,2785,2077,242
64,64,23186,18671,1831,1565,599,537,58,22227,18493,1652,1129,371,278,91,18757,15026,1514,1331,492,376,33,17423,14679,1299,943,221,220,5,916,203,88,5,8768,1788,6386,8793,1243,7177,7602,2607,4094,7506,1711,5795,7494,2127,5084,7422,1694,5728,8613,2008,6247,9673,2299,7122,9631,2399,6729,7450,1276,5954,7462,2528,4639,7403,2456,4947,7382,1505,5648,7403,1693,5426,9416,2161,7046,1847,5805,7652,2652,5134,7784,532,545,597,288,392,521,1120,1439,1061,655,574,512,559,621,482,240,394,225,291,586,379,112,163,720,527,789,298,151,136,102,398,450,450,601,425,432,474,684,341,314,271,236,552,387,352,438,438,4119,3455,1382,2618,923,115,224,207,293,285,443,208,287,451,332,281,707,826,1017,595,539,571,412,1509,6844,8353,3037,3650,6681,3010,3967,6973,2403,4574,6972,1615,5566,7176,26,53,74,1103,2903,4002,1996,2445,5735,1856,4717,208
65,65,23511,12708,3591,5360,1440,869,461,22198,12555,3655,4193,1327,740,579,16264,9228,2203,3474,933,525,274,14056,8813,2002,2195,561,252,149,1914,316,69,149,4986,1918,2731,4962,1545,3200,4181,1924,1806,4148,1721,2427,4159,1894,2134,4118,1800,2318,5167,2102,2821,6526,2805,3536,6469,2778,3233,4088,1447,2502,4104,2154,1818,4052,1958,2094,4056,1589,2320,4032,1678,2125,6342,2634,3566,1159,1961,3128,2480,3679,6161,1339,1216,781,532,218,262,172,805,1198,1247,888,557,494,405,351,151,250,133,137,250,82,96,236,1648,1310,770,384,171,217,83,780,1197,1030,904,411,409,560,301,147,239,182,190,268,255,152,116,893,3186,4080,1827,1685,1031,61,45,594,398,379,181,519,390,413,458,334,599,1226,1418,614,431,598,295,1499,2525,4024,2326,1389,3714,1811,2211,4014,1188,2881,4061,178,317,496,2655,3741,6391,2687,3693,6372,2051,3845,3731,4938,91,91
66,66,24145,17768,2179,1831,1692,587,165,24899,19715,1468,1611,1795,437,83,21683,16414,1765,1344,1529,464,114,21497,18538,975,928,692,232,4,768,363,20,4,5926,3184,2065,5866,2602,2909,5123,3456,1151,5039,3087,1952,5064,3261,1556,4991,3090,1901,5814,3382,2077,6462,4017,2213,6477,3969,2171,4037,2375,1552,4046,2907,1027,4012,2870,1142,3993,2508,1369,3986,2600,1242,5887,3588,2150,111,68,178,4194,2187,6379,465,160,458,155,2365,1543,1989,2002,1169,780,659,247,250,252,267,92,127,36,178,146,75,86,65,259,308,360,251,2573,1344,1071,1862,888,735,388,159,304,235,314,126,79,94,111,366,155,66,220,656,1237,2184,438,2098,1030,163,879,1104,778,685,859,527,588,477,418,388,980,785,839,414,202,162,152,2381,1554,3935,3507,1040,4548,2842,1618,4462,2391,2050,4442,64,50,116,401,360,756,3846,2444,6294,3547,1650,2064,6565,6333,216
67,67,23696,17644,1961,1881,1696,589,83,24042,17774,1868,2075,1581,523,101,18656,14303,1359,1294,1216,462,53,18585,14707,1352,1470,681,186,87,1246,573,30,87,9380,4132,4383,9497,3045,6091,9014,5237,2920,8869,4014,4855,8909,4640,3986,8795,4116,4679,9876,4679,4736,11219,5816,5088,11286,5827,5046,8745,3815,4746,8765,5327,3246,8685,5284,3401,8675,4132,4337,8677,4471,3912,11087,5699,5095,5330,5795,11127,6473,4713,11189,551,838,677,368,222,256,359,879,1079,825,837,629,688,685,701,250,317,169,493,436,271,51,244,475,465,563,453,258,492,579,683,740,729,915,848,588,604,634,289,389,225,267,433,241,130,254,305,1690,2836,1106,4604,2654,590,1153,597,272,404,340,189,219,101,177,386,753,952,1249,993,751,1083,1310,3751,4854,8605,5540,2564,8104,4848,3364,8213,4098,4079,8175,4089,4536,8623,5087,5639,10728,5437,5526,10962,3088,2934,5234,4881,203,80
68,68,23694,15368,3257,3375,1049,849,349,25383,15564,3813,4425,1605,970,185,17627,11811,2143,2292,774,618,237,18150,12105,2051,2731,627,405,40,2470,532,43,40,5852,1640,3794,5830,1225,4308,4864,1928,2360,4790,1471,3319,4797,1729,2893,4747,1469,3278,5774,1763,3747,6848,2223,4429,6807,2346,4058,4775,1214,3401,4797,2149,2459,4738,1975,2763,4716,1365,3162,4709,1547,2945,6563,2092,4341,1017,3699,4707,1464,2466,3928,1230,995,884,242,524,524,341,1553,1759,960,977,538,353,489,536,130,256,178,190,307,151,111,203,992,578,696,310,184,243,260,999,1256,878,661,600,321,333,436,211,323,241,265,335,234,188,195,703,3969,3379,1719,2506,1061,212,104,525,305,432,402,586,398,694,458,613,940,1040,1150,792,370,345,172,1263,3434,4697,2211,1840,4053,2042,2258,4311,1514,2819,4343,1346,2884,4232,1964,4144,6118,2002,4114,6126,2365,3339,4288,4727,1099,50
69,69,24131,17532,3770,1297,944,756,75,24012,17413,3702,1674,1021,317,154,18142,13927,2290,753,671,546,45,17422,13935,1723,835,734,133,0,679,605,6,0,9321,2588,5913,9260,2177,6335,7673,3384,3522,7624,2523,5101,7607,2866,4422,7563,2512,5051,9081,2937,5647,10396,3402,6754,10356,3643,6223,7302,1953,5076,7346,3331,3760,7269,3056,4213,7258,2142,4867,7297,2106,4955,9749,3156,6424,2355,3278,5634,0,0,0,722,931,832,298,359,485,185,210,608,769,677,815,611,653,762,343,494,409,491,219,313,214,135,553,791,1038,441,497,42,183,302,707,773,519,1079,599,589,917,385,585,245,297,590,280,312,237,908,5373,4149,1552,2566,950,107,88,325,475,260,528,371,455,708,289,213,807,1227,1412,1197,449,539,249,2010,5191,7201,4123,3158,7279,3312,3971,7286,2383,4856,7249,2213,4128,6342,1546,2326,3873,2600,5329,7924,2611,3343,6569,2883,652,58
70,70,22912,20674,1054,340,177,568,41,22784,20248,1294,549,305,526,70,17658,16258,627,172,113,404,23,17511,16081,804,227,79,248,5,21,18,35,5,10491,2090,7679,10468,1642,8186,8692,3005,4779,8605,2107,6498,8607,2488,5788,8551,2094,6457,10310,2392,7458,11789,2639,8957,11719,2852,8261,8848,1621,6951,8888,3146,5398,8794,2818,5976,8803,1819,6751,8807,1948,6557,11463,2540,8743,2601,8335,10936,0,0,0,606,817,776,544,262,131,101,417,623,662,734,704,588,696,903,385,514,371,402,629,354,313,293,624,571,876,553,244,134,31,306,537,720,710,613,561,708,757,304,542,384,299,674,500,455,326,1127,5198,4293,1673,2784,847,143,143,383,365,335,589,371,351,420,447,530,896,1266,1430,793,656,526,419,1560,6247,7807,3709,4466,8177,3557,4767,8325,2556,5819,8376,16,54,70,0,0,0,2308,6096,8406,2969,2857,7084,2568,288,266
71,71,24005,19360,2085,1371,569,745,53,23663,19805,2377,819,485,395,41,18894,15859,1242,864,374,525,23,18281,16146,1239,426,176,130,0,342,97,32,0,10541,3105,6570,10472,2386,7369,8968,4031,4119,8925,2917,6008,8898,3369,5205,8843,2934,5909,10381,3424,6439,11749,4037,7424,11740,4219,7043,8635,2347,5975,8698,3964,4489,8591,3789,4802,8559,2598,5689,8598,2630,5695,11236,3836,7200,3529,7569,11097,0,0,0,816,861,431,440,482,288,72,465,877,638,925,494,759,749,926,423,384,323,203,792,300,322,251,721,637,698,483,224,74,97,404,708,542,732,506,743,823,591,545,411,275,496,727,440,253,687,1146,3854,4248,1796,3447,1382,619,333,659,640,316,432,470,306,517,526,322,955,916,1290,1027,422,871,501,2439,6054,8493,4453,3704,8154,3677,4157,7836,2694,5105,7793,276,479,754,2409,3159,5570,3974,7602,11582,3519,2956,6435,3790,857,467
72,72,23363,17802,3559,901,291,906,31,22746,17567,3755,810,110,999,0,17676,14085,2264,543,181,637,15,17137,14232,2099,393,88,330,0,313,45,51,0,9978,3247,5949,9938,2831,6504,9212,4178,4050,9038,3437,5601,9091,4039,4731,9007,3651,5356,10231,3803,5924,11700,4474,6964,11652,4583,6468,8417,2797,5360,8491,4014,4172,8358,3711,4647,8337,2925,5170,8362,3222,4797,10644,4022,6434,4311,5758,10072,127,576,703,733,730,755,508,263,243,152,384,845,776,781,551,619,777,709,384,471,225,443,401,513,293,150,694,772,665,497,276,84,170,221,661,723,470,912,600,800,726,325,626,346,453,525,333,327,345,1347,4328,4142,1844,3202,870,225,121,199,308,238,337,570,423,212,414,481,536,1247,1475,824,712,660,412,2772,5409,8181,4373,3834,8211,3765,4203,7968,2733,5231,7962,0,0,0,3614,6738,10353,3959,6498,10456,2703,3127,6269,2991,498,289
73,73,23632,20384,1420,733,344,666,44,23938,20999,1514,751,515,311,161,18440,16161,939,518,230,471,37,18335,16616,755,411,242,209,0,348,101,0,0,10011,2667,6566,10024,2094,7438,8808,3611,4404,8607,2580,6027,8713,3174,5296,8640,2626,6014,9990,2987,6544,11319,3449,7600,11261,3623,7160,8665,2156,6291,8579,3389,4901,8587,3307,5280,8573,2392,5958,8605,2424,5955,10977,3347,7418,0,0,0,0,0,0,583,836,661,464,593,224,336,644,798,652,694,779,527,691,902,277,410,417,464,350,323,101,315,581,590,842,509,442,124,165,629,624,692,720,763,695,558,837,242,461,317,369,506,372,240,513,1004,3780,3773,1804,3383,1149,244,377,600,230,295,417,411,325,385,484,213,796,917,1592,1143,685,767,463,2190,5729,7919,4102,4167,8269,3370,4595,7965,2578,5581,8159,0,0,0,0,0,0,0,0,0,2738,2866,6567,2700,1668,418
74,74,22927,20595,974,512,212,567,22,22777,20456,813,643,456,413,8,17726,16206,580,340,141,392,14,17211,16009,394,332,275,194,4,259,229,15,4,10312,3025,6470,10331,2332,7538,9207,3975,4299,9044,2768,6276,9078,3551,5258,9008,2965,6043,10350,3312,6616,11573,3775,7519,11573,3950,7186,9070,2418,6427,9092,3804,4974,9010,3589,5421,8968,2609,6141,8970,2866,5834,11217,3594,7386,781,521,1299,0,0,0,612,621,933,350,551,195,140,329,438,595,678,605,636,503,553,403,401,335,412,500,381,273,335,530,880,781,527,557,254,152,304,433,573,537,674,501,597,763,299,338,276,253,711,458,430,850,1305,3875,3412,1392,3178,1330,142,221,329,267,277,336,285,256,294,360,275,1150,924,1324,1125,543,657,285,2370,6448,8818,3893,4538,8428,3825,4683,8508,3692,5497,9191,0,0,0,3234,7791,11025,2211,3912,6124,2361,2740,6713,2136,1358,613
75,75,23998,20200,1238,1266,211,1006,52,23594,20023,1237,1180,450,585,7,18662,15852,869,1030,146,697,33,18220,15878,748,919,231,375,0,837,64,100,0,9432,2257,6548,9388,1995,6778,8145,2965,4372,8019,2267,5752,8043,2782,4970,7977,2380,5597,9443,2572,6407,10730,2913,7602,10707,3056,7113,7920,1844,5828,7942,2940,4718,7881,2703,5178,7888,1987,5648,7899,2271,5339,10414,2747,7458,2547,7998,10546,301,1264,1566,792,785,722,379,370,170,232,653,931,917,1196,714,706,668,734,410,535,379,341,436,333,175,146,731,620,743,502,411,248,182,382,604,750,514,522,737,674,830,407,500,296,260,543,241,274,305,1360,5209,3902,1713,2814,993,102,76,349,357,312,327,346,365,571,370,528,822,788,1414,987,676,431,303,1949,5836,7785,3592,3867,7456,3068,4362,7430,2163,5348,7508,44,141,182,51,174,228,259,1301,1561,2477,3004,6150,2653,2206,108
76,76,23181,20480,1478,272,202,653,31,23152,20634,1463,321,264,604,9,17738,15989,901,124,137,470,15,17393,16209,683,170,106,301,0,100,67,18,0,10751,2460,7494,10749,2145,7941,9383,3487,4639,9311,2333,6978,9271,3167,5708,9211,2488,6723,10635,2748,7358,12047,3075,8685,11973,3281,7949,9171,1809,7061,9204,3375,5450,9095,3202,5893,9060,2133,6584,9087,2533,6114,11697,2853,8578,466,1486,1955,1993,5387,7379,748,749,871,567,264,78,135,456,572,605,705,712,641,732,844,333,596,355,585,515,432,247,184,582,782,716,459,234,108,98,424,682,642,624,579,589,748,851,382,559,389,433,611,405,274,312,1367,5522,4098,1491,2340,1087,131,53,259,323,308,337,585,308,359,466,384,904,1009,1316,1286,641,490,503,1755,6838,8593,4296,3928,8208,3943,4593,8525,2479,6135,8606,2386,6540,8922,90,325,418,1997,5171,7170,2619,2969,7304,2220,203,120
77,77,24094,20762,1151,412,512,1152,36,23860,21211,1232,554,412,628,8,17722,15649,633,183,332,799,26,17699,16400,622,241,103,321,0,123,76,120,0,10107,2333,7062,10054,2100,7221,8704,3075,4686,8584,2418,6166,8604,2893,5347,8548,2524,6024,10171,2745,6900,11842,3209,8367,11780,3367,7809,8560,2157,6140,8588,3227,5030,8509,3033,5476,8493,2238,6006,8508,2539,5666,11779,3258,8273,306,678,982,2888,7520,10408,620,695,887,591,327,74,161,425,535,777,701,589,834,770,983,267,501,224,394,490,305,113,215,506,713,820,705,246,188,243,402,576,819,627,750,685,832,770,286,529,611,277,449,382,209,386,725,4373,3807,2027,3056,1491,206,158,201,283,258,428,388,187,215,290,410,600,1112,1257,986,932,896,564,2132,6266,8398,3822,3965,7786,3371,4645,8019,2388,5663,8056,88,182,269,136,270,407,2889,8591,11480,2108,3367,6812,2248,210,159
78,78,23056,18033,1790,1443,1151,610,30,22835,17370,2073,939,1662,235,2,16341,13159,1052,875,765,406,16,16259,13248,1101,660,1161,105,0,619,1053,0,0,11427,4161,6086,11214,3708,6799,10215,4841,4515,10135,4515,5620,10186,4101,5738,10071,4460,5611,11577,4905,6045,13248,6231,6693,13235,5972,6561,9550,4204,5046,9581,5078,4270,9511,5159,4352,9492,4189,5079,9469,4196,4655,12992,6262,6496,6011,7077,13101,5775,7340,13137,708,1052,1039,579,307,84,89,467,686,932,879,890,688,811,640,245,245,225,274,473,249,133,80,814,879,1035,769,401,90,61,201,652,784,723,940,1000,685,677,188,326,239,291,355,215,76,61,367,1682,3058,1348,4985,2217,349,654,77,21,95,26,46,128,156,108,185,247,560,889,1307,769,1494,1398,4146,5232,9378,6320,3766,10085,5061,4747,9806,4037,5729,9769,4645,5267,9927,5900,6919,12819,6236,6869,13107,824,3512,6898,514,5,0
79,79,23609,19456,1441,843,561,1183,116,23632,19778,1764,805,499,728,137,18441,15567,940,565,421,815,72,17866,15542,1132,439,284,416,0,384,250,97,0,9730,2594,6482,9672,2396,6684,8097,3139,4078,8022,2454,5568,8030,2964,4804,7981,2536,5445,9491,2833,6220,10862,3118,7496,10882,3331,6962,8275,2177,5789,8311,3403,4556,8238,3170,5068,8199,2338,5583,8224,2687,5207,10429,3003,7231,3569,7047,10616,0,0,0,534,745,866,581,316,315,171,572,645,594,757,809,774,700,934,269,462,233,298,610,409,242,219,633,598,760,450,225,174,85,447,655,636,509,579,694,701,763,287,463,223,343,712,535,346,480,1109,4973,3959,1642,2752,1169,83,190,445,364,323,407,351,336,479,461,371,807,888,1024,931,760,605,307,2260,5849,8109,3728,3345,7068,3585,4127,7712,2646,5101,7747,2981,5109,8101,2739,7237,9983,3013,7212,10227,2598,2864,6504,2655,1440,285
80,80,23973,17731,3521,944,226,1612,138,23680,17548,3363,1351,391,1322,48,17746,13813,2123,554,139,1101,96,17420,14281,1622,675,233,571,0,495,98,233,0,8286,2247,5480,8243,2230,5435,6863,2799,3238,6805,2324,4481,6815,2654,3896,6787,2311,4476,8157,2558,5205,9402,2796,6399,9413,3015,5777,6535,1771,4521,6574,2715,3546,6525,2521,4004,6510,1874,4402,6522,2170,4086,8905,2558,6173,883,1160,2042,0,0,0,935,671,1000,464,412,200,113,518,600,772,831,663,678,620,842,314,513,324,562,454,273,160,269,634,745,1097,543,412,217,232,239,646,703,878,682,574,711,731,389,524,261,419,511,343,219,387,1413,5407,3961,1796,2062,973,86,121,475,386,508,676,459,545,510,516,479,698,902,1169,784,608,371,273,1830,4625,6455,2963,2658,5619,2763,3531,6291,2051,4265,6318,13,24,34,17,36,49,2544,6068,8610,2873,3290,6000,3346,724,244
81,81,23040,14481,3923,2243,1620,952,136,23053,14484,4043,2300,1930,677,80,16888,11243,2439,1414,1148,673,92,15333,11136,1673,1041,1024,290,22,922,919,62,22,6728,2040,4036,6552,1883,4231,5786,2398,2794,5683,1994,3689,5709,2258,3219,5647,2072,3575,6873,2377,4099,8202,2929,5055,8132,2967,4731,5660,1787,3679,5688,2506,3015,5604,2392,3212,5614,1880,3555,5589,2143,3259,8234,2962,5141,2806,5111,7931,2854,5071,7925,864,920,875,376,349,345,277,747,867,883,883,466,573,679,509,323,388,161,260,339,434,56,81,859,841,815,520,399,172,62,623,868,834,843,529,627,376,635,359,187,227,394,520,423,153,72,1412,2934,3549,1649,3282,978,108,58,440,356,183,349,635,313,520,202,245,824,856,1258,920,559,658,475,1780,3715,5495,2873,2279,5154,2205,2822,5031,1680,3352,5031,108,163,269,375,775,1147,908,1941,3088,2426,3381,4587,4138,643,0
82,82,23223,19544,1456,656,537,1111,67,23898,19679,2238,538,540,565,137,17119,14862,814,327,346,740,39,17676,15674,973,323,286,334,16,201,127,147,16,10317,2711,6624,10073,2530,6889,8985,3556,4437,8832,2930,5902,8848,3360,5122,8784,3046,5738,10313,3251,6466,11819,3838,7671,11740,3938,7168,8461,2533,5662,8494,3678,4537,8387,3520,4867,8383,2634,5462,8376,3071,5004,11607,3812,7580,3368,8012,11397,2150,4693,6842,605,824,1175,501,310,83,199,364,418,802,806,520,722,652,796,250,600,239,255,532,215,198,110,574,1074,1138,470,266,74,80,250,431,583,992,762,472,569,985,160,671,206,157,626,502,341,538,616,3831,4012,1575,3005,1716,202,133,280,147,146,287,591,279,127,179,395,673,1049,1407,914,748,863,616,2563,5673,8236,4397,3631,8029,3638,4385,8021,2745,5267,8009,2872,5492,8358,3345,6947,10292,1959,5285,8094,1998,3350,6605,2107,287,232
83,83,24120,11692,4906,5656,1266,1052,120,23947,11444,5709,5202,1012,802,128,18008,9796,3126,3589,926,733,70,16396,9950,2531,3009,556,336,5,2473,527,91,5,7471,3703,2940,7280,3365,3419,6505,3957,1968,6384,3580,2804,6406,3847,2317,6375,3683,2692,7435,4074,2933,8459,4909,3305,8382,4870,3082,5474,2929,2373,5528,3536,1848,5437,3495,1942,5431,3027,2244,5446,3261,2010,7413,4290,2980,4260,2892,7164,4787,3373,8159,771,731,1168,466,455,32,125,424,831,1026,1002,735,619,483,719,225,354,120,352,370,171,159,139,694,848,833,330,342,201,182,318,952,1040,847,759,606,849,560,224,359,251,554,345,388,119,252,2392,4099,3866,947,2432,1210,257,197,483,615,692,587,724,599,412,473,320,832,852,1302,637,523,402,386,2872,2424,5296,3570,1501,5069,2649,2051,4691,2006,2637,4636,26,23,48,3292,2334,5631,673,736,1504,3752,3631,4774,5358,535,167
84,84,23539,8699,4952,8705,850,1199,88,24232,11003,5875,6514,606,1006,48,16987,7077,2821,6062,676,797,52,15858,8877,2136,4231,275,415,4,3762,155,75,4,7270,4831,1763,6978,4379,2219,6484,4781,1244,6381,4570,1811,6383,4692,1462,6337,4622,1715,7186,5046,1832,8193,5968,2053,8111,5745,2034,5445,3659,1598,5514,4158,1226,5413,4137,1276,5387,3724,1485,5426,3923,1318,7313,5138,2055,5809,2075,7895,5881,2074,7957,757,1025,1011,610,398,152,176,477,802,870,788,662,735,607,563,232,402,212,226,263,236,109,68,549,768,989,819,415,224,91,464,950,726,754,766,771,709,666,242,326,514,335,459,214,226,232,2127,3405,3426,1079,2489,1607,261,282,787,870,547,528,491,539,538,446,404,664,891,1069,569,425,322,362,3593,1676,5269,4071,1261,5326,3134,1880,5020,2388,2563,4955,0,0,0,174,104,278,0,0,0,3448,3651,4559,5039,330,0
85,85,23565,16203,1657,2958,2177,717,83,24974,18144,1907,2781,1824,512,27,18041,13038,1091,1906,1570,474,57,18024,13690,1213,1711,1072,224,0,1575,929,29,0,10288,3899,5429,10158,3273,6457,9417,4676,4038,9255,3749,5506,9263,4223,4758,9172,3924,5248,10638,4469,5718,12387,5623,6487,12369,5588,6390,9094,3545,5342,9155,4704,4288,9020,4663,4357,8987,3722,5101,9037,4187,4629,12351,5570,6568,5005,6948,11963,4921,7049,11969,749,736,828,562,388,147,232,545,1260,735,879,509,674,661,657,302,473,371,299,406,229,267,257,869,922,774,534,252,194,185,503,1041,842,966,866,557,619,688,243,388,215,511,444,355,242,377,513,2963,2969,1307,4986,2417,790,303,391,111,268,178,172,382,288,262,402,811,667,1366,998,629,1080,1376,3458,5352,8810,5601,4468,10076,4950,5423,10375,3928,6332,10264,4392,6108,10504,5766,8134,13897,5545,8515,14101,2685,3108,5636,3824,537,218
86,86,24159,11963,6434,3742,1332,1323,59,24067,11794,6292,4634,864,1119,43,18056,10114,3961,2315,979,939,32,15915,10235,2446,2407,470,349,32,2031,370,99,32,6550,3075,2784,6323,2859,2887,5483,3198,1717,5386,3055,2331,5399,3144,1990,5325,3103,2222,6395,3384,2600,7379,4136,3033,7300,4086,2730,4521,2413,1916,4547,2850,1503,4478,2806,1672,4464,2459,1819,4485,2659,1661,6437,3555,2759,3571,2849,6428,4225,2893,7115,1166,566,803,413,214,153,139,663,764,1032,936,769,728,704,642,306,420,354,251,402,145,126,212,864,659,966,367,198,108,99,664,854,730,891,739,760,775,714,152,351,249,555,409,244,205,387,2931,5332,3722,1392,1735,554,55,71,583,907,525,590,725,626,647,466,802,858,1207,1222,553,220,101,72,2387,1991,4378,2440,942,3388,1710,1469,3184,1308,1844,3156,1850,1353,3208,84,55,133,2090,1524,3607,3681,3528,4698,5243,275,52
87,87,23768,15710,2177,2812,2486,771,42,23282,16323,2144,2347,2290,449,15,18791,13080,1426,1943,1842,543,23,17352,13291,1214,1504,1121,219,5,1173,885,64,5,10613,4134,5500,10415,3471,6433,9631,4890,4046,9476,3955,5521,9509,4483,4720,9392,4086,5306,10812,4665,5667,12416,5807,6326,12393,5778,6232,8993,3571,5234,9052,4733,4156,8887,4762,4125,8895,3723,4994,8886,4195,4470,11584,5446,5973,5313,6630,11953,5441,6665,12106,902,855,694,424,184,150,286,634,1522,780,737,576,647,560,606,251,473,216,352,485,342,220,271,621,619,926,488,149,152,175,709,697,646,807,845,657,714,616,273,495,319,582,492,350,290,549,763,2222,3056,1179,5798,2066,917,390,552,233,338,234,440,401,366,448,345,564,809,1281,1031,730,754,1776,3473,5205,8678,4638,3071,7705,3745,3711,7454,2999,4389,7387,3527,4183,7709,3795,4291,8086,3381,4390,8070,3427,3073,6182,4019,384,228
88,88,23527,11451,2893,4604,4203,811,85,23871,11996,2638,4099,5070,1103,199,17958,9540,1862,3107,3026,606,62,17822,10446,1395,2462,3197,345,0,2032,2938,87,0,7831,3372,3715,7640,3071,4065,6865,3768,2511,6789,3392,3397,6776,3650,2898,6723,3470,3253,8039,3877,3746,9571,4843,4500,9501,4810,4284,6036,2710,3137,6080,3371,2532,5993,3286,2707,5986,2800,3028,6009,3055,2759,9199,4551,4510,776,1458,2240,4585,4676,9263,549,575,879,641,381,209,144,729,922,851,708,807,702,807,760,251,290,539,415,502,137,180,113,583,550,451,447,339,202,231,928,1241,936,632,540,894,685,660,272,392,417,169,384,266,165,313,1718,3503,3910,1497,3286,1504,401,137,427,262,247,282,572,228,332,289,404,575,1426,1515,895,760,762,406,2660,3238,5898,3609,1828,5437,2558,2545,5100,1928,3176,5101,2473,2238,4710,3738,3436,7177,3625,3984,8135,2992,3299,5305,4088,85,61
89,89,24153,10736,2523,8451,2086,867,57,25358,12368,3198,7517,1888,671,21,19043,9076,1709,6180,1685,622,32,18294,10659,1683,4610,870,455,27,4219,688,119,27,8699,5069,2891,8432,4521,3474,7727,5068,2064,7594,4689,2905,7640,4987,2433,7564,4757,2807,8675,5320,2978,9905,6346,3366,9859,6219,3249,6563,3724,2678,6627,4402,2084,6553,4333,2220,6503,3812,2529,6541,4137,2235,8997,5468,3379,5988,3550,9558,4732,1550,6282,717,645,583,491,500,389,193,1078,1157,805,932,528,335,586,678,201,371,167,200,381,240,97,84,480,746,815,419,637,458,358,748,924,564,710,463,528,480,650,273,487,246,484,668,215,394,109,1098,2847,3379,1115,3441,1702,220,150,632,489,434,396,563,401,251,523,486,576,651,1139,684,422,704,562,3672,2673,6345,4223,2147,6369,3271,2808,6078,2491,3549,6039,0,0,0,0,2,2,1788,2334,4122,3152,2969,5067,4174,1872,64
90,90,23547,19512,1834,708,597,919,47,24834,21114,1971,868,569,424,0,16704,14314,1003,372,391,606,26,16974,15190,951,414,208,265,0,149,186,31,0,9617,2197,6609,9396,1912,6915,8696,3146,4614,8545,2392,6153,8529,2786,5413,8439,2482,5957,10043,2778,6751,12037,3428,8353,11965,3558,7884,8855,2248,6353,8920,3391,5253,8774,3293,5481,8733,2349,6159,8737,2838,5637,12608,3646,8750,484,985,1469,793,2475,3268,1088,731,1021,779,258,135,36,405,441,524,472,755,962,695,587,583,423,351,249,525,222,162,334,495,832,1127,745,151,141,242,257,822,529,718,916,771,502,764,384,631,204,219,534,598,370,287,660,3747,3318,1160,4359,2021,189,80,288,49,258,164,442,251,288,222,463,771,647,1321,1110,786,1025,808,2178,6332,8510,3619,4252,7869,3455,4793,8246,2728,5482,8208,146,274,439,3210,7907,11117,3304,8208,11554,1640,3599,6294,2069,280,123
91,91,24248,18481,2680,1242,919,1055,45,25143,19909,1704,1917,1288,636,32,18008,14451,1539,736,597,684,25,18102,15190,917,977,593,331,0,684,508,47,0,9925,2857,6145,9733,2542,6593,8993,3727,4370,8827,2961,5866,8844,3405,5114,8759,3064,5695,10353,3446,6351,12372,4307,7777,12319,4369,7354,9270,2906,6126,9313,4111,4968,9158,3977,5181,9147,2992,5942,9164,3553,5320,12960,4676,8081,399,583,986,1228,2355,3584,635,716,810,519,192,195,49,237,685,1189,904,719,791,603,703,264,474,225,243,503,231,87,121,1171,1142,1067,683,71,51,116,210,746,904,744,893,674,799,733,316,551,263,459,390,259,253,369,1098,3642,3911,1494,3820,1705,265,182,106,127,138,232,189,168,185,255,243,589,1066,1389,1176,689,1481,660,2816,6133,8949,4682,4063,8747,4086,4949,9040,3159,5821,8985,2790,5673,8747,5364,9681,15043,5758,9753,15627,1759,3476,7311,1670,132,132
92,92,23647,14106,6670,1561,519,1196,52,24486,13928,7226,2364,665,769,33,18641,12226,4307,1006,372,867,44,18275,12426,3542,1560,428,312,0,1371,348,51,0,9315,4465,3921,9049,4063,4341,8249,5122,2507,8068,4504,3564,8098,4864,2934,7996,4651,3345,9196,4934,3783,10233,5699,4271,10173,5707,3967,7188,3758,3164,7250,4600,2436,7139,4556,2583,7124,3871,3052,7144,4289,2599,9389,5367,3873,5492,4079,9582,5695,4190,9885,559,571,720,444,440,144,202,620,1166,782,705,858,703,698,904,236,499,231,676,371,293,209,219,622,732,616,350,370,221,222,489,979,997,666,699,540,882,573,507,522,320,434,546,446,290,445,2603,5123,3657,1252,3106,1385,188,68,408,410,601,671,412,703,471,611,781,1176,1162,1355,841,627,466,282,3622,3303,6925,4877,2059,6937,3938,2775,6713,2934,3720,6653,25,39,66,33,49,84,5178,3708,8886,4156,3098,5832,4833,266,92
93,93,22688,19510,1290,403,431,1033,43,22729,19218,1782,136,519,701,247,16488,14642,649,181,259,663,21,16430,14725,821,104,306,388,52,96,178,159,52,9736,2075,6864,9539,1927,6969,8378,2858,4596,8246,2268,5978,8260,2703,5276,8174,2359,5815,9728,2474,6751,11323,2796,8275,11238,2977,7688,8301,1804,6271,8350,2891,5108,8218,2690,5528,8207,1918,6063,8209,2346,5601,11802,2908,8702,197,471,668,0,0,0,688,938,898,683,357,39,111,595,527,481,579,742,776,518,895,505,420,219,342,451,311,226,97,481,815,1034,570,335,133,35,251,594,593,608,728,693,771,680,376,445,125,325,452,393,298,257,653,4414,3470,1489,3013,1113,170,112,124,245,241,155,287,255,180,113,279,609,804,1121,938,925,805,711,1859,6187,8046,3362,4201,7568,3063,4617,7682,2339,5347,7689,20,43,61,2677,8024,10706,2145,8193,11173,1618,3229,6799,1446,212,129
94,94,23075,18639,2159,745,734,851,40,22571,18426,1608,1124,750,381,12,17401,14480,1352,428,502,594,29,16661,14579,942,549,432,167,0,376,398,49,0,11360,3322,7047,11183,2922,7662,9993,4134,4850,9795,3258,6537,9818,3784,5715,9716,3404,6312,11397,3846,6985,13022,4638,8090,12974,4726,7758,9288,2975,6103,9350,4177,4925,9203,4045,5158,9187,3189,5816,9189,3555,5349,12502,4598,7727,4139,8324,12471,3365,6749,10114,661,739,997,520,391,82,123,278,791,697,816,682,641,895,801,261,333,255,287,473,374,430,233,762,731,822,634,117,0,112,306,392,877,676,704,674,695,726,338,479,182,509,550,366,399,230,642,3256,3878,1630,4237,1692,168,266,334,100,100,194,198,112,241,186,197,515,736,1442,1235,787,1345,621,2920,6044,8964,4559,4374,8932,4070,4650,8720,3116,5588,8703,3242,5797,9041,0,0,0,4094,7640,11877,1585,3195,7291,1142,288,231
95,95,23956,14153,5707,2415,649,1535,67,22915,13211,5635,2640,1161,839,57,18459,11902,3638,1486,461,1138,55,16588,11448,2566,1534,714,328,0,1286,649,54,0,6159,2592,2923,5916,2386,3015,5129,2729,1798,5040,2618,2422,5047,2752,2055,4987,2619,2368,6054,2873,2788,7182,3563,3408,7090,3523,3019,4418,2026,2191,4451,2539,1715,4378,2453,1925,4361,2101,2112,4390,2317,1897,6406,3159,3109,3765,3084,6859,3646,3226,6872,776,979,775,502,308,216,159,688,954,788,803,741,718,862,827,242,450,163,258,395,317,218,111,543,567,801,322,321,260,149,480,951,816,481,1109,514,561,724,269,535,195,232,419,229,196,338,2858,5350,3997,981,1387,607,120,119,982,771,510,517,618,690,327,551,498,803,1093,1063,579,466,111,77,2035,2253,4288,3026,1466,4492,2110,2026,4136,1508,2614,4122,2433,1912,4345,3289,2806,6095,2823,2749,5646,4028,3423,4353,5695,1144,311
96,96,22823,13339,4552,2834,1018,1568,40,23392,12635,6001,3229,1654,1628,129,16681,10748,2736,1555,735,1051,31,15906,10314,2466,1772,773,324,0,1211,753,16,0,6246,2417,3225,6039,2333,3223,4975,2441,1917,4888,2387,2501,4870,2525,2113,4842,2432,2410,5993,2622,2977,6993,3090,3678,6892,3133,3282,4024,1686,2205,4047,2153,1695,3978,2064,1914,3967,1758,2061,3980,1929,1892,6067,2753,3214,3071,3560,6643,3027,3283,6309,1209,932,818,203,444,167,83,254,884,745,614,652,577,597,745,258,423,103,333,609,98,253,149,780,785,547,433,240,131,145,527,914,972,429,619,496,516,686,470,339,157,354,401,297,103,320,2542,5417,3703,844,1080,335,96,82,611,523,447,458,849,390,334,661,496,949,1152,854,605,160,164,211,1717,2179,3896,2334,1244,3575,1627,1879,3504,1115,2388,3501,0,0,0,2237,2734,5241,0,0,0,3137,3384,5002,4364,62,17
97,97,23588,15536,3774,1789,1673,1136,76,25854,16947,4217,2697,1426,1110,12,17104,11990,2250,991,1203,762,42,17464,12707,2030,1421,906,366,0,1204,800,56,0,7916,2343,4797,7744,2315,4848,6756,2853,3086,6627,2597,4030,6631,2833,3538,6558,2621,3937,7937,2873,4585,9402,3579,5575,9328,3668,5113,6075,2078,3795,6118,2849,3032,6024,2721,3303,6005,2181,3658,6008,2423,3371,9037,3440,5437,3356,5580,8940,1359,1475,2835,633,1170,1028,567,342,179,112,648,979,746,1112,799,415,618,719,314,304,260,310,364,192,122,134,836,876,831,600,382,147,126,362,1127,817,855,920,595,688,809,373,235,333,248,479,150,100,186,2177,4320,3807,1118,2682,1106,81,4,237,227,187,425,397,408,353,344,340,757,776,1500,1007,677,538,263,2087,3778,5865,3349,2309,5659,2560,3002,5562,1917,3651,5568,0,0,0,3175,5025,8218,1693,3479,5487,2003,3516,6234,2345,153,76
98,98,23362,15563,3779,1590,1311,1386,70,23159,15759,3968,1426,1397,919,67,17038,12174,2178,849,916,978,36,16049,12410,1635,595,857,275,0,489,749,59,0,7222,2282,4258,7010,2263,4157,5987,2560,2648,5898,2421,3477,5895,2615,3041,5848,2437,3411,7062,2595,4000,8211,2987,5008,8091,3111,4437,5179,1774,3214,5221,2392,2582,5130,2252,2878,5121,1827,3097,5144,2095,2858,7498,2726,4626,3040,3952,7000,1064,1199,2264,762,950,1210,486,389,268,135,524,661,669,753,679,866,672,790,431,439,211,389,377,258,199,111,896,783,1007,462,458,147,478,550,491,890,845,710,740,679,786,337,391,183,335,379,236,111,155,2360,5525,3536,1667,1069,516,81,30,408,238,373,267,444,423,505,244,571,851,1120,1385,652,538,244,262,1811,3243,5054,4494,2626,7120,3250,3581,6826,2308,4548,6855,654,473,1127,2975,4582,7571,2245,2757,5397,2148,3529,5752,2959,104,82
99,99,23491,18240,1455,1157,1892,771,52,23593,18515,1555,1053,1935,425,167,16739,13450,893,689,1238,475,39,15671,13249,659,672,925,136,0,643,876,10,0,10141,2817,6430,10075,2336,7208,9219,3759,4701,9092,2889,6203,9116,3333,5486,9048,2998,6050,10641,3480,6673,12620,4568,7781,12648,4528,7694,9220,2889,6129,9265,4121,4959,9157,4112,5045,9149,3072,5862,9135,3498,5389,12700,4691,7763,4098,8163,12265,3837,8443,12280,839,1034,1238,669,322,99,90,257,422,553,862,803,814,741,551,390,325,246,379,524,267,175,139,761,947,1098,547,235,12,87,214,512,665,927,1116,614,600,877,274,266,199,421,443,266,124,183,409,2152,2574,1093,4951,2436,630,414,216,112,66,70,60,121,94,121,234,411,471,1064,835,994,1084,1694,2829,6148,8977,4687,3870,8561,3907,4584,8491,3016,5459,8475,2,7,9,3,7,10,3795,7867,11735,1396,3561,6610,1446,312,141
100,100,23853,18510,2498,1100,892,937,51,23152,16294,3478,1953,802,774,16,18218,14828,1481,619,610,633,32,17250,13886,1944,633,515,275,0,388,451,21,0,12172,3763,7356,11880,3355,7930,10537,4748,4881,10340,3730,6610,10391,4258,5800,10258,3928,6330,11932,4346,7016,13305,5183,7840,13213,5257,7469,9676,3436,6030,9746,4628,4849,9582,4552,5030,9546,3566,5795,9555,3995,5293,12638,4967,7485,4213,6985,11206,4664,8122,12786,824,1301,997,484,95,42,31,441,569,912,712,912,608,531,615,261,578,439,391,557,405,154,310,1276,840,783,405,98,54,330,294,872,883,678,773,662,558,579,385,567,265,383,554,510,364,385,601,3904,4161,1357,3908,1867,323,251,245,223,197,248,450,214,355,202,416,711,1048,1349,1100,725,1106,757,3260,6040,9300,4993,4262,9255,4377,4712,9089,3369,5699,9068,3808,5641,9449,4753,7368,12121,4816,7186,12002,2228,3208,7172,2154,13,0
101,101,23265,20310,1310,441,435,728,35,23771,20997,1578,363,295,568,7,16470,14698,739,217,255,477,15,16663,15184,824,278,122,239,0,163,78,49,0,10808,2214,7722,10658,1938,8160,9404,3210,5310,9253,2270,6983,9234,2794,6164,9160,2369,6791,10839,2677,7687,12573,3182,9142,12534,3294,8790,9526,2098,7172,9591,3394,5923,9469,3243,6226,9425,2234,6951,9438,2797,6364,12988,3310,9478,2749,7674,10426,1472,4712,6183,918,857,894,669,370,132,124,261,530,596,807,721,724,690,780,283,503,241,252,539,214,156,185,739,995,1321,558,254,72,91,290,540,799,748,894,825,624,788,290,454,365,475,425,301,204,203,632,3567,3456,1969,3600,1556,232,118,208,81,80,147,414,118,204,228,232,618,670,1224,944,789,1122,1011,2087,7079,9166,3997,5924,9919,3971,5752,9722,3175,6566,9743,0,0,0,548,1143,1689,2817,10436,13608,1433,3305,6987,997,305,197
102,102,23668,16869,3848,1951,250,970,53,23746,17461,3497,1999,406,765,25,18660,13797,2585,1424,171,755,39,18265,14233,2059,1520,190,352,21,1213,75,100,21,6470,2388,3460,6471,2100,3816,5332,2676,1924,5267,2412,2855,5268,2570,2413,5232,2398,2834,6488,2646,3416,7798,3205,4370,7777,3301,3979,5163,1933,2999,5211,2709,2200,5155,2598,2557,5148,2019,2889,5139,2262,2605,7394,2952,4272,3839,3867,7704,2975,4705,7679,973,476,790,465,359,174,149,674,1155,732,1015,809,705,778,906,298,495,371,390,263,194,123,88,556,691,552,655,394,179,179,668,712,638,833,699,487,568,856,320,346,194,278,465,291,222,194,1850,5220,4590,1890,1308,403,55,78,431,687,431,454,341,464,691,614,518,1002,993,1045,765,260,188,114,2037,3034,5071,3207,1994,5200,2627,2650,5274,1826,3436,5260,2725,2461,5186,3487,3770,7253,2948,4181,7129,3490,3116,5400,4160,2132,0
103,103,23991,8766,11395,2685,595,1164,81,22645,8704,10553,2558,509,866,73,18321,7804,7452,2086,461,867,55,14749,7705,4420,1803,250,460,0,1668,239,188,0,4198,2333,1462,3967,2102,1546,3699,2448,881,3613,2324,1289,3639,2407,1082,3601,2346,1255,4244,2579,1437,5100,3190,1748,5039,3124,1618,2636,1553,987,2662,1824,749,2610,1764,846,2611,1592,932,2616,1690,825,4241,2573,1596,2580,1313,4194,3122,1709,4830,649,691,868,672,185,242,204,980,1264,968,815,802,526,805,513,410,543,226,480,252,177,101,25,545,648,808,385,555,140,201,614,728,921,943,406,596,597,637,330,575,39,625,483,151,204,144,4565,4254,3171,948,1370,652,152,183,802,701,462,332,508,357,448,436,707,607,1607,972,330,330,191,152,1548,1017,2565,2048,681,2728,1305,1005,2308,952,1333,2284,74,114,192,96,148,243,605,460,1065,3826,2908,3009,5978,2569,0
104,104,23650,20399,1571,673,274,649,37,22163,19447,1705,528,228,239,39,18458,16410,965,348,178,467,26,17389,15719,1113,221,85,130,22,218,81,41,22,11391,3084,7518,11498,2315,8612,10339,4278,5006,10202,3061,7141,10196,3713,6170,10094,3086,7008,11510,3446,7550,12914,3947,8719,12947,4092,8373,9950,2507,7153,10003,4219,5495,9889,3947,5942,9848,2682,6902,9828,3215,6301,12473,3919,8323,4225,7466,11690,3548,8116,11661,378,864,816,499,264,221,128,322,491,628,754,566,618,697,613,361,500,183,398,602,524,258,415,558,721,863,351,345,40,101,304,416,666,656,620,756,711,762,308,483,319,426,836,613,281,880,721,4161,4721,1836,3147,1278,425,100,339,269,410,427,558,396,409,263,357,760,824,1736,1038,747,436,689,2595,7147,9742,4075,4703,8780,3941,5085,9032,2947,6162,9113,3878,5949,9828,4318,7855,12178,3499,7548,11046,2857,2853,7141,2637,628,468
105,105,23307,16073,3722,1783,872,1085,60,22559,16036,3272,1757,1092,498,9,18422,13515,2400,1113,632,819,39,16800,13003,1649,1248,592,202,0,1157,454,68,0,8544,3007,4703,8308,2724,5001,7433,3559,3123,7323,3082,4241,7337,3422,3652,7242,3126,4116,8576,3469,4602,9941,4246,5418,9857,4264,5060,6676,2593,3883,6730,3492,3012,6619,3307,3312,6591,2742,3674,6625,3091,3307,9345,3949,5239,3855,5563,9430,4053,5443,9496,639,590,740,373,194,153,246,502,1219,860,747,723,449,671,537,120,297,318,287,522,251,126,137,1099,454,780,372,209,89,191,540,1264,748,648,554,745,634,702,223,462,249,334,512,268,267,219,970,4668,3820,1618,2823,957,122,120,514,372,241,399,872,505,868,591,731,764,1034,1288,728,334,412,227,2591,3850,6441,3780,2448,6228,2901,3010,5911,2155,3717,5872,2636,3514,6150,3537,4831,8368,3703,4577,8280,4087,3056,5242,5181,591,487
106,106,23174,21639,655,237,159,406,51,23088,21308,811,311,144,334,17,17855,16923,367,97,84,292,24,17389,16735,306,109,40,178,10,91,17,58,10,11461,2014,8748,11353,1553,9312,8963,2961,4933,8974,1788,7186,8947,2280,6381,8906,1759,7147,10826,2140,8269,12282,2370,9661,12169,2504,9084,9296,1306,7759,9334,2796,6091,9202,2613,6589,9145,1561,7310,9152,1936,6878,11685,2173,9278,2772,8374,11146,475,1400,1875,785,811,755,433,244,71,112,385,605,537,702,621,628,605,878,350,539,416,541,600,598,248,285,678,710,780,442,209,80,85,307,578,556,738,388,552,584,977,336,461,430,479,535,458,483,563,1109,6107,3518,1951,2355,816,240,175,369,473,469,370,741,403,392,551,528,711,1029,1502,859,465,481,387,1372,7689,9061,2855,5079,7934,3257,5318,8575,2163,6588,8751,0,0,0,0,0,0,0,0,0,3313,2767,7818,2167,371,205
107,107,24305,21256,1386,741,236,648,49,24006,20920,1462,830,259,415,138,18730,16711,854,449,152,498,37,18011,16511,677,253,152,306,22,184,91,75,22,10791,2110,7908,10711,1708,8290,8933,3128,4762,8799,2120,6679,8836,2535,5993,8786,2116,6670,10394,2353,7529,11680,2571,8855,11613,2703,8276,8674,1481,6864,8687,2956,5417,8596,2751,5845,8578,1686,6606,8588,1915,6415,11234,2352,8696,820,1298,2118,0,0,0,795,791,923,652,383,176,170,552,612,619,955,644,582,745,812,401,497,262,357,640,447,366,144,612,726,800,510,328,231,135,465,669,664,682,606,627,810,753,362,509,243,428,618,515,332,651,823,5128,4716,1883,2698,1066,125,74,631,488,438,660,370,394,417,430,477,1035,1217,1569,733,456,478,431,1643,6849,8492,3252,4359,7618,3192,4920,8107,2441,5704,8143,72,183,255,58,105,160,1222,2070,3291,3275,3011,6999,3118,742,188
108,108,24157,17636,2101,2537,1346,511,55,24088,17772,2493,2412,1184,452,39,19450,14878,1409,1693,1025,366,36,18632,15089,1357,1608,463,147,21,1413,294,44,21,11176,5288,4793,10945,4631,5630,10063,5812,3447,9991,5486,4505,10038,5240,4449,9947,5511,4436,11470,6022,4832,13313,7611,5392,13313,7312,5242,9607,5105,4199,9632,6046,3361,9518,6122,3396,9540,5195,4121,9489,5146,3732,12770,7365,5163,6914,6157,13162,7413,5734,13162,652,654,592,558,262,80,156,644,1176,1379,818,613,476,982,692,247,487,176,219,401,257,122,316,832,476,400,393,184,111,105,593,1229,1163,1010,448,850,896,671,281,509,311,342,569,400,345,541,653,2672,3992,1879,5623,2326,563,220,302,191,327,260,336,426,421,400,386,893,1404,1452,1545,1116,968,1001,4988,4328,9316,6394,2999,9391,5606,4117,9724,4547,5109,9653,533,634,1169,720,952,1673,3945,3527,7471,4346,3115,4642,6668,312,266
109,109,23076,20840,864,541,206,573,31,22966,20457,994,606,218,641,69,18229,16629,589,381,143,423,18,18081,16443,656,386,173,392,5,225,71,36,5,11166,1727,8843,11182,1338,9333,9352,2837,5482,9219,1832,7387,9215,2252,6637,9171,1810,7361,10740,1978,8399,11973,2131,9613,11905,2377,8966,9213,1118,7759,9244,2893,5870,9098,2545,6553,9106,1372,7422,9099,1589,7209,11346,2055,9095,0,0,0,0,0,0,623,583,825,422,408,130,66,288,768,615,855,750,531,675,871,288,606,237,587,725,459,296,349,574,587,662,440,263,72,51,294,496,530,589,594,503,600,944,314,461,381,532,614,572,388,641,1027,5485,4641,1978,2581,829,162,68,437,503,565,536,433,476,501,507,443,965,1041,1184,779,410,510,397,1326,7682,9008,3063,4765,7828,3240,5232,8472,2279,6313,8592,0,0,0,1284,8824,11067,604,2059,2663,3436,2659,7480,2309,1467,484
110,110,22587,20508,780,529,195,539,69,21993,19553,1011,689,266,438,68,17707,16329,497,375,119,360,40,16914,15505,564,470,71,231,0,441,50,76,0,11070,1436,9089,11043,1205,9358,9424,2501,5912,9298,1588,7710,9300,1924,7063,9261,1572,7689,10722,1681,8672,11968,1751,10008,11945,1930,9424,9250,910,7973,9301,2390,6557,9190,2161,7029,9166,1107,7803,9152,1457,7408,11578,1672,9698,151,404,554,1458,5542,7007,721,600,784,482,238,85,95,316,711,772,715,848,606,654,773,379,562,421,470,489,372,279,243,615,727,657,464,180,129,72,393,518,690,642,527,474,557,744,467,378,267,426,554,466,337,526,1282,5124,3944,1884,2617,803,137,93,395,335,414,377,522,392,523,357,608,1037,795,1301,840,463,549,405,1097,7903,9000,2623,5068,7690,3074,5387,8463,2154,6522,8676,19,61,83,1650,9429,11084,0,0,0,3079,2680,7203,2243,1256,240
111,111,24121,20648,1867,614,469,449,123,24301,21050,1829,680,467,334,45,19256,16749,1353,395,341,334,106,19281,17414,1134,314,214,153,0,219,147,47,0,9478,2350,6506,9523,1782,7371,8315,3561,3912,8167,2426,5741,8188,3181,4728,8061,2619,5442,9574,2789,6408,11064,3235,7580,11056,3361,7247,8346,1974,6106,8374,3617,4499,8262,3315,4947,8161,2190,5758,8153,2533,5301,10771,3075,7491,3984,6939,10924,3915,7039,10947,536,651,775,361,818,401,421,967,855,935,627,670,591,580,498,233,483,333,294,366,265,58,354,657,549,795,256,855,638,296,873,777,642,700,837,516,528,590,271,447,349,230,520,276,258,310,583,3917,2726,1277,3568,1489,380,436,548,574,606,413,341,376,405,723,450,741,874,1203,776,969,731,314,2144,5902,8046,3418,4225,7644,3226,4508,7732,2379,5422,7801,3272,4977,8246,2845,7901,10746,0,0,0,3366,2872,5696,4114,1800,60
112,112,22577,17279,3978,543,126,680,10,22024,16990,4045,539,97,647,6,17115,13780,2424,330,78,485,4,16025,13623,1827,310,60,204,3,147,19,32,3,8887,1621,6785,8798,1150,7195,7459,2330,4179,7365,1576,5789,7343,2039,5083,7331,1667,5664,8582,1826,6416,9664,2090,7412,9624,2197,7039,6973,1084,5703,6993,2318,4357,6891,2061,4830,6904,1215,5497,6900,1427,5257,9168,1972,7050,0,0,0,0,0,0,772,824,634,405,203,265,124,236,766,760,583,773,440,582,715,363,526,324,341,517,284,271,284,691,896,666,511,353,132,72,374,657,898,597,462,507,556,740,422,379,397,404,453,400,279,501,1682,4489,4012,1636,2427,680,207,54,374,383,330,648,445,468,401,422,479,829,873,1260,706,444,521,256,1320,6262,7582,2907,3446,6350,2610,3919,6526,1783,4899,6681,4,19,22,2542,6362,8903,1605,7294,8899,3033,3061,6385,3048,492,205
113,113,23990,20150,2447,504,169,757,55,23722,19458,2620,641,200,824,5,18524,15994,1527,325,117,550,24,18109,15893,1358,405,61,348,5,323,0,79,5,10695,1932,8096,10700,1527,8588,8910,2833,4961,8894,1942,6952,8905,2407,6190,8305,1832,6473,10297,2147,7730,11630,2399,9008,11575,2590,8454,8768,1281,7196,8787,2844,5333,8558,2540,6018,8648,1503,6881,8591,1899,6423,10989,2182,8622,387,960,1347,0,0,0,635,921,727,565,529,129,184,395,612,712,793,528,759,575,699,408,579,345,674,408,372,327,303,588,684,637,378,328,138,193,375,635,563,700,633,500,607,797,417,617,266,534,783,528,497,365,1207,5079,4781,1703,2554,962,165,73,355,410,496,652,505,424,419,533,631,862,1079,1321,845,558,402,439,1365,6445,7810,3394,4504,7901,3244,4894,8141,2431,5825,8257,2085,6591,8677,2472,8309,10782,2228,8443,10671,3320,3049,7577,2494,756,359
114,114,23846,21400,1098,402,178,685,44,24984,21844,1748,486,285,824,87,18424,16799,675,243,116,502,34,18520,17189,718,164,79,301,0,79,61,20,0,10293,2020,7607,10275,1645,8013,8969,2875,5150,8833,2089,6744,8813,2587,5928,8759,2079,6680,10291,2302,7567,11811,2532,9071,11789,2773,8464,9126,1582,7287,9159,2944,5811,9062,2728,6334,9025,1723,7026,9017,2161,6549,11573,2509,8861,2811,7375,10189,2190,7055,9250,731,795,797,573,321,192,83,383,650,675,691,756,623,546,789,444,601,397,622,516,329,322,341,674,648,790,474,149,203,162,148,644,574,649,614,715,633,730,424,619,453,399,778,455,286,824,1534,5568,4423,1946,2504,853,221,80,372,450,430,419,978,316,570,422,340,933,1049,1266,1019,594,506,441,1816,7766,9582,3183,4768,7950,3413,4905,8317,2515,5843,8357,108,250,356,28,72,99,2529,8870,11393,2868,2883,7299,2375,664,292
115,115,23901,16890,5940,335,223,667,29,23759,16189,6284,441,253,729,43,17484,13200,3595,145,143,430,9,15956,12691,2630,153,126,363,4,143,104,63,4,9089,1381,7224,9030,1091,7524,7882,1879,4898,7762,1443,6319,7750,1895,5596,7720,1476,6244,8950,1548,7055,9988,1797,8034,10275,1953,7819,7710,1033,6466,7732,2154,5246,7619,1915,5704,7589,1191,6174,7587,1539,5790,9653,1688,7821,283,626,905,1669,6790,8450,931,724,1027,646,496,276,98,372,705,739,650,680,596,733,801,371,508,356,387,517,338,262,252,799,689,933,530,182,325,116,343,620,489,779,630,644,666,743,404,509,293,349,543,331,352,464,2569,4047,3621,1749,2443,1022,149,92,234,196,276,415,367,494,367,489,362,721,842,1325,1142,710,625,636,1104,6409,7513,2140,4025,6166,2316,3997,6313,1659,4776,6443,0,0,0,0,0,0,1305,7237,8540,2458,3209,6796,2339,374,334
116,116,23588,20786,1357,342,180,879,52,23309,20493,1417,253,192,827,19,17900,16173,786,190,111,597,23,17379,15977,784,93,86,473,5,57,36,112,5,11002,1731,8609,10901,1555,8775,9036,2668,5315,8850,1747,7103,8896,2284,6285,8827,1816,7011,10575,1952,8187,11823,2052,9526,11754,2295,8879,8887,1232,7388,8910,2680,5823,8787,2345,6442,8741,1415,7032,8737,1942,6441,11364,2046,9123,1179,5610,6791,0,0,0,793,827,959,503,402,165,211,352,672,656,700,614,575,635,678,367,555,435,391,593,395,263,277,651,919,816,474,416,126,91,433,742,672,587,612,591,614,762,361,513,299,408,647,416,354,500,1262,5334,4239,1360,2559,880,185,99,378,556,425,510,409,488,389,367,499,938,1320,1249,866,508,421,411,1250,6714,7964,3241,4825,8068,3482,4968,8455,2594,5988,8582,1740,6828,8567,21,106,123,2140,8617,10762,3306,3065,7437,2579,480,236
117,117,23087,18936,1830,675,823,759,37,24831,21443,1079,786,859,209,15,16866,14193,1138,397,542,511,20,17340,15694,603,284,623,177,0,213,395,30,0,10774,3988,5787,10640,3701,6326,10134,4898,4394,10023,4370,5653,10065,4254,5493,9985,4425,5560,11487,4867,6039,13741,6226,7195,13713,6102,6889,11287,4765,6208,11322,6026,5004,11180,6118,5062,11196,4775,6157,11160,4868,5635,15327,7023,8031,4636,6261,10908,5864,7955,13824,738,1011,1298,562,188,89,59,310,348,675,667,1028,994,580,963,200,369,225,224,392,262,187,48,723,1203,970,684,402,147,77,293,372,551,978,1057,950,623,635,387,429,281,261,520,322,109,150,581,2256,2932,1164,5020,2038,393,392,92,38,59,148,181,133,149,188,197,418,444,811,1119,742,1083,2021,4578,6451,11029,6305,3483,9782,5209,4448,9657,4154,5459,9609,4789,5006,9798,5226,6686,11910,5160,6947,12106,1405,3461,6668,1541,51,50
118,118,23583,19805,2797,238,208,611,103,23245,19443,2942,175,131,549,26,17868,15502,1700,123,121,413,65,16908,15096,1341,32,60,375,0,24,56,117,0,11689,1350,9810,11621,1082,10118,9682,2073,6417,9526,1314,8212,9502,1790,7446,9447,1278,8169,11135,1447,9361,12375,1531,10657,12285,1779,9996,9246,710,8286,9343,1994,6929,9210,1833,7377,9173,893,8043,9134,1240,7642,11550,1345,9992,0,0,0,765,5137,5902,760,977,643,557,241,129,45,398,682,586,899,547,700,522,832,283,639,439,582,546,261,318,383,678,639,928,479,171,72,89,368,683,587,594,586,600,575,867,314,517,336,440,619,497,348,545,1436,5123,4079,2015,2644,720,240,70,346,385,495,277,641,470,467,473,400,762,964,1568,1073,683,520,576,834,8230,9064,2443,5798,8241,2979,5559,8538,2236,6441,8677,0,0,0,0,0,0,569,5036,5605,3183,2955,7397,2549,363,328
119,119,23670,6274,15700,1118,426,1120,42,23265,6004,15962,1411,504,972,125,16083,5135,9745,755,307,692,33,11501,4722,5895,460,298,128,4,368,226,4,4,4279,1501,2506,4192,1155,2789,4064,1755,1738,4005,1627,2378,4005,1772,2086,3999,1687,2312,4392,1683,2511,5047,2077,2865,5011,2054,2672,2875,920,1870,2899,1387,1397,2799,1229,1570,2846,990,1774,2846,1083,1626,4283,1601,2599,1861,2686,4551,2195,2816,5020,992,941,1165,464,365,201,171,608,975,762,992,576,744,785,710,122,384,180,202,135,137,60,160,1025,1246,888,528,225,74,326,470,833,807,718,552,720,642,566,269,332,123,102,304,312,126,68,3443,3568,2707,1408,1633,507,98,23,321,60,282,342,420,584,413,424,264,717,639,1430,792,353,431,159,940,1857,2797,1885,1543,3427,1418,1831,3249,908,2361,3261,0,0,0,0,0,0,1765,3075,4842,1685,3677,4164,3362,525,154
120,120,23310,20082,1958,439,213,536,58,23030,19914,2098,370,103,562,41,17881,15784,1246,275,126,342,32,17168,15602,963,194,53,334,5,162,29,55,5,11317,1388,9321,11235,1126,9630,9223,2297,5978,9082,1448,7634,9093,1757,7047,9071,1431,7640,10709,1606,8720,11793,1721,9873,11781,1860,9387,8926,947,7700,8910,2142,6436,8849,1957,6892,8833,1121,7479,8821,1351,7202,11282,1625,9450,0,0,0,1392,10305,11697,898,788,827,466,592,79,216,372,610,638,857,550,512,556,612,442,602,237,651,494,336,317,299,630,764,570,381,594,118,134,313,511,547,812,514,622,437,775,322,494,377,413,533,658,311,489,1170,4357,4242,1950,2808,668,178,155,532,420,311,527,492,478,373,414,429,796,1088,1425,834,615,617,454,1074,7656,8730,2442,4996,7438,2785,5323,8108,2166,6296,8462,0,0,0,0,0,0,0,0,0,3299,2971,7010,2812,770,256
121,121,23004,16826,2596,1931,995,608,56,22598,16095,2005,3085,1137,593,4,16169,12336,1527,1179,650,383,30,15495,12185,895,1673,602,164,0,1346,455,7,0,9415,3572,4895,9225,3167,5363,8759,4294,3741,8683,3974,4709,8726,3716,4752,8649,3905,4744,9973,4336,5096,11895,5564,6028,11892,5426,5817,9251,3942,5028,9274,4917,4137,9181,4948,4233,9196,4031,4922,9149,4052,4562,12708,5959,6502,5029,6645,11688,5562,6190,11778,784,956,944,627,231,81,124,422,358,645,1288,946,813,772,548,278,337,216,323,240,164,81,28,703,1021,800,590,260,204,19,206,475,554,1284,930,926,640,666,191,407,184,199,418,201,86,51,787,2600,2824,1180,4213,2267,167,182,124,83,129,196,169,68,152,136,192,390,448,770,1002,756,1429,1399,3957,5093,9050,5375,3126,8503,4555,4141,8693,3665,5004,8673,4031,4764,8805,4412,5507,9917,4749,5512,10261,982,3688,6185,1397,33,0
122,122,22931,11145,10213,591,560,685,46,23052,10978,10782,846,548,361,62,16114,8645,6389,399,364,430,24,13815,8252,4812,386,239,111,5,370,237,49,5,6748,1446,4969,6727,1124,5287,5656,1575,3217,5535,1346,4189,5585,1579,3823,5568,1372,4196,6643,1559,4833,7671,1935,5615,7612,1971,5318,4921,749,4040,4950,1449,3281,4863,1236,3627,4884,834,3938,4900,944,3778,6881,1466,5318,0,0,0,28,178,206,841,1094,1073,527,347,166,132,400,777,694,929,618,608,658,973,260,307,263,328,343,134,119,146,921,961,784,629,356,114,153,399,505,727,628,608,761,698,479,247,344,161,333,310,252,92,192,3228,3813,3046,1136,1559,538,105,86,358,219,159,260,234,268,295,270,427,761,849,897,716,562,517,411,790,4065,4855,1790,2793,4583,1687,2947,4636,1113,3506,4623,0,0,0,117,201,320,1362,5576,6937,1635,3360,5508,2112,745,56
123,123,22957,8627,11317,1556,1246,587,48,22393,8294,11031,1832,1175,602,66,16660,7133,7391,1051,879,415,38,13376,6951,5043,642,513,216,19,582,511,28,19,6351,2153,3791,6292,1546,4417,5520,2224,2267,5371,2015,3356,5426,2307,2907,5418,2075,3343,6318,2284,3669,7288,2934,4191,7215,2854,3928,4501,1265,3111,4527,2031,2349,4411,1840,2571,4467,1346,2995,4465,1470,2791,6781,2387,4256,0,0,0,0,0,0,827,888,951,598,471,266,187,669,834,973,766,793,774,785,670,186,319,171,196,377,232,166,118,825,1056,841,420,317,175,135,572,770,697,680,666,490,578,737,292,373,200,307,346,240,293,325,3911,3542,2987,1094,1887,685,105,132,475,298,217,255,147,268,237,422,470,806,770,1080,1172,864,471,364,1305,3108,4413,2199,2169,4368,1641,2395,4034,1074,2818,3888,0,0,0,2171,4126,6295,2000,4438,6439,2018,3323,4711,3322,581,123
124,124,23685,13171,9585,279,194,808,62,23152,12645,9647,191,335,981,27,16874,10168,6054,165,106,557,32,13377,9598,3243,85,92,364,4,54,51,83,4,8339,1289,6635,8201,916,6879,6621,1510,4194,6495,1123,5372,6534,1334,5026,6479,1120,5359,7830,1293,6248,8775,1462,7164,8688,1549,6712,5889,590,5158,5938,1507,4187,5839,1215,4624,5853,722,4961,5855,871,4759,7872,1203,6550,0,0,0,0,0,0,862,1201,861,722,516,31,151,310,713,900,875,610,669,508,626,459,479,272,340,660,165,185,157,701,985,1057,385,237,150,154,347,481,809,760,712,668,577,733,241,497,249,257,482,224,311,325,3096,4470,3506,1313,1810,506,217,26,293,156,226,202,284,329,629,279,240,883,938,999,820,663,712,379,698,5082,5780,1588,3225,4813,2032,3418,5450,1529,3994,5523,0,0,0,0,0,0,1063,6555,7618,2120,3439,6181,2459,254,203
125,125,23208,6657,14888,879,649,915,47,22818,6187,15002,1303,572,854,7,16107,5484,9381,585,483,612,24,12350,4985,6151,693,341,164,4,632,333,33,4,5441,1691,3473,5115,1266,3501,4114,1477,2182,4019,1297,2722,4018,1374,2517,4020,1315,2705,4952,1582,3164,5731,1912,3714,5261,1833,3166,3237,755,2382,3241,1189,1927,3202,1111,2091,3202,804,2298,3195,943,2118,4980,1432,3465,0,0,0,2102,3490,5592,1034,1176,999,663,403,238,276,414,799,854,830,752,755,696,410,538,355,210,172,264,237,152,45,981,875,972,564,346,118,202,539,844,744,446,853,663,613,395,331,322,44,278,280,151,177,319,4055,3992,2822,1079,1150,355,74,32,207,360,326,309,309,357,227,425,686,666,936,1198,441,488,375,255,794,2376,3170,1496,1505,3001,1104,1885,2989,737,2279,3016,0,0,0,0,0,0,1834,2976,4810,1760,3651,4928,2873,324,83
