{"type":"FeatureCollection","features":[{"type":"Feature","properties":{"id":1,"NAME":"1","text-color":"#000000","text-size":16,"labelx":-94.887368,"labely":37.169358,"TotalPop":23705,"PopDevPct":0.00859293,"DemPct":0.2593411,"RepPct":0.7095219,"WhitePct":0.86334822,"MinorityPct":0.13665178,"BlackPct":0.01003252,"HispanicPct":0.01923819,"PacificPct":0.0023152,"AsianPct":0.00518163,"NativePct":0.09227716,"TotalVAP":18141,"Margin":-0.2406589,"color":"#820000","opacity":"0.5"},"geometry":{"type":"MultiPolygon","coordinates":[[[[-95.073504,36.999552],[-95.049491,36.999589],[-95.03881,36.99965],[-95.035329,36.999501],[-95.034955,36.999497],[-95.03458,36.999496],[-95.011433,36.999535],[-95.005969,36.999505],[-94.995178,36.999511],[-94.977044,36.99949],[-94.95878,36.99943],[-94.940612,36.999229],[-94.931508,36.999174],[-94.92247,36.999128],[-94.904383,36.99904],[-94.88624,36.998862],[-94.867909,36.998866],[-94.851641,36.998874],[-94.846772,36.99882],[-94.846671,36.998822],[-94.844368,36.998812],[-94.843122,36.998807],[-94.841889,36.998801],[-94.840925,36.998798],[-94.83154,36.99877],[-94.831084,36.998768],[-94.81348,36.99871],[-94.795232,36.998774],[-94.777245,36.998702],[-94.758812,36.998641],[-94.752677,36.998591],[-94.749682,36.998607],[-94.748054,36.998618],[-94.744987,36.99865],[-94.740698,36.998669],[-94.736103,36.998669],[-94.731507,36.99867],[-94.728282,36.998678],[-94.723828,36.99868],[-94.72242,36.998701],[-94.712825,36.998794],[-94.712481,36.998794],[-94.71143,36.998795],[-94.711269,36.998795],[-94.711064,36.998796],[-94.701816,36.998648],[-94.691309,36.998841],[-94.685808,36.998748],[-94.681185,36.998669],[-94.66749,36.99867],[-94.630846,36.998677],[-94.625167,36.999019],[-94.617964,36.998905],[-94.617927,37.00474],[-94.617994,37.009121],[-94.61794,37.014709],[-94.618014,37.030926],[-94.617981,37.032747],[-94.617963,37.040443],[-94.617852,37.05638],[-94.617838,37.058204],[-94.617835,37.060072],[-94.617884,37.069211],[-94.617912,37.070337],[-94.617936,37.072124],[-94.617927,37.074696],[-94.617932,37.078686],[-94.617934,37.07882],[-94.617944,37.08037],[-94.617933,37.081025],[-94.617939,37.081306],[-94.617945,37.085931],[-94.618029,37.087141],[-94.618073,37.089267],[-94.618061,37.091258],[-94.61809,37.093494],[-94.617968,37.096636],[-94.618011,37.103973],[-94.618017,37.113186],[-94.618167,37.11893],[-94.618086,37.124952],[-94.617978,37.12964],[-94.617811,37.133753],[-94.617807,37.138365],[-94.618041,37.142341],[-94.618071,37.143523],[-94.618229,37.151651],[-94.618257,37.163475],[-94.618177,37.169138],[-94.618293,37.18112],[-94.61832,37.188863],[-94.618313,37.194687],[-94.618176,37.20719],[-94.618103,37.21175],[-94.618144,37.22202],[-94.618158,37.237597],[-94.61802,37.243437],[-94.618023,37.251211],[-94.618043,37.265887],[-94.617971,37.280129],[-94.617928,37.29495],[-94.617926,37.296417],[-94.617881,37.3092],[-94.617867,37.313022],[-94.617794,37.323812],[-94.617658,37.326817],[-94.617683,37.336652],[-94.617722,37.338418],[-94.622238,37.338379],[-94.631612,37.338316],[-94.637892,37.338308],[-94.646774,37.3383],[-94.647321,37.338299],[-94.650734,37.338284],[-94.666221,37.338254],[-94.668398,37.338436],[-94.673307,37.338556],[-94.673831,37.338555],[-94.673977,37.338556],[-94.686909,37.338537],[-94.697698,37.338443],[-94.703984,37.338604],[-94.705312,37.338613],[-94.705388,37.338613],[-94.706038,37.338606],[-94.71449,37.338636],[-94.723241,37.338669],[-94.732103,37.338744],[-94.73752,37.338786],[-94.741519,37.33882],[-94.746747,37.338865],[-94.756076,37.338947],[-94.759733,37.338979],[-94.777918,37.339123],[-94.796093,37.339265],[-94.814377,37.339366],[-94.816826,37.339378],[-94.820287,37.339394],[-94.820793,37.339387],[-94.820861,37.339387],[-94.822197,37.339388],[-94.823511,37.339398],[-94.826071,37.33941],[-94.832132,37.339433],[-94.849257,37.339559],[-94.8509,37.339563],[-94.868566,37.339697],[-94.884205,37.339805],[-94.885221,37.339822],[-94.886675,37.339833],[-94.904821,37.339947],[-94.922806,37.339968],[-94.94048,37.33998],[-94.958699,37.339999],[-94.964707,37.339998],[-94.964847,37.339991],[-94.983929,37.339993],[-94.995141,37.339993],[-95.013336,37.339998],[-95.031558,37.339983],[-95.04935,37.339964],[-95.067845,37.33994],[-95.075166,37.339937],[-95.075194,37.325446],[-95.07522,37.310765],[-95.075246,37.296012],[-95.075257,37.290609],[-95.075249,37.281441],[-95.075324,37.26676],[-95.075075,37.257671],[-95.074487,37.244876],[-95.074221,37.242155],[-95.074216,37.237506],[-95.074208,37.230215],[-95.074199,37.222734],[-95.074168,37.208273],[-95.086217,37.20831],[-95.098038,37.208345],[-95.099646,37.208292],[-95.101931,37.208665],[-95.116231,37.208347],[-95.116424,37.208279],[-95.116779,37.208219],[-95.122202,37.20812],[-95.131293,37.208107],[-95.140338,37.208065],[-95.140429,37.208065],[-95.158297,37.207898],[-95.158313,37.206255],[-95.158315,37.204188],[-95.158279,37.193406],[-95.158215,37.184703],[-95.158178,37.178847],[-95.158097,37.172897],[-95.157949,37.164389],[-95.158005,37.162074],[-95.158004,37.161964],[-95.158009,37.161175],[-95.157898,37.160971],[-95.157776,37.149812],[-95.157868,37.149812],[-95.157704,37.132024],[-95.157701,37.131429],[-95.157699,37.13088],[-95.157697,37.130514],[-95.157693,37.130165],[-95.15767,37.128094],[-95.157499,37.120864],[-95.166553,37.120989],[-95.175647,37.120881],[-95.193918,37.120981],[-95.206917,37.12103],[-95.21217,37.121003],[-95.216148,37.120881],[-95.218036,37.121162],[-95.218267,37.121197],[-95.22153,37.120748],[-95.230067,37.120524],[-95.248366,37.120398],[-95.258422,37.120571],[-95.267546,37.120515],[-95.273463,37.120458],[-95.285976,37.120478],[-95.304171,37.120466],[-95.312494,37.120386],[-95.322568,37.120396],[-95.330989,37.120374],[-95.340649,37.120222],[-95.359161,37.120098],[-95.377256,37.119937],[-95.377316,37.119448],[-95.377187,37.105501],[-95.377252,37.091023],[-95.37738,37.0771],[-95.377521,37.062653],[-95.377343,37.04869],[-95.37744,37.040755],[-95.377393,37.034251],[-95.377579,37.031555],[-95.37731,37.025901],[-95.377333,37.019662],[-95.377137,37.005123],[-95.377258,36.99936],[-95.373339,36.999355],[-95.369967,36.999429],[-95.358878,36.999414],[-95.34063,36.999364],[-95.322616,36.999406],[-95.304369,36.999499],[-95.28608,36.999535],[-95.281881,36.999547],[-95.267876,36.999525],[-95.249774,36.999567],[-95.231654,36.999562],[-95.213539,36.999577],[-95.19568,36.999572],[-95.182666,36.999474],[-95.176998,36.999568],[-95.173366,36.999621],[-95.158969,36.999594],[-95.140461,36.999576],[-95.132998,36.999643],[-95.130516,36.999542],[-95.12214,36.999564],[-95.103948,36.999595],[-95.096687,36.99957],[-95.094869,36.999578],[-95.085797,36.999584],[-95.073504,36.999552]]]]}},{"type":"Feature","properties":{"id":2,"NAME":"2","text-color":"#000000","text-size":16,"labelx":-95.20896,"labely":37.554597,"TotalPop":22863,"PopDevPct":-0.02723222,"DemPct":0.32278799,"RepPct":0.64065482,"WhitePct":0.91088036,"MinorityPct":0.08911964,"BlackPct":0.01163919,"HispanicPct":0.02595995,"PacificPct":0.00193986,"AsianPct":0.00678952,"NativePct":0.03794146,"TotalVAP":17527,"Margin":-0.17721201,"color":"#f80d00","opacity":"0.5"},"geometry":{"type":"MultiPolygon","coordinates":[[[[-94.61762,37.643991],[-94.617835,37.66815],[-94.617779,37.673105],[-94.629885,37.673423],[-94.630829,37.673425],[-94.632436,37.673432],[-94.636577,37.673425],[-94.648791,37.673274],[-94.666882,37.673259],[-94.679017,37.673337],[-94.685201,37.673244],[-94.696699,37.673194],[-94.703525,37.67328],[-94.706951,37.673164],[-94.721117,37.673705],[-94.721301,37.673711],[-94.730684,37.67388],[-94.738784,37.674051],[-94.739846,37.674028],[-94.758142,37.674091],[-94.758238,37.674091],[-94.763862,37.674093],[-94.767279,37.674182],[-94.776545,37.674143],[-94.80101,37.674042],[-94.814004,37.674032],[-94.832156,37.673986],[-94.833083,37.673988],[-94.841388,37.674088],[-94.850368,37.674225],[-94.86934,37.674361],[-94.883666,37.674738],[-94.892026,37.674847],[-94.898821,37.674793],[-94.906328,37.674593],[-94.914824,37.674598],[-94.924681,37.674591],[-94.942549,37.674672],[-94.960416,37.674653],[-94.969557,37.674747],[-94.996754,37.674891],[-95.01528,37.674749],[-95.018842,37.674757],[-95.033439,37.674905],[-95.041523,37.674867],[-95.051618,37.674744],[-95.060571,37.674655],[-95.069801,37.674424],[-95.077359,37.67441],[-95.088012,37.674519],[-95.087846,37.689163],[-95.087939,37.703612],[-95.08793,37.706448],[-95.087922,37.718177],[-95.088082,37.732476],[-95.096781,37.732527],[-95.106487,37.732399],[-95.107918,37.732392],[-95.115714,37.732406],[-95.124618,37.733892],[-95.143095,37.734052],[-95.145374,37.734075],[-95.160688,37.734202],[-95.169585,37.732822],[-95.178667,37.732828],[-95.181416,37.732829],[-95.193181,37.732757],[-95.19736,37.732539],[-95.215657,37.732587],[-95.233963,37.732531],[-95.252138,37.732369],[-95.262481,37.732372],[-95.272076,37.732505],[-95.281158,37.732535],[-95.281515,37.73254],[-95.288025,37.732608],[-95.288262,37.732604],[-95.301603,37.732669],[-95.306441,37.732762],[-95.324725,37.732925],[-95.334108,37.732998],[-95.34017,37.73285],[-95.343023,37.73278],[-95.361324,37.732811],[-95.378793,37.732906],[-95.397228,37.73291],[-95.415694,37.732828],[-95.424016,37.732805],[-95.424872,37.733045],[-95.431049,37.732968],[-95.440873,37.732984],[-95.459016,37.73295],[-95.459913,37.732948],[-95.460449,37.732948],[-95.460649,37.732948],[-95.461026,37.732948],[-95.470925,37.73271],[-95.488888,37.732642],[-95.498673,37.73253],[-95.506983,37.73275],[-95.525499,37.732759],[-95.525547,37.718453],[-95.525564,37.703987],[-95.525662,37.696078],[-95.525698,37.689271],[-95.52588,37.674781],[-95.525836,37.660188],[-95.507502,37.660178],[-95.498486,37.660163],[-95.489199,37.660156],[-95.486085,37.660164],[-95.481865,37.660175],[-95.479474,37.659942],[-95.47944,37.6625],[-95.47945,37.667515],[-95.479463,37.674777],[-95.479469,37.678395],[-95.479476,37.682034],[-95.478824,37.682022],[-95.47775,37.682029],[-95.476557,37.682036],[-95.473982,37.682083],[-95.473332,37.682076],[-95.472114,37.682082],[-95.470862,37.682087],[-95.469694,37.682062],[-95.468585,37.682018],[-95.467491,37.681994],[-95.46625,37.681934],[-95.465016,37.681907],[-95.463798,37.681887],[-95.463461,37.681886],[-95.462425,37.681857],[-95.461182,37.681856],[-95.461092,37.681847],[-95.459939,37.681848],[-95.458853,37.681831],[-95.458615,37.681826],[-95.457111,37.681753],[-95.456873,37.681734],[-95.455529,37.681751],[-95.454156,37.681756],[-95.452799,37.681843],[-95.452576,37.681852],[-95.451722,37.681839],[-95.450529,37.681831],[-95.449216,37.681831],[-95.447952,37.681832],[-95.446712,37.681833],[-95.445436,37.681824],[-95.44531,37.681828],[-95.444114,37.681859],[-95.444593,37.681055],[-95.444115,37.679551],[-95.444075,37.678754],[-95.444029,37.678277],[-95.443908,37.676499],[-95.443826,37.674688],[-95.443066,37.674707],[-95.443299,37.673958],[-95.443298,37.673868],[-95.443312,37.672831],[-95.443389,37.670115],[-95.442183,37.669729],[-95.442205,37.668913],[-95.442245,37.66746],[-95.443355,37.667428],[-95.443412,37.666158],[-95.443433,37.664878],[-95.443444,37.66387],[-95.443453,37.66192],[-95.443457,37.660224],[-95.446885,37.660166],[-95.449211,37.660123],[-95.452658,37.660056],[-95.452648,37.65738],[-95.452602,37.645784],[-95.45263,37.642619],[-95.452632,37.642147],[-95.452632,37.642102],[-95.452636,37.641661],[-95.452641,37.641047],[-95.452646,37.640217],[-95.452652,37.639221],[-95.452659,37.638403],[-95.452652,37.636411],[-95.452649,37.636053],[-95.452649,37.63592],[-95.45257,37.632594],[-95.452525,37.630725],[-95.452502,37.616234],[-95.451039,37.616232],[-95.434302,37.616324],[-95.425165,37.616409],[-95.416026,37.616413],[-95.397775,37.616425],[-95.386245,37.616407],[-95.379456,37.616402],[-95.379411,37.601827],[-95.37939,37.594616],[-95.379406,37.587298],[-95.379371,37.580003],[-95.379372,37.576031],[-95.379372,37.572812],[-95.379327,37.558267],[-95.379214,37.543964],[-95.379262,37.530191],[-95.379206,37.529104],[-95.379121,37.527762],[-95.379093,37.514757],[-95.379165,37.500196],[-95.379164,37.500006],[-95.379108,37.485597],[-95.379133,37.471087],[-95.379135,37.459799],[-95.379178,37.456606],[-95.37932,37.442047],[-95.379322,37.427518],[-95.37936,37.414692],[-95.379365,37.412907],[-95.379378,37.398475],[-95.379333,37.389403],[-95.379277,37.38402],[-95.376077,37.384011],[-95.361452,37.384084],[-95.358197,37.384096],[-95.343065,37.384069],[-95.339907,37.384077],[-95.321783,37.384073],[-95.30655,37.384052],[-95.303366,37.384079],[-95.28522,37.384132],[-95.283433,37.384121],[-95.282486,37.384093],[-95.269145,37.384004],[-95.266848,37.38402],[-95.262655,37.384072],[-95.261064,37.384045],[-95.260078,37.384045],[-95.256596,37.384045],[-95.251913,37.384045],[-95.249289,37.384042],[-95.246504,37.384081],[-95.233703,37.384132],[-95.232291,37.384145],[-95.214725,37.384247],[-95.213359,37.384269],[-95.19493,37.384288],[-95.190934,37.384296],[-95.17892,37.384293],[-95.176352,37.38427],[-95.160752,37.384307],[-95.157879,37.384327],[-95.140626,37.384327],[-95.140515,37.384267],[-95.13229,37.384313],[-95.124455,37.384132],[-95.124095,37.384125],[-95.123774,37.384119],[-95.106623,37.383889],[-95.101533,37.383869],[-95.094385,37.383795],[-95.08845,37.383836],[-95.088189,37.383837],[-95.086055,37.383849],[-95.08372,37.383833],[-95.074972,37.383823],[-95.075112,37.369202],[-95.075137,37.354606],[-95.075143,37.352432],[-95.075166,37.339937],[-95.067845,37.33994],[-95.04935,37.339964],[-95.031558,37.339983],[-95.013336,37.339998],[-94.995141,37.339993],[-94.983929,37.339993],[-94.964847,37.339991],[-94.964707,37.339998],[-94.958699,37.339999],[-94.94048,37.33998],[-94.922806,37.339968],[-94.904821,37.339947],[-94.886675,37.339833],[-94.885221,37.339822],[-94.884205,37.339805],[-94.868566,37.339697],[-94.8509,37.339563],[-94.849257,37.339559],[-94.832132,37.339433],[-94.826071,37.33941],[-94.823511,37.339398],[-94.822197,37.339388],[-94.820861,37.339387],[-94.820793,37.339387],[-94.820287,37.339394],[-94.816826,37.339378],[-94.814377,37.339366],[-94.796093,37.339265],[-94.777918,37.339123],[-94.77787,37.347474],[-94.777851,37.353542],[-94.777906,37.365067],[-94.777901,37.367974],[-94.777774,37.3822],[-94.77828,37.382203],[-94.778134,37.391916],[-94.778179,37.396781],[-94.778246,37.403657],[-94.778074,37.411311],[-94.778118,37.418421],[-94.778161,37.425774],[-94.778262,37.437486],[-94.778529,37.438856],[-94.778221,37.439713],[-94.778041,37.440364],[-94.778319,37.441177],[-94.778453,37.44785],[-94.778413,37.450023],[-94.778328,37.453032],[-94.778321,37.455002],[-94.774958,37.454994],[-94.770329,37.455021],[-94.764786,37.455017],[-94.760083,37.455021],[-94.741662,37.455046],[-94.733231,37.455082],[-94.735724,37.466164],[-94.73263,37.46508],[-94.732049,37.464887],[-94.730702,37.459215],[-94.72976,37.455112],[-94.728238,37.455127],[-94.723356,37.455168],[-94.723359,37.452612],[-94.723301,37.442569],[-94.7233,37.441503],[-94.72123,37.441502],[-94.720979,37.441502],[-94.720982,37.442243],[-94.718726,37.442246],[-94.718741,37.444088],[-94.714368,37.444093],[-94.714384,37.442527],[-94.713071,37.442529],[-94.712966,37.443054],[-94.712928,37.445906],[-94.712906,37.447646],[-94.712903,37.447781],[-94.71413,37.44777],[-94.714167,37.450084],[-94.714107,37.455154],[-94.714205,37.455154],[-94.711758,37.455282],[-94.711759,37.455136],[-94.711916,37.452297],[-94.709582,37.451235],[-94.709556,37.44806],[-94.709547,37.444159],[-94.705014,37.444132],[-94.701364,37.444116],[-94.70135,37.440428],[-94.700246,37.440427],[-94.697877,37.440414],[-94.697724,37.440413],[-94.695736,37.440396],[-94.694393,37.440378],[-94.690208,37.44031],[-94.689295,37.440304],[-94.686552,37.440323],[-94.685267,37.443192],[-94.685049,37.442835],[-94.684808,37.442442],[-94.68406,37.440243],[-94.677476,37.440213],[-94.677421,37.449831],[-94.672741,37.449796],[-94.672733,37.451104],[-94.667995,37.451117],[-94.668012,37.453982],[-94.666004,37.453981],[-94.666004,37.454756],[-94.658243,37.454746],[-94.649451,37.454687],[-94.647189,37.454671],[-94.646717,37.454707],[-94.644609,37.454668],[-94.630787,37.454647],[-94.61711,37.454776],[-94.617217,37.461225],[-94.617212,37.461518],[-94.617183,37.464951],[-94.617115,37.469788],[-94.617041,37.482321],[-94.616966,37.483837],[-94.616858,37.491572],[-94.616729,37.49979],[-94.616733,37.500934],[-94.616724,37.506904],[-94.616732,37.508612],[-94.61673,37.508811],[-94.616862,37.521609],[-94.616919,37.528761],[-94.617012,37.535239],[-94.617022,37.544149],[-94.617207,37.550501],[-94.617175,37.552208],[-94.617106,37.555697],[-94.617084,37.556535],[-94.617108,37.557355],[-94.617127,37.558235],[-94.617122,37.558948],[-94.617112,37.559917],[-94.617107,37.560864],[-94.617117,37.56181],[-94.617102,37.562727],[-94.617111,37.563166],[-94.617033,37.570797],[-94.617345,37.579214],[-94.617347,37.591218],[-94.617427,37.609522],[-94.617384,37.614594],[-94.617644,37.62496],[-94.617621,37.628697],[-94.617503,37.636691],[-94.617593,37.639314],[-94.617606,37.640283],[-94.617607,37.643145],[-94.61762,37.643991]]]]}},{"type":"Feature","properties":{"id":3,"NAME":"3","text-color":"#000000","text-size":16,"labelx":-94.713922,"labely":37.390307,"TotalPop":24113,"PopDevPct":0.02595239,"DemPct":0.42154682,"RepPct":0.53385224,"WhitePct":0.80264069,"MinorityPct":0.19735931,"BlackPct":0.04685088,"HispanicPct":0.07400309,"PacificPct":0.0053772,"AsianPct":0.02331896,"NativePct":0.04615876,"TotalVAP":18783,"Margin":-0.07845318,"color":"#ff837d","opacity":"0.5"},"geometry":{"type":"MultiPolygon","coordinates":[[[[-94.700246,37.440427],[-94.70135,37.440428],[-94.701364,37.444116],[-94.705014,37.444132],[-94.709547,37.444159],[-94.709556,37.44806],[-94.709582,37.451235],[-94.711916,37.452297],[-94.711759,37.455136],[-94.711758,37.455282],[-94.714205,37.455154],[-94.714107,37.455154],[-94.714167,37.450084],[-94.71413,37.44777],[-94.712903,37.447781],[-94.712906,37.447646],[-94.712928,37.445906],[-94.712966,37.443054],[-94.713071,37.442529],[-94.714384,37.442527],[-94.714368,37.444093],[-94.718741,37.444088],[-94.718726,37.442246],[-94.720982,37.442243],[-94.720979,37.441502],[-94.72123,37.441502],[-94.7233,37.441503],[-94.723301,37.442569],[-94.723359,37.452612],[-94.723356,37.455168],[-94.728238,37.455127],[-94.72976,37.455112],[-94.730702,37.459215],[-94.732049,37.464887],[-94.73263,37.46508],[-94.735724,37.466164],[-94.733231,37.455082],[-94.741662,37.455046],[-94.760083,37.455021],[-94.764786,37.455017],[-94.770329,37.455021],[-94.774958,37.454994],[-94.778321,37.455002],[-94.778328,37.453032],[-94.778413,37.450023],[-94.778453,37.44785],[-94.778319,37.441177],[-94.778041,37.440364],[-94.778221,37.439713],[-94.778529,37.438856],[-94.778262,37.437486],[-94.778161,37.425774],[-94.778118,37.418421],[-94.778074,37.411311],[-94.778246,37.403657],[-94.778179,37.396781],[-94.778134,37.391916],[-94.77828,37.382203],[-94.777774,37.3822],[-94.777901,37.367974],[-94.777906,37.365067],[-94.777851,37.353542],[-94.77787,37.347474],[-94.777918,37.339123],[-94.759733,37.338979],[-94.756076,37.338947],[-94.746747,37.338865],[-94.741519,37.33882],[-94.73752,37.338786],[-94.732103,37.338744],[-94.723241,37.338669],[-94.71449,37.338636],[-94.706038,37.338606],[-94.705388,37.338613],[-94.705312,37.338613],[-94.703984,37.338604],[-94.697698,37.338443],[-94.686909,37.338537],[-94.673977,37.338556],[-94.673831,37.338555],[-94.673307,37.338556],[-94.668398,37.338436],[-94.666221,37.338254],[-94.650734,37.338284],[-94.647321,37.338299],[-94.646774,37.3383],[-94.637892,37.338308],[-94.631612,37.338316],[-94.622238,37.338379],[-94.617722,37.338418],[-94.617668,37.342572],[-94.617663,37.34357],[-94.617658,37.344582],[-94.617652,37.345563],[-94.617622,37.350759],[-94.61761,37.352844],[-94.61757,37.364143],[-94.617554,37.367298],[-94.617545,37.374842],[-94.617524,37.381688],[-94.617516,37.396332],[-94.617464,37.406092],[-94.617414,37.410959],[-94.617269,37.425578],[-94.617268,37.425749],[-94.617271,37.440047],[-94.61726,37.446257],[-94.617094,37.448969],[-94.61711,37.454776],[-94.630787,37.454647],[-94.644609,37.454668],[-94.646717,37.454707],[-94.647189,37.454671],[-94.649451,37.454687],[-94.658243,37.454746],[-94.666004,37.454756],[-94.666004,37.453981],[-94.668012,37.453982],[-94.667995,37.451117],[-94.672733,37.451104],[-94.672741,37.449796],[-94.677421,37.449831],[-94.677476,37.440213],[-94.68406,37.440243],[-94.684808,37.442442],[-94.685049,37.442835],[-94.685267,37.443192],[-94.686552,37.440323],[-94.689295,37.440304],[-94.690208,37.44031],[-94.694393,37.440378],[-94.695736,37.440396],[-94.697724,37.440413],[-94.697877,37.440414],[-94.700246,37.440427]]]]}},{"type":"Feature","properties":{"id":4,"NAME":"4","text-color":"#000000","text-size":16,"labelx":-94.84679,"labely":37.948206,"TotalPop":23030,"PopDevPct":-0.02012676,"DemPct":0.23128697,"RepPct":0.73332653,"WhitePct":0.89942595,"MinorityPct":0.10057405,"BlackPct":0.0283008,"HispanicPct":0.01900115,"PacificPct":0.00160735,"AsianPct":0.00797933,"NativePct":0.03668197,"TotalVAP":17420,"Margin":-0.26871303,"color":"#820000","opacity":"0.5"},"geometry":{"type":"MultiPolygon","coordinates":[[[[-94.918018,38.272978],[-94.921694,38.272984],[-94.93637,38.272988],[-94.954703,38.27304],[-94.977767,38.273041],[-94.980575,38.273019],[-94.991676,38.273055],[-94.994425,38.27305],[-95.009751,38.273124],[-95.010082,38.273131],[-95.021299,38.273061],[-95.028242,38.273194],[-95.046782,38.273129],[-95.065305,38.273177],[-95.065088,38.264735],[-95.065103,38.258648],[-95.075459,38.258714],[-95.075342,38.251527],[-95.07569,38.240506],[-95.075767,38.238091],[-95.075841,38.233271],[-95.075922,38.230213],[-95.076185,38.211696],[-95.076388,38.204419],[-95.076688,38.191846],[-95.076751,38.182665],[-95.076616,38.17354],[-95.076667,38.168252],[-95.076696,38.159087],[-95.076712,38.15412],[-95.076683,38.151143],[-95.076708,38.139594],[-95.076501,38.134148],[-95.076523,38.125031],[-95.076826,38.115055],[-95.076855,38.110503],[-95.076769,38.096444],[-95.077067,38.095891],[-95.07727,38.081348],[-95.077399,38.075666],[-95.077506,38.063606],[-95.077786,38.052234],[-95.077876,38.037706],[-95.078034,38.030542],[-95.078279,38.019071],[-95.078232,38.01375],[-95.07835,38.008782],[-95.078535,38.000971],[-95.078468,37.998403],[-95.078682,37.993976],[-95.078568,37.991029],[-95.078509,37.979419],[-95.078756,37.964909],[-95.078972,37.950409],[-95.079142,37.935835],[-95.079298,37.921329],[-95.079559,37.906826],[-95.07979,37.899715],[-95.0798,37.899365],[-95.079829,37.898587],[-95.079851,37.89595],[-95.079862,37.895507],[-95.079885,37.894474],[-95.07993,37.892415],[-95.079959,37.890317],[-95.080098,37.877909],[-95.080181,37.870834],[-95.080121,37.856183],[-95.079993,37.848876],[-95.079806,37.834292],[-95.079692,37.8198],[-95.087808,37.819815],[-95.087955,37.81956],[-95.088012,37.810212],[-95.087837,37.805347],[-95.087778,37.804209],[-95.087876,37.797992],[-95.08803,37.797901],[-95.087973,37.790684],[-95.087869,37.782301],[-95.087952,37.775984],[-95.087883,37.774356],[-95.087839,37.761405],[-95.088102,37.747063],[-95.088082,37.732476],[-95.087922,37.718177],[-95.08793,37.706448],[-95.087939,37.703612],[-95.087846,37.689163],[-95.088012,37.674519],[-95.077359,37.67441],[-95.069801,37.674424],[-95.060571,37.674655],[-95.051618,37.674744],[-95.041523,37.674867],[-95.033439,37.674905],[-95.018842,37.674757],[-95.01528,37.674749],[-94.996754,37.674891],[-94.969557,37.674747],[-94.960416,37.674653],[-94.942549,37.674672],[-94.924681,37.674591],[-94.914824,37.674598],[-94.906328,37.674593],[-94.898821,37.674793],[-94.892026,37.674847],[-94.883666,37.674738],[-94.86934,37.674361],[-94.850368,37.674225],[-94.841388,37.674088],[-94.833083,37.673988],[-94.832156,37.673986],[-94.814004,37.674032],[-94.80101,37.674042],[-94.776545,37.674143],[-94.767279,37.674182],[-94.763862,37.674093],[-94.758238,37.674091],[-94.758142,37.674091],[-94.739846,37.674028],[-94.738784,37.674051],[-94.730684,37.67388],[-94.721301,37.673711],[-94.721117,37.673705],[-94.706951,37.673164],[-94.703525,37.67328],[-94.696699,37.673194],[-94.685201,37.673244],[-94.679017,37.673337],[-94.666882,37.673259],[-94.648791,37.673274],[-94.636577,37.673425],[-94.632436,37.673432],[-94.630829,37.673425],[-94.629885,37.673423],[-94.617779,37.673105],[-94.617821,37.679709],[-94.617966,37.682217],[-94.617673,37.687751],[-94.617897,37.689921],[-94.617868,37.695777],[-94.617885,37.70202],[-94.617889,37.71673],[-94.61783,37.728214],[-94.617823,37.729744],[-94.617807,37.73114],[-94.617794,37.732548],[-94.617726,37.745432],[-94.617645,37.761243],[-94.617643,37.772955],[-94.617663,37.775865],[-94.617465,37.783227],[-94.617405,37.790531],[-94.617134,37.805178],[-94.616954,37.819078],[-94.616862,37.819455],[-94.616373,37.841808],[-94.616347,37.84856],[-94.616276,37.851512],[-94.616273,37.851651],[-94.61627,37.851778],[-94.615998,37.863184],[-94.615828,37.872394],[-94.61592,37.878306],[-94.615716,37.878645],[-94.615626,37.891827],[-94.61517,37.90618],[-94.615392,37.90644],[-94.615179,37.91602],[-94.614778,37.9342],[-94.614864,37.935612],[-94.614612,37.944362],[-94.614594,37.950049],[-94.614523,37.964723],[-94.614555,37.970605],[-94.614164,37.974007],[-94.614185,37.977389],[-94.61454,37.978171],[-94.614155,37.978565],[-94.614108,37.986568],[-94.614223,37.991565],[-94.614266,37.993417],[-94.614014,38.002375],[-94.614142,38.007916],[-94.614052,38.01522],[-94.614021,38.022474],[-94.614089,38.037057],[-94.614053,38.051474],[-94.61406,38.067602],[-94.613899,38.080951],[-94.613896,38.085887],[-94.613733,38.106125],[-94.613798,38.109926],[-94.613733,38.117286],[-94.61382,38.124418],[-94.613963,38.126699],[-94.613718,38.13247],[-94.613696,38.138853],[-94.613634,38.149674],[-94.613857,38.14977],[-94.613431,38.161453],[-94.613474,38.167994],[-94.613161,38.177932],[-94.61312,38.182486],[-94.613056,38.189521],[-94.612835,38.1913],[-94.612883,38.201198],[-94.612656,38.207857],[-94.612543,38.215113],[-94.612652,38.218392],[-94.61265,38.218569],[-94.612651,38.218698],[-94.612503,38.220379],[-94.612503,38.240532],[-94.612621,38.256747],[-94.612674,38.272393],[-94.612709,38.286849],[-94.612844,38.291423],[-94.612675,38.301464],[-94.612724,38.31721],[-94.612971,38.3357],[-94.613016,38.34366],[-94.613228,38.362058],[-94.613273,38.366939],[-94.613097,38.370307],[-94.61324,38.375505],[-94.613232,38.388718],[-94.623025,38.388801],[-94.625223,38.388889],[-94.650312,38.388881],[-94.658026,38.388868],[-94.673594,38.38892],[-94.68005,38.388791],[-94.687411,38.388817],[-94.687766,38.388819],[-94.696221,38.388859],[-94.704588,38.388998],[-94.705811,38.389],[-94.707758,38.388952],[-94.710712,38.388942],[-94.71478,38.388949],[-94.718857,38.388969],[-94.733135,38.389037],[-94.734909,38.389046],[-94.750256,38.38912],[-94.756543,38.389082],[-94.758397,38.389147],[-94.758771,38.389073],[-94.770401,38.38902],[-94.774927,38.388995],[-94.775253,38.388996],[-94.775439,38.388994],[-94.775625,38.388993],[-94.808177,38.388835],[-94.816352,38.38886],[-94.825579,38.388791],[-94.828257,38.388857],[-94.851169,38.388783],[-94.853292,38.38891],[-94.880673,38.388997],[-94.880839,38.388962],[-94.899323,38.389087],[-94.906741,38.389119],[-94.918137,38.389142],[-94.918096,38.386986],[-94.918102,38.38685],[-94.918118,38.385044],[-94.918132,38.374606],[-94.918018,38.36005],[-94.917967,38.351913],[-94.917911,38.345523],[-94.917905,38.336342],[-94.917912,38.331047],[-94.917917,38.31656],[-94.917966,38.30202],[-94.917786,38.295518],[-94.917956,38.29223],[-94.917941,38.287482],[-94.917939,38.274967],[-94.918018,38.272978]]]]}},{"type":"Feature","properties":{"id":5,"NAME":"5","text-color":"#000000","text-size":16,"labelx":-94.994413,"labely":38.688062,"TotalPop":23522,"PopDevPct":0.0008067,"DemPct":0.35938525,"RepPct":0.58420017,"WhitePct":0.88449084,"MinorityPct":0.11550916,"BlackPct":0.02009826,"HispanicPct":0.04008486,"PacificPct":0.0011724,"AsianPct":0.01071907,"NativePct":0.03729343,"TotalVAP":17912,"Margin":-0.14061475,"color":"#f80d00","opacity":"0.5"},"geometry":{"type":"MultiPolygon","coordinates":[[[[-94.950594,38.497849],[-94.950736,38.498384],[-94.950866,38.498879],[-94.951003,38.499398],[-94.951125,38.499863],[-94.951619,38.500832],[-94.951946,38.501511],[-94.952172,38.50308],[-94.952178,38.503149],[-94.952188,38.503261],[-94.952981,38.503149],[-94.955184,38.503094],[-94.955319,38.505704],[-94.95515,38.519374],[-94.955145,38.520184],[-94.955167,38.534765],[-94.955184,38.535991],[-94.955358,38.549341],[-94.955474,38.556268],[-94.955576,38.563879],[-94.955572,38.57073],[-94.955561,38.578436],[-94.936936,38.578237],[-94.936834,38.581471],[-94.936822,38.595256],[-94.937067,38.607157],[-94.937179,38.62159],[-94.937273,38.631791],[-94.93668,38.633282],[-94.933123,38.63571],[-94.932076,38.636101],[-94.931087,38.636228],[-94.922143,38.636182],[-94.921238,38.636411],[-94.920099,38.636891],[-94.918943,38.638252],[-94.918235,38.642475],[-94.91695,38.644086],[-94.918274,38.646138],[-94.919047,38.646667],[-94.918981,38.649519],[-94.918711,38.649667],[-94.918466,38.65013],[-94.917117,38.649891],[-94.916522,38.649689],[-94.9163,38.648949],[-94.915752,38.649219],[-94.914968,38.649345],[-94.914387,38.648471],[-94.914204,38.647866],[-94.914033,38.648108],[-94.913947,38.648789],[-94.913799,38.648927],[-94.913231,38.648873],[-94.912328,38.649564],[-94.912693,38.650765],[-94.913129,38.651128],[-94.913158,38.651564],[-94.911705,38.651191],[-94.910444,38.651253],[-94.909661,38.651031],[-94.909315,38.651176],[-94.907952,38.652248],[-94.906726,38.653309],[-94.903266,38.655803],[-94.898692,38.658684],[-94.898178,38.658904],[-94.896767,38.659819],[-94.896839,38.660543],[-94.896767,38.661013],[-94.896124,38.661965],[-94.89715,38.662048],[-94.897944,38.661877],[-94.898406,38.662009],[-94.898703,38.662297],[-94.898801,38.662931],[-94.899577,38.665874],[-94.900153,38.666874],[-94.901171,38.667614],[-94.901344,38.667967],[-94.901296,38.668477],[-94.901035,38.668806],[-94.901067,38.669508],[-94.901481,38.670055],[-94.902377,38.670703],[-94.903272,38.671022],[-94.904366,38.671148],[-94.904965,38.67144],[-94.905452,38.671829],[-94.905895,38.67302],[-94.906014,38.674009],[-94.905645,38.674398],[-94.905177,38.674478],[-94.904488,38.674219],[-94.904081,38.674311],[-94.903091,38.674062],[-94.902671,38.674262],[-94.902066,38.674817],[-94.901456,38.67571],[-94.900618,38.675845],[-94.899047,38.675812],[-94.898843,38.675653],[-94.898827,38.675226],[-94.898515,38.675231],[-94.898686,38.674629],[-94.897959,38.674753],[-94.89825,38.674996],[-94.898228,38.675492],[-94.898741,38.676047],[-94.898741,38.676349],[-94.89824,38.676298],[-94.897541,38.67663],[-94.896537,38.676592],[-94.895586,38.676058],[-94.895722,38.675929],[-94.895171,38.675754],[-94.894915,38.675262],[-94.894632,38.675776],[-94.894748,38.676044],[-94.895188,38.675929],[-94.895246,38.676581],[-94.895819,38.67664],[-94.896603,38.677213],[-94.896573,38.677438],[-94.897055,38.677255],[-94.897296,38.6774],[-94.897527,38.678027],[-94.897964,38.67842],[-94.898383,38.679026],[-94.89817,38.679769],[-94.898026,38.679843],[-94.89779,38.681167],[-94.897449,38.681826],[-94.896401,38.68255],[-94.895866,38.682622],[-94.895627,38.682473],[-94.894461,38.682555],[-94.893938,38.682383],[-94.893817,38.682069],[-94.893427,38.682306],[-94.89262,38.682296],[-94.892528,38.682469],[-94.891669,38.682226],[-94.890388,38.682057],[-94.89015,38.681669],[-94.890836,38.680973],[-94.892519,38.679793],[-94.891936,38.679608],[-94.891556,38.679798],[-94.891357,38.680099],[-94.890238,38.680114],[-94.888618,38.680784],[-94.88851,38.681047],[-94.888807,38.681385],[-94.888809,38.681754],[-94.88967,38.682209],[-94.889625,38.682759],[-94.889346,38.6828],[-94.888983,38.682486],[-94.888509,38.682732],[-94.888466,38.683165],[-94.888006,38.682763],[-94.887944,38.683241],[-94.888294,38.683542],[-94.888872,38.683244],[-94.889191,38.683509],[-94.889553,38.683305],[-94.890132,38.683332],[-94.891192,38.683207],[-94.891398,38.683424],[-94.891244,38.683814],[-94.891196,38.684563],[-94.890737,38.684755],[-94.891124,38.684825],[-94.891201,38.685581],[-94.89144,38.686373],[-94.890922,38.688455],[-94.889665,38.689318],[-94.889397,38.69044],[-94.888442,38.690343],[-94.886665,38.691326],[-94.885845,38.692263],[-94.886598,38.692751],[-94.884885,38.694405],[-94.88527,38.695827],[-94.884468,38.696394],[-94.882648,38.695437],[-94.881477,38.695582],[-94.882982,38.696189],[-94.883799,38.697365],[-94.882952,38.698987],[-94.880898,38.700793],[-94.87961,38.701577],[-94.879325,38.703032],[-94.878161,38.70375],[-94.878711,38.704412],[-94.87809,38.705562],[-94.878442,38.706313],[-94.877337,38.706768],[-94.87812,38.70803],[-94.879203,38.706283],[-94.88016,38.706664],[-94.879872,38.708673],[-94.880812,38.709695],[-94.878207,38.708934],[-94.876903,38.709492],[-94.876718,38.712108],[-94.8772,38.713321],[-94.876137,38.713063],[-94.875239,38.715035],[-94.874861,38.714126],[-94.873012,38.713242],[-94.87081,38.713667],[-94.870699,38.71755],[-94.86971,38.719128],[-94.866918,38.72062],[-94.865863,38.72045],[-94.866696,38.722027],[-94.865674,38.722205],[-94.864557,38.721565],[-94.86374,38.72266],[-94.861882,38.722841],[-94.861795,38.723754],[-94.858435,38.723787],[-94.856185,38.723772],[-94.853101,38.723793],[-94.843775,38.723782],[-94.840417,38.723776],[-94.838826,38.723777],[-94.836261,38.723785],[-94.834378,38.723779],[-94.833735,38.728235],[-94.833837,38.729634],[-94.835532,38.732335],[-94.838092,38.734755],[-94.839206,38.736846],[-94.83933,38.738428],[-94.839375,38.745726],[-94.839362,38.75129],[-94.838842,38.753036],[-94.835798,38.757321],[-94.83559,38.75715],[-94.827976,38.767202],[-94.827674,38.76761],[-94.828026,38.76761],[-94.826596,38.769415],[-94.826204,38.769994],[-94.8259,38.770559],[-94.825883,38.770584],[-94.825643,38.771075],[-94.825312,38.771874],[-94.825186,38.772279],[-94.825098,38.772602],[-94.825097,38.77262],[-94.825085,38.772648],[-94.82508,38.772666],[-94.825076,38.774073],[-94.825069,38.777239],[-94.82507,38.777635],[-94.825072,38.77836],[-94.825084,38.781884],[-94.825136,38.792915],[-94.825139,38.796625],[-94.832601,38.796593],[-94.834392,38.796592],[-94.853327,38.796497],[-94.853336,38.803698],[-94.853306,38.810975],[-94.853281,38.821902],[-94.853279,38.825521],[-94.856316,38.824486],[-94.858556,38.825414],[-94.858762,38.825585],[-94.860266,38.826487],[-94.861302,38.826491],[-94.864025,38.825499],[-94.871318,38.825511],[-94.87128,38.82679],[-94.874176,38.825037],[-94.880877,38.819148],[-94.882092,38.818126],[-94.884224,38.816742],[-94.887972,38.815144],[-94.890185,38.814566],[-94.895895,38.813555],[-94.904841,38.811988],[-94.908941,38.811262],[-94.908936,38.811019],[-94.90893,38.809249],[-94.908931,38.808851],[-94.908932,38.808323],[-94.908933,38.807706],[-94.908931,38.80667],[-94.908942,38.80561],[-94.906788,38.805479],[-94.904297,38.805587],[-94.90189,38.804764],[-94.90032,38.80472],[-94.900324,38.804559],[-94.899269,38.804029],[-94.896749,38.803756],[-94.906899,38.796429],[-94.906465,38.796431],[-94.90838,38.795051],[-94.915604,38.789837],[-94.922748,38.784677],[-94.927351,38.78148],[-94.927356,38.781787],[-94.936505,38.775568],[-94.944167,38.770369],[-94.945907,38.769301],[-94.949459,38.767359],[-94.955132,38.767533],[-94.960489,38.767562],[-94.963676,38.767579],[-94.967299,38.767603],[-94.973422,38.767621],[-94.982685,38.767654],[-94.98479,38.767657],[-94.99896,38.767642],[-95.000681,38.768742],[-95.001089,38.769164],[-95.001119,38.769188],[-95.005141,38.767908],[-95.006971,38.767685],[-95.00824,38.767648],[-95.008335,38.767647],[-95.009492,38.767644],[-95.010768,38.767651],[-95.019221,38.767647],[-95.020135,38.767649],[-95.02051,38.767651],[-95.021512,38.767653],[-95.02406,38.767656],[-95.039221,38.76767],[-95.05633,38.767752],[-95.074857,38.767853],[-95.093409,38.767858],[-95.112065,38.767772],[-95.111965,38.775338],[-95.111874,38.782268],[-95.111864,38.796843],[-95.111872,38.801227],[-95.111841,38.807483],[-95.111839,38.811461],[-95.111843,38.815125],[-95.111895,38.826081],[-95.111849,38.840665],[-95.121184,38.840546],[-95.130444,38.840428],[-95.139799,38.840528],[-95.149183,38.840628],[-95.15845,38.840586],[-95.167217,38.84055],[-95.1678,38.840548],[-95.177106,38.840505],[-95.179797,38.840515],[-95.18063,38.840514],[-95.181763,38.840512],[-95.18289,38.840518],[-95.186437,38.840529],[-95.192648,38.840547],[-95.195071,38.840863],[-95.195649,38.840579],[-95.205005,38.84059],[-95.20507,38.836472],[-95.204995,38.828075],[-95.205094,38.82592],[-95.214045,38.825869],[-95.219916,38.826008],[-95.232891,38.8261],[-95.238239,38.826136],[-95.240233,38.82681],[-95.241378,38.827995],[-95.242043,38.831453],[-95.244203,38.833146],[-95.246415,38.83338],[-95.26037,38.833259],[-95.265846,38.833268],[-95.268851,38.833273],[-95.268678,38.836375],[-95.26805,38.840551],[-95.266697,38.845633],[-95.265177,38.84951],[-95.2611,38.858169],[-95.25642,38.86808],[-95.255816,38.869904],[-95.256138,38.869906],[-95.260133,38.86993],[-95.260609,38.869951],[-95.261371,38.86995],[-95.266597,38.869943],[-95.270611,38.86972],[-95.272333,38.869935],[-95.293381,38.869924],[-95.297844,38.869903],[-95.300084,38.869914],[-95.307183,38.869879],[-95.308532,38.869891],[-95.316506,38.869869],[-95.32964,38.8698],[-95.339513,38.869665],[-95.340236,38.869617],[-95.34122,38.869829],[-95.344586,38.869736],[-95.35385,38.869663],[-95.356178,38.869549],[-95.365062,38.869636],[-95.375467,38.869753],[-95.378731,38.869687],[-95.381452,38.869677],[-95.398408,38.869665],[-95.400041,38.869724],[-95.401339,38.869667],[-95.420798,38.869516],[-95.422823,38.869537],[-95.435909,38.869694],[-95.441237,38.869761],[-95.446277,38.869735],[-95.450517,38.869711],[-95.455347,38.869678],[-95.457327,38.869661],[-95.463586,38.869642],[-95.476565,38.869578],[-95.482229,38.869659],[-95.487349,38.869448],[-95.492292,38.86971],[-95.500195,38.86973],[-95.500728,38.870287],[-95.500724,38.869815],[-95.500704,38.864144],[-95.500725,38.856006],[-95.500506,38.855024],[-95.500507,38.840467],[-95.500702,38.831768],[-95.500708,38.825929],[-95.500715,38.819251],[-95.500439,38.804079],[-95.500562,38.803984],[-95.500654,38.796805],[-95.500818,38.791892],[-95.500905,38.783176],[-95.500803,38.782263],[-95.500774,38.767815],[-95.500704,38.753314],[-95.500918,38.750073],[-95.501038,38.739721],[-95.500738,38.738808],[-95.482209,38.738783],[-95.472945,38.73878],[-95.463187,38.738754],[-95.454418,38.73878],[-95.445576,38.73881],[-95.427259,38.738875],[-95.40873,38.738879],[-95.399346,38.738868],[-95.378437,38.738849],[-95.374624,38.738265],[-95.371394,38.738801],[-95.354585,38.738798],[-95.352914,38.738788],[-95.33446,38.73867],[-95.315944,38.738669],[-95.297387,38.738639],[-95.288179,38.738628],[-95.278916,38.738609],[-95.268446,38.73862],[-95.267726,38.73862],[-95.267421,38.73862],[-95.265941,38.738625],[-95.260364,38.738623],[-95.242894,38.738678],[-95.241747,38.738678],[-95.24159,38.738678],[-95.233637,38.738656],[-95.214102,38.738599],[-95.204755,38.738584],[-95.201908,38.738462],[-95.201598,38.738456],[-95.194691,38.738356],[-95.191515,38.73855],[-95.186381,38.738505],[-95.177014,38.738492],[-95.173585,38.738494],[-95.167545,38.738471],[-95.167616,38.723986],[-95.167647,38.709468],[-95.167689,38.695],[-95.17421,38.694995],[-95.174326,38.688055],[-95.174298,38.681374],[-95.174335,38.679956],[-95.174316,38.666778],[-95.174385,38.663423],[-95.174387,38.663135],[-95.1744,38.660493],[-95.174495,38.652226],[-95.165201,38.652223],[-95.15583,38.652107],[-95.137199,38.651959],[-95.121074,38.651898],[-95.117558,38.651867],[-95.11164,38.651856],[-95.102357,38.651819],[-95.083791,38.651832],[-95.072198,38.651823],[-95.065225,38.65174],[-95.065107,38.63714],[-95.064996,38.62915],[-95.064919,38.625004],[-95.065097,38.622856],[-95.065309,38.615198],[-95.065246,38.608177],[-95.065245,38.608064],[-95.065112,38.597994],[-95.065281,38.589796],[-95.065187,38.586414],[-95.065061,38.578978],[-95.065069,38.564589],[-95.065074,38.557125],[-95.065076,38.554165],[-95.065128,38.553246],[-95.065218,38.551756],[-95.065255,38.550701],[-95.065299,38.53529],[-95.065337,38.523199],[-95.065483,38.516671],[-95.065484,38.516607],[-95.065506,38.516577],[-95.065526,38.51655],[-95.065632,38.516425],[-95.065663,38.516388],[-95.065715,38.507362],[-95.065538,38.498665],[-95.065563,38.491371],[-95.06559,38.47721],[-95.065538,38.469722],[-95.065396,38.454328],[-95.065392,38.453941],[-95.065354,38.449844],[-95.065663,38.447822],[-95.065675,38.440535],[-95.065779,38.422498],[-95.066033,38.41153],[-95.065955,38.404328],[-95.065945,38.403272],[-95.056771,38.407111],[-95.052754,38.40911],[-95.048651,38.411456],[-95.047492,38.412103],[-95.038136,38.417446],[-95.036043,38.418651],[-95.023391,38.425849],[-95.019781,38.427926],[-95.010589,38.433147],[-94.997747,38.440464],[-94.994215,38.442116],[-94.992289,38.44277],[-94.986294,38.44476],[-94.983145,38.446186],[-94.980414,38.447734],[-94.973818,38.451444],[-94.966854,38.455494],[-94.965969,38.456192],[-94.955596,38.462097],[-94.95412,38.462929],[-94.953557,38.46296],[-94.952605,38.463011],[-94.94987,38.464787],[-94.947661,38.466953],[-94.946428,38.469171],[-94.945697,38.471133],[-94.945751,38.480121],[-94.945315,38.482689],[-94.943818,38.483263],[-94.945509,38.483597],[-94.945553,38.483687],[-94.945851,38.483748],[-94.946499,38.483964],[-94.950857,38.485272],[-94.949759,38.48726],[-94.949675,38.490946],[-94.949745,38.494783],[-94.949899,38.495281],[-94.950063,38.495805],[-94.950187,38.49629],[-94.950323,38.496816],[-94.950462,38.49735],[-94.950594,38.497849]]]]}},{"type":"Feature","properties":{"id":6,"NAME":"6","text-color":"#000000","text-size":16,"labelx":-94.737361,"labely":38.612654,"TotalPop":23102,"PopDevPct":-0.01706332,"DemPct":0.29978035,"RepPct":0.65810333,"WhitePct":0.90905433,"MinorityPct":0.09094567,"BlackPct":0.01816614,"HispanicPct":0.02500719,"PacificPct":0.00080483,"AsianPct":0.00747341,"NativePct":0.03087094,"TotalVAP":17395,"Margin":-0.20021965,"color":"#f80d00","opacity":"0.5"},"geometry":{"type":"MultiPolygon","coordinates":[[[[-94.927946,38.498188],[-94.927817,38.498185],[-94.922563,38.498099],[-94.922574,38.497195],[-94.921184,38.497181],[-94.921187,38.498096],[-94.918278,38.498049],[-94.917621,38.498041],[-94.911978,38.497952],[-94.909842,38.497945],[-94.900556,38.497856],[-94.891291,38.497763],[-94.882045,38.497667],[-94.87301,38.497891],[-94.86766,38.497888],[-94.866657,38.497508],[-94.866387,38.497475],[-94.863604,38.497321],[-94.863613,38.497873],[-94.854308,38.497851],[-94.854047,38.494823],[-94.854031,38.49464],[-94.852996,38.49587],[-94.851301,38.497639],[-94.849373,38.499513],[-94.84876,38.500026],[-94.847132,38.501189],[-94.846802,38.501578],[-94.846078,38.501657],[-94.842327,38.503428],[-94.841025,38.503808],[-94.834989,38.504822],[-94.833556,38.504666],[-94.831727,38.503185],[-94.829961,38.500706],[-94.829119,38.497859],[-94.829456,38.494114],[-94.829464,38.490725],[-94.829336,38.490722],[-94.827325,38.490685],[-94.826162,38.490666],[-94.819507,38.490635],[-94.808005,38.490562],[-94.798025,38.490896],[-94.78871,38.491196],[-94.779336,38.491209],[-94.769953,38.491331],[-94.769942,38.476709],[-94.753364,38.476604],[-94.745554,38.47661],[-94.74199,38.476631],[-94.732766,38.476659],[-94.714028,38.476775],[-94.695483,38.476317],[-94.686513,38.476185],[-94.686179,38.476185],[-94.676936,38.476079],[-94.658449,38.475881],[-94.640165,38.475741],[-94.63081,38.475715],[-94.621828,38.475715],[-94.618985,38.475697],[-94.617993,38.475689],[-94.613031,38.47567],[-94.612697,38.483009],[-94.612876,38.483171],[-94.612703,38.490144],[-94.612433,38.500014],[-94.612331,38.518761],[-94.612265,38.546675],[-94.612156,38.547637],[-94.612167,38.565534],[-94.611853,38.576516],[-94.611902,38.601628],[-94.611905,38.60589],[-94.611747,38.609399],[-94.611612,38.620585],[-94.611475,38.625694],[-94.611523,38.629359],[-94.611585,38.634739],[-94.6113,38.63505],[-94.611095,38.643583],[-94.610925,38.649298],[-94.610839,38.656763],[-94.610708,38.663797],[-94.610494,38.676522],[-94.610437,38.679216],[-94.610093,38.694461],[-94.609909,38.704021],[-94.609752,38.709032],[-94.609639,38.715947],[-94.60947,38.723595],[-94.609164,38.735627],[-94.60908,38.738099],[-94.620339,38.738118],[-94.630494,38.738079],[-94.640005,38.738119],[-94.649004,38.738163],[-94.667568,38.738121],[-94.676174,38.73815],[-94.676437,38.738152],[-94.680506,38.738171],[-94.686104,38.738177],[-94.686261,38.738178],[-94.70475,38.738146],[-94.704828,38.738147],[-94.723229,38.738361],[-94.733044,38.738317],[-94.741733,38.738255],[-94.760315,38.738235],[-94.778919,38.738319],[-94.797192,38.738313],[-94.806527,38.738341],[-94.808776,38.73835],[-94.812841,38.738363],[-94.815727,38.738381],[-94.816047,38.738375],[-94.815711,38.73416],[-94.815168,38.727386],[-94.825218,38.727441],[-94.825221,38.723795],[-94.825196,38.721992],[-94.825192,38.718775],[-94.825168,38.716553],[-94.82772,38.71653],[-94.831712,38.71656],[-94.834354,38.716565],[-94.834369,38.72015],[-94.834687,38.720153],[-94.834378,38.723779],[-94.836261,38.723785],[-94.838826,38.723777],[-94.840417,38.723776],[-94.843775,38.723782],[-94.853101,38.723793],[-94.856185,38.723772],[-94.858435,38.723787],[-94.861795,38.723754],[-94.861882,38.722841],[-94.86374,38.72266],[-94.864557,38.721565],[-94.865674,38.722205],[-94.866696,38.722027],[-94.865863,38.72045],[-94.866918,38.72062],[-94.86971,38.719128],[-94.870699,38.71755],[-94.87081,38.713667],[-94.873012,38.713242],[-94.874861,38.714126],[-94.875239,38.715035],[-94.876137,38.713063],[-94.8772,38.713321],[-94.876718,38.712108],[-94.876903,38.709492],[-94.878207,38.708934],[-94.880812,38.709695],[-94.879872,38.708673],[-94.88016,38.706664],[-94.879203,38.706283],[-94.87812,38.70803],[-94.877337,38.706768],[-94.878442,38.706313],[-94.87809,38.705562],[-94.878711,38.704412],[-94.878161,38.70375],[-94.879325,38.703032],[-94.87961,38.701577],[-94.880898,38.700793],[-94.882952,38.698987],[-94.883799,38.697365],[-94.882982,38.696189],[-94.881477,38.695582],[-94.882648,38.695437],[-94.884468,38.696394],[-94.88527,38.695827],[-94.884885,38.694405],[-94.886598,38.692751],[-94.885845,38.692263],[-94.886665,38.691326],[-94.888442,38.690343],[-94.889397,38.69044],[-94.889665,38.689318],[-94.890922,38.688455],[-94.89144,38.686373],[-94.891201,38.685581],[-94.891124,38.684825],[-94.890737,38.684755],[-94.891196,38.684563],[-94.891244,38.683814],[-94.891398,38.683424],[-94.891192,38.683207],[-94.890132,38.683332],[-94.889553,38.683305],[-94.889191,38.683509],[-94.888872,38.683244],[-94.888294,38.683542],[-94.887944,38.683241],[-94.888006,38.682763],[-94.888466,38.683165],[-94.888509,38.682732],[-94.888983,38.682486],[-94.889346,38.6828],[-94.889625,38.682759],[-94.88967,38.682209],[-94.888809,38.681754],[-94.888807,38.681385],[-94.88851,38.681047],[-94.888618,38.680784],[-94.890238,38.680114],[-94.891357,38.680099],[-94.891556,38.679798],[-94.891936,38.679608],[-94.892519,38.679793],[-94.890836,38.680973],[-94.89015,38.681669],[-94.890388,38.682057],[-94.891669,38.682226],[-94.892528,38.682469],[-94.89262,38.682296],[-94.893427,38.682306],[-94.893817,38.682069],[-94.893938,38.682383],[-94.894461,38.682555],[-94.895627,38.682473],[-94.895866,38.682622],[-94.896401,38.68255],[-94.897449,38.681826],[-94.89779,38.681167],[-94.898026,38.679843],[-94.89817,38.679769],[-94.898383,38.679026],[-94.897964,38.67842],[-94.897527,38.678027],[-94.897296,38.6774],[-94.897055,38.677255],[-94.896573,38.677438],[-94.896603,38.677213],[-94.895819,38.67664],[-94.895246,38.676581],[-94.895188,38.675929],[-94.894748,38.676044],[-94.894632,38.675776],[-94.894915,38.675262],[-94.895171,38.675754],[-94.895722,38.675929],[-94.895586,38.676058],[-94.896537,38.676592],[-94.897541,38.67663],[-94.89824,38.676298],[-94.898741,38.676349],[-94.898741,38.676047],[-94.898228,38.675492],[-94.89825,38.674996],[-94.897959,38.674753],[-94.898686,38.674629],[-94.898515,38.675231],[-94.898827,38.675226],[-94.898843,38.675653],[-94.899047,38.675812],[-94.900618,38.675845],[-94.901456,38.67571],[-94.902066,38.674817],[-94.902671,38.674262],[-94.903091,38.674062],[-94.904081,38.674311],[-94.904488,38.674219],[-94.905177,38.674478],[-94.905645,38.674398],[-94.906014,38.674009],[-94.905895,38.67302],[-94.905452,38.671829],[-94.904965,38.67144],[-94.904366,38.671148],[-94.903272,38.671022],[-94.902377,38.670703],[-94.901481,38.670055],[-94.901067,38.669508],[-94.901035,38.668806],[-94.901296,38.668477],[-94.901344,38.667967],[-94.901171,38.667614],[-94.900153,38.666874],[-94.899577,38.665874],[-94.898801,38.662931],[-94.898703,38.662297],[-94.898406,38.662009],[-94.897944,38.661877],[-94.89715,38.662048],[-94.896124,38.661965],[-94.896767,38.661013],[-94.896839,38.660543],[-94.896767,38.659819],[-94.898178,38.658904],[-94.898692,38.658684],[-94.903266,38.655803],[-94.906726,38.653309],[-94.907952,38.652248],[-94.909315,38.651176],[-94.909661,38.651031],[-94.910444,38.651253],[-94.911705,38.651191],[-94.913158,38.651564],[-94.913129,38.651128],[-94.912693,38.650765],[-94.912328,38.649564],[-94.913231,38.648873],[-94.913799,38.648927],[-94.913947,38.648789],[-94.914033,38.648108],[-94.914204,38.647866],[-94.914387,38.648471],[-94.914968,38.649345],[-94.915752,38.649219],[-94.9163,38.648949],[-94.916522,38.649689],[-94.917117,38.649891],[-94.918466,38.65013],[-94.918711,38.649667],[-94.918981,38.649519],[-94.919047,38.646667],[-94.918274,38.646138],[-94.91695,38.644086],[-94.918235,38.642475],[-94.918943,38.638252],[-94.920099,38.636891],[-94.921238,38.636411],[-94.922143,38.636182],[-94.931087,38.636228],[-94.932076,38.636101],[-94.933123,38.63571],[-94.93668,38.633282],[-94.937273,38.631791],[-94.937179,38.62159],[-94.937067,38.607157],[-94.936822,38.595256],[-94.936834,38.581471],[-94.936936,38.578237],[-94.955561,38.578436],[-94.955572,38.57073],[-94.955576,38.563879],[-94.955474,38.556268],[-94.955358,38.549341],[-94.955184,38.535991],[-94.955167,38.534765],[-94.955145,38.520184],[-94.95515,38.519374],[-94.955319,38.505704],[-94.955184,38.503094],[-94.952981,38.503149],[-94.952188,38.503261],[-94.952178,38.503149],[-94.952172,38.50308],[-94.951946,38.501511],[-94.951619,38.500832],[-94.951125,38.499863],[-94.951003,38.499398],[-94.950866,38.498879],[-94.950736,38.498384],[-94.950594,38.497849],[-94.950462,38.49735],[-94.950323,38.496816],[-94.950187,38.49629],[-94.950063,38.495805],[-94.949899,38.495281],[-94.949745,38.494783],[-94.949675,38.490946],[-94.949759,38.48726],[-94.950857,38.485272],[-94.946499,38.483964],[-94.945851,38.483748],[-94.945553,38.483687],[-94.945528,38.483763],[-94.943728,38.483412],[-94.943044,38.483551],[-94.942604,38.483791],[-94.941298,38.484948],[-94.941033,38.485278],[-94.940881,38.48597],[-94.940401,38.486853],[-94.940358,38.487148],[-94.939663,38.489203],[-94.939307,38.490979],[-94.939276,38.491051],[-94.939012,38.491052],[-94.936957,38.491051],[-94.936917,38.493611],[-94.934341,38.494797],[-94.931058,38.495435],[-94.931139,38.495597],[-94.92883,38.496585],[-94.927166,38.496872],[-94.928128,38.498193],[-94.927946,38.498188]]]]}},{"type":"Feature","properties":{"id":7,"NAME":"7","text-color":"#000000","text-size":16,"labelx":-95.385758,"labely":37.251914,"TotalPop":23741,"PopDevPct":0.01012465,"DemPct":0.32871378,"RepPct":0.63440614,"WhitePct":0.82984872,"MinorityPct":0.17015128,"BlackPct":0.05088107,"HispanicPct":0.04770809,"PacificPct":0.00107655,"AsianPct":0.00776248,"NativePct":0.06181653,"TotalVAP":17649,"Margin":-0.17128622,"color":"#f80d00","opacity":"0.5"},"geometry":{"type":"MultiPolygon","coordinates":[[[[-95.376077,37.384011],[-95.379277,37.38402],[-95.379333,37.389403],[-95.379378,37.398475],[-95.379365,37.412907],[-95.37936,37.414692],[-95.379322,37.427518],[-95.37932,37.442047],[-95.379178,37.456606],[-95.379135,37.459799],[-95.379133,37.471087],[-95.379108,37.485597],[-95.379164,37.500006],[-95.379165,37.500196],[-95.379093,37.514757],[-95.379121,37.527762],[-95.379206,37.529104],[-95.379262,37.530191],[-95.379214,37.543964],[-95.379327,37.558267],[-95.379372,37.572812],[-95.379372,37.576031],[-95.379371,37.580003],[-95.379406,37.587298],[-95.37939,37.594616],[-95.379411,37.601827],[-95.379456,37.616402],[-95.386245,37.616407],[-95.397775,37.616425],[-95.416026,37.616413],[-95.425165,37.616409],[-95.434302,37.616324],[-95.451039,37.616232],[-95.452502,37.616234],[-95.452525,37.630725],[-95.45257,37.632594],[-95.452649,37.63592],[-95.452649,37.636053],[-95.452652,37.636411],[-95.452659,37.638403],[-95.452652,37.639221],[-95.452646,37.640217],[-95.452641,37.641047],[-95.452636,37.641661],[-95.452632,37.642102],[-95.452632,37.642147],[-95.45263,37.642619],[-95.452602,37.645784],[-95.452648,37.65738],[-95.452658,37.660056],[-95.449211,37.660123],[-95.446885,37.660166],[-95.443457,37.660224],[-95.443453,37.66192],[-95.443444,37.66387],[-95.443433,37.664878],[-95.443412,37.666158],[-95.443355,37.667428],[-95.442245,37.66746],[-95.442205,37.668913],[-95.442183,37.669729],[-95.443389,37.670115],[-95.443312,37.672831],[-95.443298,37.673868],[-95.443299,37.673958],[-95.443066,37.674707],[-95.443826,37.674688],[-95.443908,37.676499],[-95.444029,37.678277],[-95.444075,37.678754],[-95.444115,37.679551],[-95.444593,37.681055],[-95.444114,37.681859],[-95.44531,37.681828],[-95.445436,37.681824],[-95.446712,37.681833],[-95.447952,37.681832],[-95.449216,37.681831],[-95.450529,37.681831],[-95.451722,37.681839],[-95.452576,37.681852],[-95.452799,37.681843],[-95.454156,37.681756],[-95.455529,37.681751],[-95.456873,37.681734],[-95.457111,37.681753],[-95.458615,37.681826],[-95.458853,37.681831],[-95.459939,37.681848],[-95.461092,37.681847],[-95.461182,37.681856],[-95.462425,37.681857],[-95.463461,37.681886],[-95.463798,37.681887],[-95.465016,37.681907],[-95.46625,37.681934],[-95.467491,37.681994],[-95.468585,37.682018],[-95.469694,37.682062],[-95.470862,37.682087],[-95.472114,37.682082],[-95.473332,37.682076],[-95.473982,37.682083],[-95.476557,37.682036],[-95.47775,37.682029],[-95.478824,37.682022],[-95.479476,37.682034],[-95.479469,37.678395],[-95.479463,37.674777],[-95.47945,37.667515],[-95.47944,37.6625],[-95.479474,37.659942],[-95.481865,37.660175],[-95.486085,37.660164],[-95.489199,37.660156],[-95.498486,37.660163],[-95.507502,37.660178],[-95.525836,37.660188],[-95.525801,37.653388],[-95.525904,37.645604],[-95.526136,37.631334],[-95.525999,37.616876],[-95.525778,37.602306],[-95.52563,37.587789],[-95.525405,37.573275],[-95.525118,37.558695],[-95.525233,37.551368],[-95.525235,37.551356],[-95.525341,37.543798],[-95.52511,37.540408],[-95.525443,37.531259],[-95.525369,37.529141],[-95.525042,37.514663],[-95.524965,37.507251],[-95.524921,37.500053],[-95.524896,37.499998],[-95.525102,37.492806],[-95.525233,37.482975],[-95.525426,37.471176],[-95.525461,37.464822],[-95.525488,37.456854],[-95.525648,37.453688],[-95.52572,37.442216],[-95.525877,37.434997],[-95.52573,37.427582],[-95.525699,37.412975],[-95.525815,37.409405],[-95.525623,37.398548],[-95.525552,37.388933],[-95.52556,37.383979],[-95.52113,37.38399],[-95.52107,37.3824],[-95.520624,37.369103],[-95.520286,37.358802],[-95.520366,37.357215],[-95.52011,37.356157],[-95.520093,37.354348],[-95.519818,37.346641],[-95.519568,37.339584],[-95.519437,37.324861],[-95.519436,37.324788],[-95.519366,37.30993],[-95.519175,37.302307],[-95.519146,37.295247],[-95.518389,37.280476],[-95.517979,37.266712],[-95.517978,37.266592],[-95.517976,37.266376],[-95.517975,37.266314],[-95.51798,37.259019],[-95.518017,37.251718],[-95.518343,37.244349],[-95.518631,37.236933],[-95.518892,37.229361],[-95.519278,37.225926],[-95.519349,37.224428],[-95.519446,37.221216],[-95.52005,37.21189],[-95.520048,37.207066],[-95.520697,37.20141],[-95.521414,37.193749],[-95.521412,37.185239],[-95.521301,37.179199],[-95.521228,37.172264],[-95.521288,37.164772],[-95.521565,37.159051],[-95.521981,37.150354],[-95.522063,37.142568],[-95.521873,37.135478],[-95.521763,37.128489],[-95.521691,37.12029],[-95.521567,37.106127],[-95.521703,37.091474],[-95.521858,37.077086],[-95.522598,37.064736],[-95.522651,37.063507],[-95.522727,37.062365],[-95.522755,37.047911],[-95.522774,37.042935],[-95.522779,37.042539],[-95.522897,37.034573],[-95.522872,37.026613],[-95.52269,37.020011],[-95.522546,37.005491],[-95.522415,36.99928],[-95.514731,36.999262],[-95.51277,36.999346],[-95.504332,36.999276],[-95.486115,36.999368],[-95.468133,36.999352],[-95.45793,36.999234],[-95.449542,36.999333],[-95.431565,36.999279],[-95.413402,36.999318],[-95.399759,36.999312],[-95.377258,36.99936],[-95.377137,37.005123],[-95.377333,37.019662],[-95.37731,37.025901],[-95.377579,37.031555],[-95.377393,37.034251],[-95.37744,37.040755],[-95.377343,37.04869],[-95.377521,37.062653],[-95.37738,37.0771],[-95.377252,37.091023],[-95.377187,37.105501],[-95.377316,37.119448],[-95.377256,37.119937],[-95.359161,37.120098],[-95.340649,37.120222],[-95.330989,37.120374],[-95.322568,37.120396],[-95.312494,37.120386],[-95.304171,37.120466],[-95.285976,37.120478],[-95.273463,37.120458],[-95.267546,37.120515],[-95.258422,37.120571],[-95.248366,37.120398],[-95.230067,37.120524],[-95.22153,37.120748],[-95.218267,37.121197],[-95.218036,37.121162],[-95.216148,37.120881],[-95.21217,37.121003],[-95.206917,37.12103],[-95.193918,37.120981],[-95.175647,37.120881],[-95.166553,37.120989],[-95.157499,37.120864],[-95.15767,37.128094],[-95.157693,37.130165],[-95.157697,37.130514],[-95.157699,37.13088],[-95.157701,37.131429],[-95.157704,37.132024],[-95.157868,37.149812],[-95.157776,37.149812],[-95.157898,37.160971],[-95.158009,37.161175],[-95.158004,37.161964],[-95.158005,37.162074],[-95.157949,37.164389],[-95.158097,37.172897],[-95.158178,37.178847],[-95.158215,37.184703],[-95.158279,37.193406],[-95.158315,37.204188],[-95.158313,37.206255],[-95.158297,37.207898],[-95.140429,37.208065],[-95.140338,37.208065],[-95.131293,37.208107],[-95.122202,37.20812],[-95.116779,37.208219],[-95.116424,37.208279],[-95.116231,37.208347],[-95.101931,37.208665],[-95.099646,37.208292],[-95.098038,37.208345],[-95.086217,37.20831],[-95.074168,37.208273],[-95.074199,37.222734],[-95.074208,37.230215],[-95.074216,37.237506],[-95.074221,37.242155],[-95.074487,37.244876],[-95.075075,37.257671],[-95.075324,37.26676],[-95.075249,37.281441],[-95.075257,37.290609],[-95.075246,37.296012],[-95.07522,37.310765],[-95.075194,37.325446],[-95.075166,37.339937],[-95.075143,37.352432],[-95.075137,37.354606],[-95.075112,37.369202],[-95.074972,37.383823],[-95.08372,37.383833],[-95.086055,37.383849],[-95.088189,37.383837],[-95.08845,37.383836],[-95.094385,37.383795],[-95.101533,37.383869],[-95.106623,37.383889],[-95.123774,37.384119],[-95.124095,37.384125],[-95.124455,37.384132],[-95.13229,37.384313],[-95.140515,37.384267],[-95.140626,37.384327],[-95.157879,37.384327],[-95.160752,37.384307],[-95.176352,37.38427],[-95.17892,37.384293],[-95.190934,37.384296],[-95.19493,37.384288],[-95.213359,37.384269],[-95.214725,37.384247],[-95.232291,37.384145],[-95.233703,37.384132],[-95.246504,37.384081],[-95.249289,37.384042],[-95.251913,37.384045],[-95.256596,37.384045],[-95.260078,37.384045],[-95.261064,37.384045],[-95.262655,37.384072],[-95.266848,37.38402],[-95.269145,37.384004],[-95.282486,37.384093],[-95.283433,37.384121],[-95.28522,37.384132],[-95.303366,37.384079],[-95.30655,37.384052],[-95.321783,37.384073],[-95.339907,37.384077],[-95.343065,37.384069],[-95.358197,37.384096],[-95.361452,37.384084],[-95.376077,37.384011]]]]}},{"type":"Feature","properties":{"id":8,"NAME":"8","text-color":"#000000","text-size":16,"labelx":-94.723637,"labely":38.858904,"TotalPop":23313,"PopDevPct":-0.00808576,"DemPct":0.41425647,"RepPct":0.54952389,"WhitePct":0.7741112,"MinorityPct":0.2258888,"BlackPct":0.03225204,"HispanicPct":0.03138036,"PacificPct":0.00161883,"AsianPct":0.14127389,"NativePct":0.01550339,"TotalVAP":16061,"Margin":-0.08574353,"color":"#ff6259","opacity":"0.5"},"geometry":{"type":"MultiPolygon","coordinates":[[[[-94.686392,38.854587],[-94.686425,38.857468],[-94.686439,38.859384],[-94.688539,38.858902],[-94.690204,38.8594],[-94.692785,38.860004],[-94.693425,38.860832],[-94.694141,38.86029],[-94.696244,38.86007],[-94.697456,38.859715],[-94.69845,38.859671],[-94.703149,38.860661],[-94.705076,38.861137],[-94.705075,38.864095],[-94.704538,38.865172],[-94.701659,38.866714],[-94.700528,38.868091],[-94.700464,38.869151],[-94.700473,38.871893],[-94.700478,38.880023],[-94.700478,38.881895],[-94.700479,38.883715],[-94.700475,38.886451],[-94.700485,38.887884],[-94.700487,38.888912],[-94.700604,38.891551],[-94.701709,38.892673],[-94.703707,38.893204],[-94.705158,38.894755],[-94.706689,38.894441],[-94.708273,38.892721],[-94.708736,38.892532],[-94.709787,38.892493],[-94.710878,38.892386],[-94.714425,38.892627],[-94.717007,38.891965],[-94.719108,38.892308],[-94.720491,38.892885],[-94.721974,38.893538],[-94.723727,38.893697],[-94.723722,38.891816],[-94.723717,38.889794],[-94.723713,38.88731],[-94.72372,38.883675],[-94.727343,38.883672],[-94.728297,38.883666],[-94.733168,38.883658],[-94.733173,38.881917],[-94.732879,38.880346],[-94.733296,38.87687],[-94.735635,38.877037],[-94.736962,38.87686],[-94.738662,38.877687],[-94.740121,38.87768],[-94.741498,38.876951],[-94.742354,38.876952],[-94.742348,38.876361],[-94.742344,38.874421],[-94.742356,38.872604],[-94.742299,38.869091],[-94.742322,38.867796],[-94.742326,38.86257],[-94.742333,38.859349],[-94.742337,38.857245],[-94.742361,38.854781],[-94.742394,38.845785],[-94.742421,38.841287],[-94.742428,38.840217],[-94.74025,38.840189],[-94.73904,38.840174],[-94.736353,38.840172],[-94.734074,38.84017],[-94.730644,38.840157],[-94.727142,38.840157],[-94.723712,38.840202],[-94.723781,38.83718],[-94.723788,38.83405],[-94.723797,38.831434],[-94.723847,38.82873],[-94.723815,38.826049],[-94.723812,38.825737],[-94.718127,38.825633],[-94.711302,38.825532],[-94.707495,38.825476],[-94.705216,38.825509],[-94.688178,38.825457],[-94.686362,38.825458],[-94.68635,38.828279],[-94.686347,38.830793],[-94.686332,38.84002],[-94.686332,38.84013],[-94.682546,38.84012],[-94.68286,38.841382],[-94.682815,38.843285],[-94.682667,38.843706],[-94.682483,38.844085],[-94.682208,38.844497],[-94.68197,38.844881],[-94.681527,38.846004],[-94.680966,38.846862],[-94.680832,38.847732],[-94.680688,38.850051],[-94.678974,38.851984],[-94.67902,38.853156],[-94.679875,38.854554],[-94.681662,38.854581],[-94.686392,38.854587]]]]}},{"type":"Feature","properties":{"id":9,"NAME":"9","text-color":"#000000","text-size":16,"labelx":-95.297768,"labely":38.10609,"TotalPop":23244,"PopDevPct":-0.01102155,"DemPct":0.26772209,"RepPct":0.69375819,"WhitePct":0.91191275,"MinorityPct":0.08808725,"BlackPct":0.01582774,"HispanicPct":0.02701342,"PacificPct":0.00167785,"AsianPct":0.00704698,"NativePct":0.03400447,"TotalVAP":17880,"Margin":-0.23227791,"color":"#820000","opacity":"0.5"},"geometry":{"type":"MultiPolygon","coordinates":[[[[-95.51794,38.154436],[-95.518097,38.13993],[-95.518194,38.125426],[-95.518681,38.110895],[-95.518728,38.103718],[-95.518549,38.096367],[-95.518666,38.081845],[-95.51879,38.067174],[-95.518891,38.052681],[-95.518875,38.042324],[-95.51897,38.03823],[-95.519064,38.023708],[-95.519182,38.009177],[-95.519074,37.994605],[-95.519131,37.98858],[-95.519132,37.988486],[-95.519132,37.988409],[-95.519146,37.984583],[-95.519146,37.98448],[-95.519146,37.984416],[-95.519146,37.984353],[-95.519162,37.979309],[-95.519163,37.979165],[-95.519163,37.979036],[-95.519187,37.97257],[-95.519238,37.958374],[-95.519429,37.958379],[-95.519373,37.951084],[-95.519317,37.936539],[-95.519193,37.922025],[-95.519167,37.920343],[-95.519129,37.907488],[-95.519263,37.892799],[-95.519204,37.881973],[-95.519072,37.878302],[-95.519008,37.87127],[-95.519224,37.863755],[-95.519111,37.85749],[-95.519213,37.849246],[-95.519178,37.834744],[-95.519245,37.822432],[-95.519308,37.820259],[-95.519692,37.820257],[-95.524862,37.820285],[-95.525112,37.805555],[-95.524874,37.79097],[-95.524838,37.784435],[-95.524921,37.776387],[-95.524842,37.762131],[-95.524843,37.761738],[-95.524982,37.754593],[-95.525222,37.747338],[-95.525499,37.732759],[-95.506983,37.73275],[-95.498673,37.73253],[-95.488888,37.732642],[-95.470925,37.73271],[-95.461026,37.732948],[-95.460649,37.732948],[-95.460449,37.732948],[-95.459913,37.732948],[-95.459016,37.73295],[-95.440873,37.732984],[-95.431049,37.732968],[-95.424872,37.733045],[-95.424016,37.732805],[-95.415694,37.732828],[-95.397228,37.73291],[-95.378793,37.732906],[-95.361324,37.732811],[-95.343023,37.73278],[-95.34017,37.73285],[-95.334108,37.732998],[-95.324725,37.732925],[-95.306441,37.732762],[-95.301603,37.732669],[-95.288262,37.732604],[-95.288025,37.732608],[-95.281515,37.73254],[-95.281158,37.732535],[-95.272076,37.732505],[-95.262481,37.732372],[-95.252138,37.732369],[-95.233963,37.732531],[-95.215657,37.732587],[-95.19736,37.732539],[-95.193181,37.732757],[-95.181416,37.732829],[-95.178667,37.732828],[-95.169585,37.732822],[-95.160688,37.734202],[-95.145374,37.734075],[-95.143095,37.734052],[-95.124618,37.733892],[-95.115714,37.732406],[-95.107918,37.732392],[-95.106487,37.732399],[-95.096781,37.732527],[-95.088082,37.732476],[-95.088102,37.747063],[-95.087839,37.761405],[-95.087883,37.774356],[-95.087952,37.775984],[-95.087869,37.782301],[-95.087973,37.790684],[-95.08803,37.797901],[-95.087876,37.797992],[-95.087778,37.804209],[-95.087837,37.805347],[-95.088012,37.810212],[-95.087955,37.81956],[-95.087808,37.819815],[-95.079692,37.8198],[-95.079806,37.834292],[-95.079993,37.848876],[-95.080121,37.856183],[-95.080181,37.870834],[-95.080098,37.877909],[-95.079959,37.890317],[-95.07993,37.892415],[-95.079885,37.894474],[-95.079862,37.895507],[-95.079851,37.89595],[-95.079829,37.898587],[-95.0798,37.899365],[-95.07979,37.899715],[-95.079559,37.906826],[-95.079298,37.921329],[-95.079142,37.935835],[-95.078972,37.950409],[-95.078756,37.964909],[-95.078509,37.979419],[-95.078568,37.991029],[-95.078682,37.993976],[-95.078468,37.998403],[-95.078535,38.000971],[-95.07835,38.008782],[-95.078232,38.01375],[-95.078279,38.019071],[-95.078034,38.030542],[-95.077876,38.037706],[-95.077786,38.052234],[-95.077506,38.063606],[-95.077399,38.075666],[-95.07727,38.081348],[-95.077067,38.095891],[-95.076769,38.096444],[-95.076855,38.110503],[-95.076826,38.115055],[-95.076523,38.125031],[-95.076501,38.134148],[-95.076708,38.139594],[-95.076683,38.151143],[-95.076712,38.15412],[-95.076696,38.159087],[-95.076667,38.168252],[-95.076616,38.17354],[-95.076751,38.182665],[-95.076688,38.191846],[-95.076388,38.204419],[-95.076185,38.211696],[-95.075922,38.230213],[-95.075841,38.233271],[-95.075767,38.238091],[-95.07569,38.240506],[-95.075342,38.251527],[-95.075459,38.258714],[-95.065103,38.258648],[-95.065088,38.264735],[-95.065305,38.273177],[-95.046782,38.273129],[-95.028242,38.273194],[-95.021299,38.273061],[-95.010082,38.273131],[-95.009751,38.273124],[-94.994425,38.27305],[-94.991676,38.273055],[-94.980575,38.273019],[-94.977767,38.273041],[-94.954703,38.27304],[-94.93637,38.272988],[-94.921694,38.272984],[-94.918018,38.272978],[-94.917939,38.274967],[-94.917941,38.287482],[-94.917956,38.29223],[-94.917786,38.295518],[-94.917966,38.30202],[-94.917917,38.31656],[-94.917912,38.331047],[-94.917905,38.336342],[-94.917911,38.345523],[-94.917967,38.351913],[-94.918018,38.36005],[-94.918132,38.374606],[-94.918118,38.385044],[-94.918102,38.38685],[-94.918096,38.386986],[-94.918137,38.389142],[-94.906741,38.389119],[-94.899323,38.389087],[-94.880839,38.388962],[-94.880673,38.388997],[-94.853292,38.38891],[-94.851169,38.388783],[-94.828257,38.388857],[-94.825579,38.388791],[-94.816352,38.38886],[-94.808177,38.388835],[-94.775625,38.388993],[-94.775439,38.388994],[-94.775253,38.388996],[-94.774927,38.388995],[-94.770401,38.38902],[-94.758771,38.389073],[-94.758397,38.389147],[-94.756543,38.389082],[-94.750256,38.38912],[-94.734909,38.389046],[-94.733135,38.389037],[-94.718857,38.388969],[-94.71478,38.388949],[-94.710712,38.388942],[-94.707758,38.388952],[-94.705811,38.389],[-94.704588,38.388998],[-94.696221,38.388859],[-94.687766,38.388819],[-94.687411,38.388817],[-94.68005,38.388791],[-94.673594,38.38892],[-94.658026,38.388868],[-94.650312,38.388881],[-94.625223,38.388889],[-94.623025,38.388801],[-94.613232,38.388718],[-94.613364,38.403511],[-94.613406,38.417953],[-94.61345,38.424449],[-94.613372,38.432128],[-94.61327,38.446674],[-94.613371,38.453947],[-94.613297,38.461145],[-94.613231,38.464451],[-94.613031,38.47567],[-94.617993,38.475689],[-94.618985,38.475697],[-94.621828,38.475715],[-94.63081,38.475715],[-94.640165,38.475741],[-94.658449,38.475881],[-94.676936,38.476079],[-94.686179,38.476185],[-94.686513,38.476185],[-94.695483,38.476317],[-94.714028,38.476775],[-94.732766,38.476659],[-94.74199,38.476631],[-94.745554,38.47661],[-94.753364,38.476604],[-94.769942,38.476709],[-94.769953,38.491331],[-94.779336,38.491209],[-94.78871,38.491196],[-94.798025,38.490896],[-94.808005,38.490562],[-94.819507,38.490635],[-94.826162,38.490666],[-94.827325,38.490685],[-94.829336,38.490722],[-94.829464,38.490725],[-94.829456,38.494114],[-94.829119,38.497859],[-94.829961,38.500706],[-94.831727,38.503185],[-94.833556,38.504666],[-94.834989,38.504822],[-94.841025,38.503808],[-94.842327,38.503428],[-94.846078,38.501657],[-94.846802,38.501578],[-94.847132,38.501189],[-94.84876,38.500026],[-94.849373,38.499513],[-94.851301,38.497639],[-94.852996,38.49587],[-94.854031,38.49464],[-94.854047,38.494823],[-94.854308,38.497851],[-94.863613,38.497873],[-94.863604,38.497321],[-94.866387,38.497475],[-94.866657,38.497508],[-94.86766,38.497888],[-94.87301,38.497891],[-94.882045,38.497667],[-94.891291,38.497763],[-94.900556,38.497856],[-94.909842,38.497945],[-94.911978,38.497952],[-94.917621,38.498041],[-94.918278,38.498049],[-94.921187,38.498096],[-94.921184,38.497181],[-94.922574,38.497195],[-94.922563,38.498099],[-94.927817,38.498185],[-94.927946,38.498188],[-94.928128,38.498193],[-94.927166,38.496872],[-94.92883,38.496585],[-94.931139,38.495597],[-94.931058,38.495435],[-94.934341,38.494797],[-94.936917,38.493611],[-94.936957,38.491051],[-94.939012,38.491052],[-94.939276,38.491051],[-94.939307,38.490979],[-94.939663,38.489203],[-94.940358,38.487148],[-94.940401,38.486853],[-94.940881,38.48597],[-94.941033,38.485278],[-94.941298,38.484948],[-94.942604,38.483791],[-94.943044,38.483551],[-94.943728,38.483412],[-94.945528,38.483763],[-94.945553,38.483687],[-94.945509,38.483597],[-94.943818,38.483263],[-94.945315,38.482689],[-94.945751,38.480121],[-94.945697,38.471133],[-94.946428,38.469171],[-94.947661,38.466953],[-94.94987,38.464787],[-94.952605,38.463011],[-94.953557,38.46296],[-94.95412,38.462929],[-94.955596,38.462097],[-94.965969,38.456192],[-94.966854,38.455494],[-94.973818,38.451444],[-94.980414,38.447734],[-94.983145,38.446186],[-94.986294,38.44476],[-94.992289,38.44277],[-94.994215,38.442116],[-94.997747,38.440464],[-95.010589,38.433147],[-95.019781,38.427926],[-95.023391,38.425849],[-95.036043,38.418651],[-95.038136,38.417446],[-95.047492,38.412103],[-95.048651,38.411456],[-95.052754,38.40911],[-95.056771,38.407111],[-95.065945,38.403272],[-95.065894,38.397206],[-95.065831,38.389945],[-95.074417,38.389765],[-95.083948,38.389713],[-95.084162,38.389861],[-95.091253,38.389767],[-95.102684,38.38992],[-95.106006,38.389959],[-95.113596,38.390121],[-95.11597,38.389916],[-95.116226,38.389914],[-95.124975,38.390025],[-95.134867,38.390205],[-95.139084,38.389924],[-95.157773,38.390006],[-95.176208,38.390078],[-95.176379,38.390079],[-95.178446,38.39012],[-95.184392,38.390093],[-95.194784,38.390198],[-95.210054,38.390464],[-95.213201,38.389785],[-95.216964,38.390463],[-95.219826,38.390281],[-95.231635,38.390322],[-95.248189,38.390259],[-95.248779,38.390256],[-95.257989,38.390185],[-95.267133,38.390124],[-95.285608,38.390162],[-95.304024,38.390097],[-95.312516,38.390084],[-95.331035,38.390163],[-95.341049,38.39018],[-95.360246,38.390137],[-95.378628,38.390165],[-95.39712,38.390248],[-95.415645,38.390233],[-95.415759,38.390234],[-95.427315,38.390221],[-95.434354,38.390186],[-95.45296,38.390216],[-95.454198,38.390186],[-95.4549,38.389456],[-95.455414,38.389704],[-95.455772,38.389841],[-95.456536,38.390051],[-95.456724,38.39009],[-95.456852,38.390117],[-95.45854,38.390192],[-95.472702,38.390152],[-95.480523,38.390185],[-95.489819,38.390243],[-95.499124,38.390262],[-95.508328,38.390278],[-95.508306,38.382676],[-95.50848,38.380651],[-95.508256,38.375758],[-95.50819,38.365407],[-95.507907,38.36119],[-95.507986,38.356295],[-95.507968,38.346583],[-95.507948,38.345789],[-95.507789,38.331875],[-95.507851,38.317416],[-95.507849,38.314045],[-95.507774,38.288332],[-95.507759,38.285817],[-95.507647,38.274245],[-95.507728,38.273796],[-95.507642,38.2683],[-95.507606,38.266204],[-95.507474,38.259248],[-95.516757,38.259296],[-95.516819,38.251943],[-95.517112,38.24199],[-95.517346,38.227448],[-95.517544,38.211109],[-95.517406,38.206818],[-95.51749,38.198368],[-95.517774,38.189059],[-95.517812,38.183849],[-95.517593,38.181894],[-95.517799,38.173404],[-95.51777,38.173005],[-95.517802,38.169308],[-95.51794,38.154436]]]]}},{"type":"Feature","properties":{"id":10,"NAME":"10","text-color":"#000000","text-size":16,"labelx":-95.230613,"labely":38.937418,"TotalPop":23042,"PopDevPct":-0.01961619,"DemPct":0.75183361,"RepPct":0.20503558,"WhitePct":0.68986667,"MinorityPct":0.31013333,"BlackPct":0.07962667,"HispanicPct":0.084,"PacificPct":0.00144,"AsianPct":0.05882667,"NativePct":0.09482667,"TotalVAP":18750,"Margin":0.25183361,"color":"#000082","opacity":"0.5"},"geometry":{"type":"MultiPolygon","coordinates":[[[[-95.260489,38.949966],[-95.260501,38.946328],[-95.2605,38.942693],[-95.260526,38.940262],[-95.260527,38.938657],[-95.262917,38.938647],[-95.263032,38.935913],[-95.26513,38.935892],[-95.265305,38.935296],[-95.266368,38.935299],[-95.269862,38.935296],[-95.269871,38.934698],[-95.269946,38.934287],[-95.271157,38.93251],[-95.272011,38.93147],[-95.272653,38.930688],[-95.273405,38.929496],[-95.273406,38.928118],[-95.274531,38.928115],[-95.274927,38.928114],[-95.276008,38.928112],[-95.276818,38.928112],[-95.27863,38.928663],[-95.278928,38.929],[-95.279216,38.929001],[-95.279181,38.927854],[-95.27918,38.926408],[-95.27918,38.926297],[-95.27918,38.925921],[-95.279181,38.924696],[-95.279183,38.924495],[-95.278747,38.922441],[-95.273226,38.920527],[-95.269754,38.919946],[-95.267612,38.919926],[-95.264153,38.919996],[-95.260597,38.920849],[-95.260595,38.921188],[-95.260443,38.921213],[-95.260446,38.920856],[-95.260456,38.919949],[-95.260452,38.918693],[-95.260446,38.918007],[-95.260455,38.91624],[-95.260447,38.910966],[-95.259852,38.910926],[-95.259497,38.910883],[-95.25908,38.910904],[-95.258572,38.911017],[-95.257855,38.911448],[-95.257626,38.911644],[-95.257298,38.911868],[-95.257047,38.911989],[-95.256812,38.912034],[-95.256593,38.91198],[-95.256382,38.911875],[-95.255939,38.911454],[-95.255631,38.911232],[-95.255398,38.911102],[-95.255156,38.91102],[-95.254846,38.910971],[-95.254452,38.910981],[-95.254164,38.911031],[-95.253692,38.911232],[-95.253348,38.91156],[-95.253141,38.911843],[-95.252889,38.912022],[-95.25257,38.912159],[-95.25207,38.912174],[-95.251595,38.911933],[-95.250947,38.91165],[-95.250464,38.911462],[-95.25,38.911306],[-95.249422,38.91114],[-95.249191,38.910996],[-95.248726,38.910921],[-95.248076,38.910703],[-95.246726,38.910659],[-95.246077,38.91037],[-95.245199,38.909722],[-95.245156,38.909674],[-95.243521,38.909962],[-95.241803,38.911905],[-95.241803,38.91195],[-95.241777,38.912152],[-95.241564,38.912372],[-95.241373,38.912749],[-95.241067,38.912942],[-95.240885,38.913017],[-95.240506,38.913254],[-95.2404,38.913386],[-95.240255,38.91346],[-95.239999,38.913494],[-95.239671,38.913587],[-95.239304,38.913608],[-95.238859,38.913502],[-95.238462,38.91315],[-95.238289,38.912938],[-95.2381,38.912769],[-95.238052,38.912411],[-95.238172,38.912121],[-95.238203,38.911934],[-95.238177,38.911719],[-95.238035,38.91129],[-95.237387,38.91113],[-95.237055,38.911108],[-95.236747,38.911272],[-95.236623,38.911404],[-95.236468,38.911737],[-95.236309,38.911956],[-95.23626,38.912158],[-95.236156,38.912361],[-95.236074,38.912664],[-95.235862,38.912941],[-95.235724,38.913246],[-95.235619,38.913406],[-95.235605,38.913564],[-95.235431,38.913869],[-95.235311,38.914159],[-95.234922,38.91464],[-95.234704,38.914745],[-95.234579,38.914848],[-95.234379,38.914924],[-95.233995,38.915003],[-95.233572,38.915011],[-95.233022,38.915065],[-95.232694,38.915157],[-95.232641,38.915216],[-95.231654,38.915421],[-95.231155,38.91533],[-95.230801,38.915208],[-95.230461,38.914898],[-95.230395,38.914569],[-95.23039,38.914397],[-95.230575,38.913847],[-95.230534,38.913719],[-95.230558,38.913316],[-95.230518,38.913216],[-95.230491,38.912929],[-95.230559,38.912741],[-95.230739,38.912623],[-95.230935,38.912432],[-95.231389,38.912237],[-95.231863,38.912113],[-95.232063,38.912037],[-95.232057,38.91185],[-95.231998,38.911736],[-95.231868,38.911667],[-95.231696,38.911484],[-95.231509,38.911372],[-95.231176,38.911307],[-95.230753,38.911329],[-95.230589,38.911361],[-95.230356,38.911552],[-95.230196,38.911742],[-95.230058,38.912032],[-95.230123,38.912347],[-95.230004,38.912651],[-95.229959,38.912982],[-95.229753,38.913461],[-95.229394,38.913726],[-95.22923,38.913787],[-95.228973,38.913806],[-95.228734,38.913782],[-95.228514,38.913829],[-95.228403,38.913788],[-95.228145,38.913779],[-95.227775,38.913714],[-95.227498,38.91369],[-95.227034,38.913556],[-95.22677,38.913345],[-95.226394,38.913079],[-95.2262,38.912767],[-95.225955,38.91257],[-95.225805,38.912487],[-95.225653,38.912317],[-95.225517,38.912076],[-95.225364,38.911906],[-95.225119,38.91171],[-95.22472,38.911286],[-95.224196,38.910995],[-95.223933,38.910937],[-95.223641,38.91095],[-95.223605,38.914893],[-95.223279,38.91592],[-95.220912,38.918507],[-95.220421,38.920833],[-95.204967,38.920944],[-95.204963,38.923283],[-95.204963,38.923547],[-95.204963,38.923995],[-95.204957,38.927743],[-95.204957,38.927773],[-95.204957,38.928134],[-95.204957,38.928207],[-95.204957,38.928269],[-95.20498,38.930663],[-95.204974,38.932272],[-95.204972,38.932628],[-95.204969,38.933345],[-95.204967,38.933595],[-95.204967,38.933723],[-95.204952,38.935503],[-95.204954,38.935952],[-95.204953,38.936861],[-95.204953,38.937314],[-95.204937,38.939236],[-95.204921,38.941118],[-95.20491,38.942556],[-95.204919,38.942791],[-95.204211,38.945517],[-95.204196,38.949627],[-95.205185,38.950014],[-95.206247,38.950011],[-95.21418,38.94998],[-95.214184,38.950401],[-95.214188,38.950787],[-95.214194,38.951666],[-95.2142,38.95278],[-95.213744,38.953523],[-95.213752,38.956534],[-95.213754,38.956991],[-95.21558,38.95699],[-95.216729,38.956986],[-95.21762,38.956996],[-95.21788,38.956994],[-95.219041,38.956992],[-95.220215,38.956996],[-95.221338,38.956997],[-95.223533,38.956994],[-95.225401,38.957],[-95.225939,38.957002],[-95.226295,38.957003],[-95.22689,38.957008],[-95.228916,38.957015],[-95.230068,38.95702],[-95.23064,38.957022],[-95.231233,38.957024],[-95.232365,38.957028],[-95.232843,38.957029],[-95.233553,38.957031],[-95.233638,38.957031],[-95.234702,38.957032],[-95.235899,38.957034],[-95.2359,38.956983],[-95.237096,38.956988],[-95.238266,38.95698],[-95.238256,38.955321],[-95.239411,38.955316],[-95.240828,38.955208],[-95.241239,38.95528],[-95.241803,38.955235],[-95.242996,38.95523],[-95.243015,38.954057],[-95.243009,38.952977],[-95.244202,38.952963],[-95.245393,38.952957],[-95.245391,38.951395],[-95.245391,38.950104],[-95.246585,38.950095],[-95.246881,38.950093],[-95.247755,38.950087],[-95.248216,38.950083],[-95.248884,38.950077],[-95.249393,38.950072],[-95.250009,38.950065],[-95.25113,38.950058],[-95.251269,38.950058],[-95.255813,38.950017],[-95.258236,38.949983],[-95.258727,38.949978],[-95.260489,38.949966]]]]}},{"type":"Feature","properties":{"id":11,"NAME":"11","text-color":"#000000","text-size":16,"labelx":-95.634282,"labely":37.117992,"TotalPop":23072,"PopDevPct":-0.01833976,"DemPct":0.26222487,"RepPct":0.6989887,"WhitePct":0.77371975,"MinorityPct":0.22628025,"BlackPct":0.07011818,"HispanicPct":0.06494091,"PacificPct":0.00185706,"AsianPct":0.00922904,"NativePct":0.08519977,"TotalVAP":17770,"Margin":-0.23777513,"color":"#f80d00","opacity":"0.5"},"geometry":{"type":"MultiPolygon","coordinates":[[[[-95.521691,37.12029],[-95.521763,37.128489],[-95.521873,37.135478],[-95.522063,37.142568],[-95.521981,37.150354],[-95.521565,37.159051],[-95.521288,37.164772],[-95.521228,37.172264],[-95.521301,37.179199],[-95.521412,37.185239],[-95.521414,37.193749],[-95.520697,37.20141],[-95.520048,37.207066],[-95.52005,37.21189],[-95.519446,37.221216],[-95.519349,37.224428],[-95.519278,37.225926],[-95.518892,37.229361],[-95.518631,37.236933],[-95.518343,37.244349],[-95.518017,37.251718],[-95.51798,37.259019],[-95.517975,37.266314],[-95.517976,37.266376],[-95.517978,37.266592],[-95.517979,37.266712],[-95.518389,37.280476],[-95.519146,37.295247],[-95.519175,37.302307],[-95.519366,37.30993],[-95.519436,37.324788],[-95.519437,37.324861],[-95.519568,37.339584],[-95.519818,37.346641],[-95.520093,37.354348],[-95.52011,37.356157],[-95.520366,37.357215],[-95.520286,37.358802],[-95.520624,37.369103],[-95.52107,37.3824],[-95.52113,37.38399],[-95.52556,37.383979],[-95.537998,37.383983],[-95.543797,37.383984],[-95.557604,37.383947],[-95.566554,37.383962],[-95.571471,37.383946],[-95.575639,37.383955],[-95.58036,37.383989],[-95.602156,37.384168],[-95.60544,37.384201],[-95.61539,37.384261],[-95.6203,37.384299],[-95.633608,37.38438],[-95.638598,37.384424],[-95.647738,37.384465],[-95.656577,37.38456],[-95.665383,37.384574],[-95.665762,37.384573],[-95.679252,37.38469],[-95.688469,37.384757],[-95.706382,37.384918],[-95.708535,37.384958],[-95.708844,37.384968],[-95.738644,37.38519],[-95.74304,37.385217],[-95.761114,37.385344],[-95.76547,37.38536],[-95.783242,37.385448],[-95.796058,37.385505],[-95.805036,37.385735],[-95.815619,37.385743],[-95.819458,37.385757],[-95.819516,37.377229],[-95.819443,37.371186],[-95.819494,37.356655],[-95.819328,37.327604],[-95.819341,37.313117],[-95.819395,37.298652],[-95.819501,37.276819],[-95.819513,37.265003],[-95.819526,37.263786],[-95.819603,37.256859],[-95.819622,37.25516],[-95.814872,37.255148],[-95.808446,37.255131],[-95.79054,37.255085],[-95.780735,37.25506],[-95.780177,37.255005],[-95.778961,37.254957],[-95.778117,37.254956],[-95.773932,37.254886],[-95.765236,37.25483],[-95.759211,37.254783],[-95.7516,37.254668],[-95.742776,37.254623],[-95.742522,37.254601],[-95.737379,37.254618],[-95.728893,37.254552],[-95.728893,37.254581],[-95.726084,37.254561],[-95.726072,37.25092],[-95.724307,37.25092],[-95.723151,37.250906],[-95.719702,37.250896],[-95.719221,37.250893],[-95.718397,37.25089],[-95.71808,37.250888],[-95.716965,37.250882],[-95.715831,37.250882],[-95.715319,37.250887],[-95.714713,37.250892],[-95.71075,37.250852],[-95.710748,37.249461],[-95.710747,37.248988],[-95.710745,37.247114],[-95.708554,37.247083],[-95.706279,37.247057],[-95.706259,37.244485],[-95.706252,37.243551],[-95.706253,37.24264],[-95.706255,37.241261],[-95.706248,37.239903],[-95.706245,37.238804],[-95.706247,37.23754],[-95.706398,37.236298],[-95.706564,37.23539],[-95.706565,37.234994],[-95.706561,37.234494],[-95.70656,37.233571],[-95.706572,37.232553],[-95.706575,37.232329],[-95.706587,37.231154],[-95.706586,37.230816],[-95.706586,37.229982],[-95.706592,37.22961],[-95.706596,37.229396],[-95.706601,37.229065],[-95.706599,37.227667],[-95.707291,37.227669],[-95.708013,37.227671],[-95.708669,37.227682],[-95.709362,37.227696],[-95.710036,37.227709],[-95.710749,37.227716],[-95.711439,37.227717],[-95.712113,37.227718],[-95.712805,37.22772],[-95.713488,37.227723],[-95.714184,37.227727],[-95.714856,37.22773],[-95.714875,37.226631],[-95.714882,37.226087],[-95.714881,37.225543],[-95.714892,37.22444],[-95.714903,37.223885],[-95.714919,37.223316],[-95.716215,37.223326],[-95.717451,37.223338],[-95.71869,37.223351],[-95.719911,37.223364],[-95.721012,37.223377],[-95.722353,37.223393],[-95.723005,37.2234],[-95.723704,37.223402],[-95.724197,37.223403],[-95.724492,37.223404],[-95.724485,37.22186],[-95.724692,37.218256],[-95.724606,37.215819],[-95.724946,37.214613],[-95.733408,37.214634],[-95.733403,37.211021],[-95.742753,37.211054],[-95.746917,37.211087],[-95.747031,37.206257],[-95.746992,37.193021],[-95.746883,37.185742],[-95.746887,37.178605],[-95.746984,37.167593],[-95.746898,37.153064],[-95.746912,37.138528],[-95.746945,37.128008],[-95.74686,37.124016],[-95.746925,37.113276],[-95.746924,37.112727],[-95.746839,37.112681],[-95.746753,37.112407],[-95.74681,37.112041],[-95.746952,37.111858],[-95.749579,37.110714],[-95.75012,37.109505],[-95.746977,37.109529],[-95.74686,37.10953],[-95.746746,37.094989],[-95.74677,37.092021],[-95.746824,37.087662],[-95.74682,37.084744],[-95.747039,37.081246],[-95.747621,37.079623],[-95.747066,37.078912],[-95.746913,37.073207],[-95.746819,37.069675],[-95.74685,37.065991],[-95.746712,37.058684],[-95.746776,37.051514],[-95.746678,37.040345],[-95.746718,37.033058],[-95.746692,37.026959],[-95.747247,37.02575],[-95.74728,37.019603],[-95.746722,37.018983],[-95.746642,37.018882],[-95.746502,37.004395],[-95.74647,36.999218],[-95.732688,36.999306],[-95.725572,36.999285],[-95.710818,36.999272],[-95.692295,36.999265],[-95.674042,36.999272],[-95.655883,36.999333],[-95.637984,36.999386],[-95.626165,36.999346],[-95.621012,36.999361],[-95.620274,36.999358],[-95.61277,36.999242],[-95.609026,36.999316],[-95.602091,36.999301],[-95.601517,36.999302],[-95.598184,36.999297],[-95.58899,36.999283],[-95.576913,36.999264],[-95.570603,36.99936],[-95.558629,36.999381],[-95.540726,36.999319],[-95.522415,36.99928],[-95.522546,37.005491],[-95.52269,37.020011],[-95.522872,37.026613],[-95.522897,37.034573],[-95.522779,37.042539],[-95.522774,37.042935],[-95.522755,37.047911],[-95.522727,37.062365],[-95.522651,37.063507],[-95.522598,37.064736],[-95.521858,37.077086],[-95.521703,37.091474],[-95.521567,37.106127],[-95.521691,37.12029]]]]}},{"type":"Feature","properties":{"id":12,"NAME":"12","text-color":"#000000","text-size":16,"labelx":-96.606486,"labely":37.308398,"TotalPop":23135,"PopDevPct":-0.01565925,"DemPct":0.1804324,"RepPct":0.78370031,"WhitePct":0.86621431,"MinorityPct":0.13378569,"BlackPct":0.01696353,"HispanicPct":0.03358779,"PacificPct":0.00147017,"AsianPct":0.00836867,"NativePct":0.07215154,"TotalVAP":17685,"Margin":-0.3195676,"color":"#f80d00","opacity":"0.5"},"geometry":{"type":"MultiPolygon","coordinates":[[[[-96.577792,37.825012],[-96.591779,37.824992],[-96.601273,37.824978],[-96.602198,37.82502],[-96.615865,37.825046],[-96.620535,37.82502],[-96.634251,37.825009],[-96.657206,37.824993],[-96.661606,37.824988],[-96.675549,37.825007],[-96.680029,37.824993],[-96.698412,37.824981],[-96.706637,37.824962],[-96.712302,37.824961],[-96.716128,37.824963],[-96.716057,37.810511],[-96.71652,37.810518],[-96.716042,37.810154],[-96.715902,37.795778],[-96.715887,37.793938],[-96.715916,37.782922],[-96.715927,37.781243],[-96.715856,37.766503],[-96.715792,37.761237],[-96.715876,37.751962],[-96.715947,37.741319],[-96.715875,37.737407],[-96.715875,37.737246],[-96.734103,37.737369],[-96.751055,37.737468],[-96.752318,37.73739],[-96.770687,37.737366],[-96.789027,37.737431],[-96.807249,37.737526],[-96.825266,37.737652],[-96.825532,37.737654],[-96.825917,37.73751],[-96.844138,37.737476],[-96.844507,37.737479],[-96.862111,37.737591],[-96.863857,37.737571],[-96.866727,37.737597],[-96.880449,37.737585],[-96.894153,37.737508],[-96.895405,37.737676],[-96.897832,37.737815],[-96.900032,37.737991],[-96.906505,37.737707],[-96.908484,37.737601],[-96.916941,37.737546],[-96.934623,37.73756],[-96.934716,37.730445],[-96.934769,37.723036],[-96.934813,37.708698],[-96.934805,37.708428],[-96.934799,37.708165],[-96.934878,37.70123],[-96.935083,37.693922],[-96.935305,37.687739],[-96.935289,37.685081],[-96.935003,37.682989],[-96.935014,37.679312],[-96.934968,37.671988],[-96.934968,37.671771],[-96.934959,37.671244],[-96.935018,37.664724],[-96.935037,37.657435],[-96.935083,37.650153],[-96.935125,37.635636],[-96.935172,37.628415],[-96.935206,37.621156],[-96.935296,37.606649],[-96.95348,37.606604],[-96.971786,37.606717],[-96.981001,37.606756],[-96.990081,37.606768],[-96.990147,37.588614],[-96.990081,37.577714],[-96.990047,37.566755],[-96.990091,37.563012],[-96.990156,37.559625],[-96.990372,37.548471],[-96.989714,37.548034],[-96.991899,37.544898],[-96.994056,37.541723],[-96.997456,37.534146],[-96.990284,37.534133],[-96.990246,37.519568],[-96.990147,37.512254],[-96.977248,37.512276],[-96.976143,37.512049],[-96.975406,37.511413],[-96.975987,37.508986],[-96.974879,37.508513],[-96.975654,37.507505],[-96.977012,37.507968],[-96.977475,37.507281],[-96.979504,37.507288],[-96.979798,37.508285],[-96.981117,37.507542],[-96.980569,37.506739],[-96.982073,37.506509],[-96.982662,37.505116],[-96.983238,37.500156],[-96.982545,37.4988],[-96.984519,37.49855],[-96.986381,37.497249],[-96.987366,37.4975],[-96.986535,37.498449],[-96.987096,37.49889],[-96.988111,37.498007],[-96.988448,37.493545],[-96.987989,37.491576],[-96.989244,37.490332],[-96.98945,37.488844],[-96.992042,37.488276],[-96.991782,37.48758],[-96.989691,37.487122],[-96.990957,37.486222],[-96.992286,37.486239],[-96.991467,37.484631],[-96.992446,37.483631],[-96.994339,37.483632],[-96.996098,37.482089],[-96.997678,37.482233],[-96.998439,37.481401],[-96.999099,37.478792],[-96.997005,37.47933],[-96.997517,37.477671],[-96.997195,37.475715],[-96.989968,37.475692],[-96.97171,37.475683],[-96.966265,37.475669],[-96.961721,37.475658],[-96.954829,37.47564],[-96.953481,37.475637],[-96.947294,37.475658],[-96.941348,37.475669],[-96.936629,37.475703],[-96.935028,37.474797],[-96.934809,37.469246],[-96.934409,37.463759],[-96.934233,37.461343],[-96.933757,37.454527],[-96.933365,37.447489],[-96.933082,37.439963],[-96.932821,37.433003],[-96.932657,37.428788],[-96.932412,37.418508],[-96.932073,37.411332],[-96.931697,37.403986],[-96.931237,37.389496],[-96.932256,37.389495],[-96.933729,37.389494],[-96.933753,37.381996],[-96.933766,37.380176],[-96.933837,37.375023],[-96.93404,37.375023],[-96.933813,37.360444],[-96.933701,37.351925],[-96.93377,37.348494],[-96.933796,37.345999],[-96.933733,37.342384],[-96.933548,37.333805],[-96.93353,37.326261],[-96.933685,37.317107],[-96.933702,37.309808],[-96.934105,37.309806],[-96.934032,37.307079],[-96.940476,37.30318],[-96.942204,37.302346],[-96.934002,37.302246],[-96.926282,37.302267],[-96.926085,37.302265],[-96.925496,37.302262],[-96.9253,37.302262],[-96.915891,37.302468],[-96.915897,37.301385],[-96.915908,37.288077],[-96.915871,37.280803],[-96.915841,37.273539],[-96.915842,37.266235],[-96.915824,37.259034],[-96.915605,37.244547],[-96.915488,37.242931],[-96.915488,37.242885],[-96.91549,37.242748],[-96.915492,37.242703],[-96.915522,37.242488],[-96.915551,37.242289],[-96.915588,37.241842],[-96.915606,37.241627],[-96.915592,37.241532],[-96.915553,37.241249],[-96.91554,37.241155],[-96.915526,37.230078],[-96.915626,37.21539],[-96.915496,37.200907],[-96.915204,37.193695],[-96.915207,37.186498],[-96.915122,37.180185],[-96.914948,37.178656],[-96.914706,37.170657],[-96.914668,37.164825],[-96.914742,37.160813],[-96.914868,37.141957],[-96.914896,37.134935],[-96.914789,37.129499],[-96.914768,37.12852],[-96.914551,37.121437],[-96.915479,37.12139],[-96.921403,37.121307],[-96.921729,37.121348],[-96.925293,37.12122],[-96.925367,37.121229],[-96.925611,37.121238],[-96.92588,37.121248],[-96.929564,37.121222],[-96.932911,37.121202],[-96.932923,37.12022],[-96.933072,37.114611],[-96.932981,37.103972],[-96.932972,37.103276],[-96.932946,37.101189],[-96.932938,37.100494],[-96.932678,37.099519],[-96.955485,37.099365],[-96.968737,37.099606],[-96.98674,37.099687],[-96.986642,37.085097],[-96.98652,37.078053],[-96.986462,37.074467],[-96.986399,37.070594],[-96.986356,37.066983],[-96.986361,37.063373],[-96.983143,37.063372],[-96.983146,37.05954],[-96.982333,37.059477],[-96.982278,37.057002],[-96.983137,37.056306],[-96.98277,37.056056],[-96.979689,37.056068],[-96.970587,37.056096],[-96.969111,37.055916],[-96.96829,37.055088],[-96.968221,37.050228],[-96.966616,37.048857],[-96.950103,37.04869],[-96.940955,37.048799],[-96.935292,37.048793],[-96.932121,37.048747],[-96.932007,37.041599],[-96.931939,37.040912],[-96.932094,37.036238],[-96.932066,37.02959],[-96.932034,37.028777],[-96.935116,37.029442],[-96.941553,37.02885],[-96.944094,37.029245],[-96.945769,37.030114],[-96.950689,37.031732],[-96.960817,37.034685],[-96.962617,37.035339],[-96.963999,37.038373],[-96.965099,37.039178],[-96.966136,37.040855],[-96.96744,37.041504],[-96.969663,37.041931],[-96.971918,37.041667],[-96.978737,37.042317],[-96.9837,37.046366],[-96.986886,37.047792],[-96.991674,37.049127],[-96.995053,37.049859],[-96.999814,37.049836],[-96.99981,37.049582],[-96.999713,37.048947],[-96.999472,37.045731],[-97.001189,37.0417],[-97.003451,37.037083],[-97.005748,37.034366],[-97.008488,37.032718],[-97.010417,37.031867],[-97.01506,37.031057],[-97.017019,37.032197],[-97.018439,37.035769],[-97.021634,37.038607],[-97.024538,37.039478],[-97.028133,37.039588],[-97.030608,37.038933],[-97.032888,37.038717],[-97.033343,37.038644],[-97.036156,37.038393],[-97.039147,37.03894],[-97.039278,37.037855],[-97.039606,37.034782],[-97.039494,37.034527],[-97.039531,37.034134],[-97.039588,37.033744],[-97.039711,37.03328],[-97.039871,37.032816],[-97.03956,37.03174],[-97.039532,37.027301],[-97.039559,37.021831],[-97.039559,37.021483],[-97.039559,37.021298],[-97.039558,37.020081],[-97.039577,37.016448],[-97.039577,37.012823],[-97.039583,37.009991],[-97.039564,37.008393],[-97.039572,37.005552],[-97.039576,37.005526],[-97.039582,37.002971],[-97.0397,36.99896],[-97.039307,36.998965],[-97.012526,36.99908],[-97.003728,36.999103],[-96.9935,36.99903],[-96.985519,36.999064],[-96.967324,36.999072],[-96.949337,36.99909],[-96.94657,36.99905],[-96.926559,36.99912],[-96.925294,36.999129],[-96.923662,36.99914],[-96.903748,36.999175],[-96.867469,36.999253],[-96.85435,36.999245],[-96.840882,36.999157],[-96.831208,36.999253],[-96.8229,36.99921],[-96.795199,36.998859],[-96.794745,36.999237],[-96.792294,36.999222],[-96.750306,36.999095],[-96.749838,36.998988],[-96.73659,36.999286],[-96.731983,36.999283],[-96.712727,36.99927],[-96.710352,36.999221],[-96.675224,36.99914],[-96.651895,36.999093],[-96.625297,36.999038],[-96.624488,36.998985],[-96.607359,36.998938],[-96.554489,36.99879],[-96.525582,36.99871],[-96.500289,36.998643],[-96.451464,36.999103],[-96.435791,36.999108],[-96.413592,36.999224],[-96.412562,36.999284],[-96.407828,36.99919],[-96.394859,36.999174],[-96.381557,36.99925],[-96.373145,36.999314],[-96.345284,36.999293],[-96.318885,36.999302],[-96.311958,36.999097],[-96.305815,36.999141],[-96.298735,36.999405],[-96.298598,36.99941],[-96.285521,36.999272],[-96.285291,36.999271],[-96.284853,36.99927],[-96.27864,36.999352],[-96.277362,36.999316],[-96.276358,36.999312],[-96.274069,36.999215],[-96.253077,36.999252],[-96.241911,36.999192],[-96.24034,36.999072],[-96.240049,36.999065],[-96.23532,36.99918],[-96.225495,36.999092],[-96.217594,36.999171],[-96.200083,36.999031],[-96.199082,36.999214],[-96.190519,36.999261],[-96.184708,36.999338],[-96.176619,36.999169],[-96.156757,36.999072],[-96.154165,36.999156],[-96.141196,36.998973],[-96.125264,36.999026],[-96.112958,36.999205],[-96.091279,36.999135],[-96.048325,36.999004],[-96.035772,36.998967],[-96.00081,36.99886],[-96.000256,36.999033],[-95.973129,36.999072],[-95.96427,36.999104],[-95.954069,36.999127],[-95.953789,36.999125],[-95.949013,36.999074],[-95.941671,36.999177],[-95.936992,36.999268],[-95.927889,36.999337],[-95.910122,36.999342],[-95.895069,36.999191],[-95.873883,36.999268],[-95.85633,36.999169],[-95.845935,36.999214],[-95.825743,36.999217],[-95.823582,36.99946],[-95.823406,36.999169],[-95.819366,36.999166],[-95.807798,36.999147],[-95.786762,36.99931],[-95.768708,36.999204],[-95.759991,36.999257],[-95.754789,36.999229],[-95.74647,36.999218],[-95.746502,37.004395],[-95.746642,37.018882],[-95.746722,37.018983],[-95.74728,37.019603],[-95.747247,37.02575],[-95.746692,37.026959],[-95.746718,37.033058],[-95.746678,37.040345],[-95.746776,37.051514],[-95.746712,37.058684],[-95.74685,37.065991],[-95.746819,37.069675],[-95.746913,37.073207],[-95.747066,37.078912],[-95.747621,37.079623],[-95.747039,37.081246],[-95.74682,37.084744],[-95.746824,37.087662],[-95.74677,37.092021],[-95.746746,37.094989],[-95.74686,37.10953],[-95.746977,37.109529],[-95.75012,37.109505],[-95.749579,37.110714],[-95.746952,37.111858],[-95.74681,37.112041],[-95.746753,37.112407],[-95.746839,37.112681],[-95.746924,37.112727],[-95.746925,37.113276],[-95.74686,37.124016],[-95.746945,37.128008],[-95.746912,37.138528],[-95.746898,37.153064],[-95.746984,37.167593],[-95.746887,37.178605],[-95.746883,37.185742],[-95.746992,37.193021],[-95.747031,37.206257],[-95.746917,37.211087],[-95.742753,37.211054],[-95.733403,37.211021],[-95.733408,37.214634],[-95.724946,37.214613],[-95.724606,37.215819],[-95.724692,37.218256],[-95.724485,37.22186],[-95.724492,37.223404],[-95.724197,37.223403],[-95.723704,37.223402],[-95.723005,37.2234],[-95.722353,37.223393],[-95.721012,37.223377],[-95.719911,37.223364],[-95.71869,37.223351],[-95.717451,37.223338],[-95.716215,37.223326],[-95.714919,37.223316],[-95.714903,37.223885],[-95.714892,37.22444],[-95.714881,37.225543],[-95.714882,37.226087],[-95.714875,37.226631],[-95.714856,37.22773],[-95.714184,37.227727],[-95.713488,37.227723],[-95.712805,37.22772],[-95.712113,37.227718],[-95.711439,37.227717],[-95.710749,37.227716],[-95.710036,37.227709],[-95.709362,37.227696],[-95.708669,37.227682],[-95.708013,37.227671],[-95.707291,37.227669],[-95.706599,37.227667],[-95.706601,37.229065],[-95.706596,37.229396],[-95.706592,37.22961],[-95.706586,37.229982],[-95.706586,37.230816],[-95.706587,37.231154],[-95.706575,37.232329],[-95.706572,37.232553],[-95.70656,37.233571],[-95.706561,37.234494],[-95.706565,37.234994],[-95.706564,37.23539],[-95.706398,37.236298],[-95.706247,37.23754],[-95.706245,37.238804],[-95.706248,37.239903],[-95.706255,37.241261],[-95.706253,37.24264],[-95.706252,37.243551],[-95.706259,37.244485],[-95.706279,37.247057],[-95.708554,37.247083],[-95.710745,37.247114],[-95.710747,37.248988],[-95.710748,37.249461],[-95.71075,37.250852],[-95.714713,37.250892],[-95.715319,37.250887],[-95.715831,37.250882],[-95.716965,37.250882],[-95.71808,37.250888],[-95.718397,37.25089],[-95.719221,37.250893],[-95.719702,37.250896],[-95.723151,37.250906],[-95.724307,37.25092],[-95.726072,37.25092],[-95.726084,37.254561],[-95.728893,37.254581],[-95.728893,37.254552],[-95.737379,37.254618],[-95.742522,37.254601],[-95.742776,37.254623],[-95.7516,37.254668],[-95.759211,37.254783],[-95.765236,37.25483],[-95.773932,37.254886],[-95.778117,37.254956],[-95.778961,37.254957],[-95.780177,37.255005],[-95.780735,37.25506],[-95.79054,37.255085],[-95.808446,37.255131],[-95.814872,37.255148],[-95.819622,37.25516],[-95.819603,37.256859],[-95.819526,37.263786],[-95.819513,37.265003],[-95.819501,37.276819],[-95.819395,37.298652],[-95.819341,37.313117],[-95.819328,37.327604],[-95.819494,37.356655],[-95.819443,37.371186],[-95.819516,37.377229],[-95.819458,37.385757],[-95.828441,37.385823],[-95.833964,37.385872],[-95.837723,37.385885],[-95.842775,37.385886],[-95.852079,37.385987],[-95.853496,37.385959],[-95.861295,37.386032],[-95.87398,37.386138],[-95.88505,37.386187],[-95.890389,37.385911],[-95.891868,37.38629],[-95.896958,37.386259],[-95.907677,37.386504],[-95.910389,37.386372],[-95.925084,37.386418],[-95.932426,37.386485],[-95.932684,37.386668],[-95.948366,37.386462],[-95.949828,37.386622],[-95.961605,37.386636],[-95.961435,37.386841],[-95.961818,37.401247],[-95.962054,37.408508],[-95.962146,37.415442],[-95.962596,37.417774],[-95.962168,37.423767],[-95.962311,37.430273],[-95.962458,37.44483],[-95.962507,37.446015],[-95.962522,37.459459],[-95.962415,37.47291],[-95.962381,37.500043],[-95.962533,37.502049],[-95.962376,37.509971],[-95.962241,37.51668],[-95.961952,37.531168],[-95.961693,37.544086],[-95.961507,37.552934],[-95.961591,37.553203],[-95.96134,37.567063],[-95.961381,37.573021],[-95.961254,37.580741],[-95.961267,37.581635],[-95.96125,37.581955],[-95.961153,37.591122],[-95.96115,37.591544],[-95.961036,37.602557],[-95.961002,37.603761],[-95.965089,37.603805],[-95.983907,37.60395],[-95.984327,37.603951],[-95.994948,37.60395],[-96.004108,37.604195],[-96.006627,37.604037],[-96.024614,37.604233],[-96.028118,37.604218],[-96.029532,37.604236],[-96.030894,37.604242],[-96.032156,37.604255],[-96.033037,37.60433],[-96.0353,37.604236],[-96.039995,37.604483],[-96.048309,37.604733],[-96.072324,37.604853],[-96.086976,37.605096],[-96.088421,37.605243],[-96.096911,37.605294],[-96.09717,37.605126],[-96.106281,37.605232],[-96.124568,37.605451],[-96.124637,37.605456],[-96.14253,37.605583],[-96.179112,37.605775],[-96.208223,37.605988],[-96.215765,37.606126],[-96.220639,37.60599],[-96.224745,37.606203],[-96.234158,37.606145],[-96.253054,37.60606],[-96.289674,37.606356],[-96.307794,37.606487],[-96.326085,37.606597],[-96.339569,37.606701],[-96.344335,37.60674],[-96.362281,37.606773],[-96.364469,37.606787],[-96.368458,37.606787],[-96.375282,37.60703],[-96.398745,37.606788],[-96.408204,37.606723],[-96.417208,37.606761],[-96.453416,37.607015],[-96.490725,37.607201],[-96.4933,37.607261],[-96.500291,37.606983],[-96.5253,37.607015],[-96.525285,37.621611],[-96.525885,37.650616],[-96.525979,37.6556],[-96.525607,37.655766],[-96.525737,37.663311],[-96.525702,37.672506],[-96.525706,37.674542],[-96.525732,37.679582],[-96.525948,37.686979],[-96.525722,37.690049],[-96.525601,37.69838],[-96.525874,37.701879],[-96.525557,37.705306],[-96.525955,37.713157],[-96.525838,37.715425],[-96.525661,37.723086],[-96.525502,37.724574],[-96.525308,37.73765],[-96.525381,37.741287],[-96.52546,37.744675],[-96.525693,37.751372],[-96.52574,37.752216],[-96.525807,37.779189],[-96.525925,37.792368],[-96.525938,37.79929],[-96.525775,37.802936],[-96.525745,37.811582],[-96.525712,37.825089],[-96.545975,37.825058],[-96.552922,37.825228],[-96.577792,37.825012]]]]}},{"type":"Feature","properties":{"id":13,"NAME":"13","text-color":"#000000","text-size":16,"labelx":-96.236354,"labely":37.894771,"TotalPop":22781,"PopDevPct":-0.03072113,"DemPct":0.22223374,"RepPct":0.73887794,"WhitePct":0.87324023,"MinorityPct":0.12675977,"BlackPct":0.00898965,"HispanicPct":0.06784644,"PacificPct":0.00118731,"AsianPct":0.00740657,"NativePct":0.04155595,"TotalVAP":17687,"Margin":-0.27776626,"color":"#f80d00","opacity":"0.5"},"geometry":{"type":"MultiPolygon","coordinates":[[[[-95.525499,37.732759],[-95.525222,37.747338],[-95.524982,37.754593],[-95.524843,37.761738],[-95.524842,37.762131],[-95.524921,37.776387],[-95.524838,37.784435],[-95.524874,37.79097],[-95.525112,37.805555],[-95.524862,37.820285],[-95.519692,37.820257],[-95.519308,37.820259],[-95.519245,37.822432],[-95.519178,37.834744],[-95.519213,37.849246],[-95.519111,37.85749],[-95.519224,37.863755],[-95.519008,37.87127],[-95.519072,37.878302],[-95.519204,37.881973],[-95.519263,37.892799],[-95.519129,37.907488],[-95.519167,37.920343],[-95.519193,37.922025],[-95.519317,37.936539],[-95.519373,37.951084],[-95.519429,37.958379],[-95.519238,37.958374],[-95.519187,37.97257],[-95.519163,37.979036],[-95.519163,37.979165],[-95.519162,37.979309],[-95.519146,37.984353],[-95.519146,37.984416],[-95.519146,37.98448],[-95.519146,37.984583],[-95.519132,37.988409],[-95.519132,37.988486],[-95.519131,37.98858],[-95.519074,37.994605],[-95.519182,38.009177],[-95.519064,38.023708],[-95.51897,38.03823],[-95.528061,38.038251],[-95.531917,38.038106],[-95.537813,38.038176],[-95.545994,38.03803],[-95.552545,38.038017],[-95.564816,38.038131],[-95.573709,38.038322],[-95.574228,38.038239],[-95.574759,38.038175],[-95.591447,38.038384],[-95.596402,38.038536],[-95.600341,38.038578],[-95.603227,38.038544],[-95.605181,38.038527],[-95.609764,38.038457],[-95.611677,38.038532],[-95.611924,38.038542],[-95.61214,38.038537],[-95.626864,38.038807],[-95.6282,38.038754],[-95.639097,38.039124],[-95.64212,38.039204],[-95.646743,38.039149],[-95.649265,38.03914],[-95.665074,38.039057],[-95.665608,38.039056],[-95.671571,38.039075],[-95.68365,38.039085],[-95.691419,38.039002],[-95.701616,38.039013],[-95.702459,38.039342],[-95.721777,38.039161],[-95.725695,38.039126],[-95.738904,38.039136],[-95.748919,38.039271],[-95.775965,38.039307],[-95.794197,38.039411],[-95.811923,38.039728],[-95.830319,38.03968],[-95.848645,38.039637],[-95.867109,38.039969],[-95.881493,38.040038],[-95.88567,38.040039],[-95.90417,38.039911],[-95.922323,38.039967],[-95.935553,38.040141],[-95.94086,38.039999],[-95.949769,38.040103],[-95.959046,38.040195],[-95.959112,38.054707],[-95.959097,38.054724],[-95.959232,38.069386],[-95.959308,38.083813],[-95.959089,38.098304],[-95.958916,38.112782],[-95.958749,38.127278],[-95.958593,38.141757],[-95.958559,38.151821],[-95.95856,38.156256],[-95.95858,38.161613],[-95.958862,38.170939],[-95.977347,38.171109],[-95.995739,38.171274],[-96.014156,38.171452],[-96.030436,38.171671],[-96.048763,38.171744],[-96.067117,38.171867],[-96.085471,38.171867],[-96.103803,38.171874],[-96.112436,38.172036],[-96.122101,38.172041],[-96.138117,38.172086],[-96.138642,38.17211],[-96.14701,38.172171],[-96.156846,38.172241],[-96.156706,38.18665],[-96.156544,38.201155],[-96.156422,38.215636],[-96.156347,38.230132],[-96.156275,38.244613],[-96.156227,38.255018],[-96.158936,38.25538],[-96.158476,38.253789],[-96.159906,38.254084],[-96.160316,38.253328],[-96.161851,38.25349],[-96.161711,38.254431],[-96.162912,38.254934],[-96.16346,38.256724],[-96.165458,38.258596],[-96.167437,38.259713],[-96.167433,38.257832],[-96.168639,38.257832],[-96.169847,38.25783],[-96.171258,38.257758],[-96.171274,38.258955],[-96.172482,38.258958],[-96.172471,38.259941],[-96.17127,38.259947],[-96.169998,38.259946],[-96.171271,38.260365],[-96.171272,38.261679],[-96.173582,38.263379],[-96.171928,38.263383],[-96.172069,38.26497],[-96.174394,38.264967],[-96.174026,38.267166],[-96.172402,38.26717],[-96.171286,38.267173],[-96.171279,38.270823],[-96.171258,38.2744],[-96.171239,38.28897],[-96.171228,38.293136],[-96.171196,38.303427],[-96.171122,38.31443],[-96.171125,38.316108],[-96.171122,38.317973],[-96.171093,38.325222],[-96.17106,38.3325],[-96.171007,38.34684],[-96.180281,38.346856],[-96.180406,38.354128],[-96.180399,38.36047],[-96.180384,38.361391],[-96.180239,38.366283],[-96.180243,38.375915],[-96.180243,38.376202],[-96.180667,38.378743],[-96.18235,38.382186],[-96.182394,38.383186],[-96.181359,38.385169],[-96.181316,38.385223],[-96.181198,38.385372],[-96.180305,38.386882],[-96.180242,38.390502],[-96.18023,38.391824],[-96.180222,38.393005],[-96.180219,38.394176],[-96.180207,38.395365],[-96.180183,38.396556],[-96.180184,38.397727],[-96.180196,38.398935],[-96.180195,38.400085],[-96.180184,38.401258],[-96.181451,38.40127],[-96.182698,38.401266],[-96.183966,38.401266],[-96.185256,38.401276],[-96.186558,38.401275],[-96.203296,38.401313],[-96.203301,38.401563],[-96.204179,38.401562],[-96.207614,38.401567],[-96.207615,38.401365],[-96.225516,38.401591],[-96.234332,38.40165],[-96.244255,38.401674],[-96.247046,38.401643],[-96.247621,38.400839],[-96.251901,38.394764],[-96.254095,38.391676],[-96.254193,38.391727],[-96.247729,38.400877],[-96.247182,38.401641],[-96.249558,38.401662],[-96.250041,38.401684],[-96.262672,38.401902],[-96.265075,38.401986],[-96.270575,38.40296],[-96.273424,38.403258],[-96.281201,38.403357],[-96.281198,38.403545],[-96.288731,38.403566],[-96.294238,38.403742],[-96.299542,38.404442],[-96.307446,38.405523],[-96.315878,38.40596],[-96.318125,38.405962],[-96.332847,38.405935],[-96.332836,38.40553],[-96.336548,38.405544],[-96.354746,38.405617],[-96.354742,38.405956],[-96.354732,38.406769],[-96.354656,38.420089],[-96.354644,38.427256],[-96.354621,38.432936],[-96.354367,38.449157],[-96.354207,38.463791],[-96.354052,38.478161],[-96.353833,38.492695],[-96.353828,38.494505],[-96.353715,38.507227],[-96.35362,38.515473],[-96.35378,38.521657],[-96.368179,38.52188],[-96.37555,38.521668],[-96.385147,38.521623],[-96.409346,38.521596],[-96.411717,38.521629],[-96.413107,38.52165],[-96.428466,38.521734],[-96.435479,38.521674],[-96.439276,38.521637],[-96.446647,38.5216],[-96.462285,38.521638],[-96.464802,38.521559],[-96.476599,38.521567],[-96.520142,38.521658],[-96.533991,38.521676],[-96.538186,38.521749],[-96.55749,38.521821],[-96.597554,38.521974],[-96.600926,38.521971],[-96.614427,38.521961],[-96.666711,38.521952],[-96.689576,38.521952],[-96.709102,38.522022],[-96.712174,38.521998],[-96.716808,38.522005],[-96.717215,38.522007],[-96.725322,38.522038],[-96.734015,38.522077],[-96.745575,38.522129],[-96.806459,38.522349],[-96.819509,38.522449],[-96.819716,38.515952],[-96.819891,38.500012],[-96.819745,38.485992],[-96.819847,38.478876],[-96.819774,38.464528],[-96.819781,38.457021],[-96.819787,38.450046],[-96.819802,38.434282],[-96.819628,38.429088],[-96.819628,38.421045],[-96.819628,38.418705],[-96.819617,38.406557],[-96.819625,38.378863],[-96.81959,38.362888],[-96.819475,38.348502],[-96.820579,38.348571],[-96.837654,38.348636],[-96.837724,38.333862],[-96.837721,38.326789],[-96.837722,38.319323],[-96.837709,38.304956],[-96.837708,38.30481],[-96.837759,38.290327],[-96.8378,38.276138],[-96.837801,38.27583],[-96.837826,38.269059],[-96.837798,38.268677],[-96.837785,38.262853],[-96.836979,38.262147],[-96.838256,38.261405],[-96.840929,38.261284],[-96.840956,38.259718],[-96.840968,38.25906],[-96.841154,38.253997],[-96.841175,38.253243],[-96.841177,38.253179],[-96.841177,38.253168],[-96.841179,38.253115],[-96.840971,38.230832],[-96.841154,38.20186],[-96.840833,38.201654],[-96.840792,38.197959],[-96.840628,38.18728],[-96.840784,38.183022],[-96.840828,38.172772],[-96.840772,38.169005],[-96.840645,38.158237],[-96.840344,38.146359],[-96.840365,38.143651],[-96.840462,38.129067],[-96.840564,38.114674],[-96.840704,38.100158],[-96.840772,38.085622],[-96.822434,38.085597],[-96.810396,38.085645],[-96.810281,38.085554],[-96.788287,38.085757],[-96.785829,38.085921],[-96.775417,38.086018],[-96.767525,38.086037],[-96.749146,38.086194],[-96.739761,38.086051],[-96.730858,38.08608],[-96.730569,38.086081],[-96.712361,38.086142],[-96.703752,38.086171],[-96.694676,38.0862],[-96.676264,38.086263],[-96.644216,38.086371],[-96.639426,38.086348],[-96.625924,38.086285],[-96.625479,38.086128],[-96.622084,38.086106],[-96.60975,38.086151],[-96.585824,38.08622],[-96.585612,38.08622],[-96.543188,38.086386],[-96.540424,38.086394],[-96.539105,38.086349],[-96.532184,38.086358],[-96.522782,38.08637],[-96.523108,38.043049],[-96.523242,38.025299],[-96.523395,38.004897],[-96.523413,37.989444],[-96.523298,37.988712],[-96.523853,37.970642],[-96.523755,37.955899],[-96.523751,37.955359],[-96.524523,37.935806],[-96.524543,37.921414],[-96.524696,37.9122],[-96.525281,37.883274],[-96.525132,37.882584],[-96.525316,37.868642],[-96.525436,37.855201],[-96.525702,37.829255],[-96.525712,37.825089],[-96.525745,37.811582],[-96.525775,37.802936],[-96.525938,37.79929],[-96.525925,37.792368],[-96.525807,37.779189],[-96.52574,37.752216],[-96.525693,37.751372],[-96.52546,37.744675],[-96.525381,37.741287],[-96.525308,37.73765],[-96.525502,37.724574],[-96.525661,37.723086],[-96.525838,37.715425],[-96.525955,37.713157],[-96.525557,37.705306],[-96.525874,37.701879],[-96.525601,37.69838],[-96.525722,37.690049],[-96.525948,37.686979],[-96.525732,37.679582],[-96.525706,37.674542],[-96.525702,37.672506],[-96.525737,37.663311],[-96.525607,37.655766],[-96.525979,37.6556],[-96.525885,37.650616],[-96.525285,37.621611],[-96.5253,37.607015],[-96.500291,37.606983],[-96.4933,37.607261],[-96.490725,37.607201],[-96.453416,37.607015],[-96.417208,37.606761],[-96.408204,37.606723],[-96.398745,37.606788],[-96.375282,37.60703],[-96.368458,37.606787],[-96.364469,37.606787],[-96.362281,37.606773],[-96.344335,37.60674],[-96.339569,37.606701],[-96.326085,37.606597],[-96.307794,37.606487],[-96.289674,37.606356],[-96.253054,37.60606],[-96.234158,37.606145],[-96.224745,37.606203],[-96.220639,37.60599],[-96.215765,37.606126],[-96.208223,37.605988],[-96.179112,37.605775],[-96.14253,37.605583],[-96.124637,37.605456],[-96.124568,37.605451],[-96.106281,37.605232],[-96.09717,37.605126],[-96.096911,37.605294],[-96.088421,37.605243],[-96.086976,37.605096],[-96.072324,37.604853],[-96.048309,37.604733],[-96.039995,37.604483],[-96.0353,37.604236],[-96.033037,37.60433],[-96.032156,37.604255],[-96.030894,37.604242],[-96.029532,37.604236],[-96.028118,37.604218],[-96.024614,37.604233],[-96.006627,37.604037],[-96.004108,37.604195],[-95.994948,37.60395],[-95.984327,37.603951],[-95.983907,37.60395],[-95.965089,37.603805],[-95.961002,37.603761],[-95.961036,37.602557],[-95.96115,37.591544],[-95.961153,37.591122],[-95.96125,37.581955],[-95.961267,37.581635],[-95.961254,37.580741],[-95.961381,37.573021],[-95.96134,37.567063],[-95.961591,37.553203],[-95.961507,37.552934],[-95.961693,37.544086],[-95.961952,37.531168],[-95.962241,37.51668],[-95.962376,37.509971],[-95.962533,37.502049],[-95.962381,37.500043],[-95.962415,37.47291],[-95.962522,37.459459],[-95.962507,37.446015],[-95.962458,37.44483],[-95.962311,37.430273],[-95.962168,37.423767],[-95.962596,37.417774],[-95.962146,37.415442],[-95.962054,37.408508],[-95.961818,37.401247],[-95.961435,37.386841],[-95.961605,37.386636],[-95.949828,37.386622],[-95.948366,37.386462],[-95.932684,37.386668],[-95.932426,37.386485],[-95.925084,37.386418],[-95.910389,37.386372],[-95.907677,37.386504],[-95.896958,37.386259],[-95.891868,37.38629],[-95.890389,37.385911],[-95.88505,37.386187],[-95.87398,37.386138],[-95.861295,37.386032],[-95.853496,37.385959],[-95.852079,37.385987],[-95.842775,37.385886],[-95.837723,37.385885],[-95.833964,37.385872],[-95.828441,37.385823],[-95.819458,37.385757],[-95.815619,37.385743],[-95.805036,37.385735],[-95.796058,37.385505],[-95.783242,37.385448],[-95.76547,37.38536],[-95.761114,37.385344],[-95.74304,37.385217],[-95.738644,37.38519],[-95.708844,37.384968],[-95.708535,37.384958],[-95.706382,37.384918],[-95.688469,37.384757],[-95.679252,37.38469],[-95.665762,37.384573],[-95.665383,37.384574],[-95.656577,37.38456],[-95.647738,37.384465],[-95.638598,37.384424],[-95.633608,37.38438],[-95.6203,37.384299],[-95.61539,37.384261],[-95.60544,37.384201],[-95.602156,37.384168],[-95.58036,37.383989],[-95.575639,37.383955],[-95.571471,37.383946],[-95.566554,37.383962],[-95.557604,37.383947],[-95.543797,37.383984],[-95.537998,37.383983],[-95.52556,37.383979],[-95.525552,37.388933],[-95.525623,37.398548],[-95.525815,37.409405],[-95.525699,37.412975],[-95.52573,37.427582],[-95.525877,37.434997],[-95.52572,37.442216],[-95.525648,37.453688],[-95.525488,37.456854],[-95.525461,37.464822],[-95.525426,37.471176],[-95.525233,37.482975],[-95.525102,37.492806],[-95.524896,37.499998],[-95.524921,37.500053],[-95.524965,37.507251],[-95.525042,37.514663],[-95.525369,37.529141],[-95.525443,37.531259],[-95.52511,37.540408],[-95.525341,37.543798],[-95.525235,37.551356],[-95.525233,37.551368],[-95.525118,37.558695],[-95.525405,37.573275],[-95.52563,37.587789],[-95.525778,37.602306],[-95.525999,37.616876],[-95.526136,37.631334],[-95.525904,37.645604],[-95.525801,37.653388],[-95.525836,37.660188],[-95.52588,37.674781],[-95.525698,37.689271],[-95.525662,37.696078],[-95.525564,37.703987],[-95.525547,37.718453],[-95.525499,37.732759]]]]}},{"type":"Feature","properties":{"id":14,"NAME":"14","text-color":"#000000","text-size":16,"labelx":-94.817893,"labely":38.919954,"TotalPop":22977,"PopDevPct":-0.02238179,"DemPct":0.44716259,"RepPct":0.50316192,"WhitePct":0.82109925,"MinorityPct":0.17890075,"BlackPct":0.0464693,"HispanicPct":0.04847124,"PacificPct":0.00097064,"AsianPct":0.056661,"NativePct":0.01947343,"TotalVAP":16484,"Margin":-0.05283741,"color":"#6363ff","opacity":"0.5"},"geometry":{"type":"MultiPolygon","coordinates":[[[[-94.797353,38.903827],[-94.797357,38.90476],[-94.797363,38.905829],[-94.797376,38.910881],[-94.797374,38.912696],[-94.794437,38.912716],[-94.792344,38.912744],[-94.787034,38.912758],[-94.783309,38.912789],[-94.779581,38.912856],[-94.779581,38.914727],[-94.779553,38.916476],[-94.779552,38.916864],[-94.780997,38.916464],[-94.788882,38.916404],[-94.788776,38.927309],[-94.791165,38.927288],[-94.793465,38.927272],[-94.793417,38.934544],[-94.784096,38.934619],[-94.784094,38.938257],[-94.788763,38.938219],[-94.788781,38.941494],[-94.797477,38.941389],[-94.806754,38.941642],[-94.807392,38.941663],[-94.816144,38.941807],[-94.821475,38.941606],[-94.826101,38.94161],[-94.829562,38.941635],[-94.831752,38.941641],[-94.834553,38.941646],[-94.84343,38.941649],[-94.844248,38.941651],[-94.847461,38.94166],[-94.852648,38.941671],[-94.852982,38.94167],[-94.857955,38.941672],[-94.864328,38.941673],[-94.866893,38.942071],[-94.870326,38.943008],[-94.871386,38.943122],[-94.881877,38.946699],[-94.885671,38.947513],[-94.886335,38.945258],[-94.889932,38.945033],[-94.892622,38.946082],[-94.891588,38.94459],[-94.891859,38.943785],[-94.893883,38.94333],[-94.89322,38.941895],[-94.894352,38.94007],[-94.896359,38.940028],[-94.897674,38.938368],[-94.899429,38.937595],[-94.899401,38.935194],[-94.899391,38.934248],[-94.899384,38.933538],[-94.899376,38.932785],[-94.899311,38.927405],[-94.899159,38.913149],[-94.899156,38.912884],[-94.899385,38.912661],[-94.899438,38.905433],[-94.890055,38.905412],[-94.890019,38.905404],[-94.880871,38.90542],[-94.880759,38.91283],[-94.874562,38.912597],[-94.87144,38.913019],[-94.869905,38.913201],[-94.866948,38.913439],[-94.864016,38.912398],[-94.863645,38.912383],[-94.862963,38.912453],[-94.86252,38.912517],[-94.862201,38.912554],[-94.861911,38.91259],[-94.861828,38.912596],[-94.861627,38.912609],[-94.861437,38.912623],[-94.856428,38.91267],[-94.852259,38.912701],[-94.850511,38.909862],[-94.846373,38.905419],[-94.838535,38.897131],[-94.836703,38.898047],[-94.834501,38.898127],[-94.830826,38.898132],[-94.828178,38.898127],[-94.827121,38.898127],[-94.825315,38.898101],[-94.825271,38.898213],[-94.822848,38.898214],[-94.8209,38.898208],[-94.818445,38.898201],[-94.81607,38.89815],[-94.813737,38.898148],[-94.811912,38.898171],[-94.811292,38.898143],[-94.810748,38.898139],[-94.809693,38.898144],[-94.808508,38.89814],[-94.807427,38.898143],[-94.806706,38.89815],[-94.804085,38.89815],[-94.801495,38.898153],[-94.799223,38.898157],[-94.797301,38.898158],[-94.797314,38.900461],[-94.797351,38.903025],[-94.797353,38.903827]]]]}},{"type":"Feature","properties":{"id":15,"NAME":"15","text-color":"#000000","text-size":16,"labelx":-94.839799,"labely":38.845245,"TotalPop":22856,"PopDevPct":-0.02753006,"DemPct":0.44356955,"RepPct":0.49435696,"WhitePct":0.64658799,"MinorityPct":0.35341201,"BlackPct":0.07647815,"HispanicPct":0.22189764,"PacificPct":0.00333022,"AsianPct":0.0230194,"NativePct":0.0307899,"TotalVAP":17116,"Margin":-0.05643045,"color":"#6363ff","opacity":"0.5"},"geometry":{"type":"MultiPolygon","coordinates":[[[[-94.813737,38.898148],[-94.81607,38.89815],[-94.818445,38.898201],[-94.818868,38.897157],[-94.819184,38.893251],[-94.820608,38.890349],[-94.820673,38.889411],[-94.82067,38.887956],[-94.82067,38.886472],[-94.820669,38.885033],[-94.820664,38.883515],[-94.821898,38.883526],[-94.822106,38.883529],[-94.823076,38.883541],[-94.824245,38.883535],[-94.825422,38.883628],[-94.826527,38.883737],[-94.8276,38.883734],[-94.828745,38.883739],[-94.829881,38.88374],[-94.832169,38.883733],[-94.834521,38.883737],[-94.834473,38.882046],[-94.834477,38.880589],[-94.834467,38.879161],[-94.834461,38.877691],[-94.836358,38.877717],[-94.83931,38.877751],[-94.83932,38.877288],[-94.841949,38.876857],[-94.841712,38.873599],[-94.840711,38.872974],[-94.840411,38.872176],[-94.840109,38.871391],[-94.840065,38.869133],[-94.841069,38.869131],[-94.841405,38.869129],[-94.842125,38.869129],[-94.842563,38.869128],[-94.843176,38.869126],[-94.843739,38.869129],[-94.844557,38.869129],[-94.850633,38.869129],[-94.852904,38.869129],[-94.860853,38.869138],[-94.861212,38.869136],[-94.86129,38.869135],[-94.861371,38.869134],[-94.861412,38.869134],[-94.86153,38.869133],[-94.867084,38.869123],[-94.869459,38.869146],[-94.87045,38.869112],[-94.871575,38.86833],[-94.871499,38.865738],[-94.871304,38.859933],[-94.871125,38.854833],[-94.871353,38.854435],[-94.871167,38.854345],[-94.871166,38.852419],[-94.871204,38.847344],[-94.871232,38.840058],[-94.871316,38.828737],[-94.87128,38.82679],[-94.871318,38.825511],[-94.864025,38.825499],[-94.861302,38.826491],[-94.860266,38.826487],[-94.858762,38.825585],[-94.858556,38.825414],[-94.856316,38.824486],[-94.853279,38.825521],[-94.853281,38.821902],[-94.853306,38.810975],[-94.853336,38.803698],[-94.853327,38.796497],[-94.834392,38.796592],[-94.832601,38.796593],[-94.825139,38.796625],[-94.825144,38.80576],[-94.824132,38.808643],[-94.821526,38.811018],[-94.821401,38.811018],[-94.821475,38.811058],[-94.818425,38.813404],[-94.816443,38.81608],[-94.816163,38.818119],[-94.816093,38.82551],[-94.816152,38.832772],[-94.816156,38.833192],[-94.816152,38.833887],[-94.816152,38.833951],[-94.816152,38.834019],[-94.816154,38.834155],[-94.815897,38.840036],[-94.815899,38.846743],[-94.81589,38.849792],[-94.815842,38.850923],[-94.81584,38.854835],[-94.81584,38.854958],[-94.806644,38.86224],[-94.796338,38.870976],[-94.795173,38.872347],[-94.794215,38.871945],[-94.792516,38.870188],[-94.791256,38.869302],[-94.788339,38.869108],[-94.787897,38.869108],[-94.786939,38.869107],[-94.785535,38.869106],[-94.782778,38.869101],[-94.779562,38.869098],[-94.777124,38.869097],[-94.775714,38.869095],[-94.776411,38.871592],[-94.776412,38.8725],[-94.776272,38.873973],[-94.774349,38.87588],[-94.773352,38.875823],[-94.772408,38.875823],[-94.770755,38.875931],[-94.769271,38.875905],[-94.769223,38.877614],[-94.769228,38.878409],[-94.76924,38.879214],[-94.769315,38.879512],[-94.769523,38.879905],[-94.770259,38.880554],[-94.771004,38.881085],[-94.771402,38.881387],[-94.771732,38.881617],[-94.772334,38.882096],[-94.772886,38.883643],[-94.77554,38.883678],[-94.779519,38.883673],[-94.784194,38.883683],[-94.784857,38.883682],[-94.785817,38.883676],[-94.788973,38.883689],[-94.791191,38.883678],[-94.791458,38.88368],[-94.792945,38.883676],[-94.793991,38.883667],[-94.795035,38.883666],[-94.79728,38.883663],[-94.797291,38.886288],[-94.797286,38.887157],[-94.797301,38.890939],[-94.797301,38.892552],[-94.797313,38.893621],[-94.797318,38.894443],[-94.7973,38.896482],[-94.797301,38.898158],[-94.799223,38.898157],[-94.801495,38.898153],[-94.804085,38.89815],[-94.806706,38.89815],[-94.807427,38.898143],[-94.808508,38.89814],[-94.809693,38.898144],[-94.810748,38.898139],[-94.811292,38.898143],[-94.811912,38.898171],[-94.813737,38.898148]]]]}},{"type":"Feature","properties":{"id":16,"NAME":"16","text-color":"#000000","text-size":16,"labelx":-94.722089,"labely":38.91056,"TotalPop":23745,"PopDevPct":0.01029484,"DemPct":0.48499381,"RepPct":0.47230817,"WhitePct":0.79454661,"MinorityPct":0.20545339,"BlackPct":0.05300148,"HispanicPct":0.05654196,"PacificPct":0.00089833,"AsianPct":0.0734517,"NativePct":0.01976326,"TotalVAP":18924,"Margin":-0.01500619,"color":"#000082","opacity":"0.5"},"geometry":{"type":"MultiPolygon","coordinates":[[[[-94.737489,38.927431],[-94.738699,38.927431],[-94.742128,38.927432],[-94.742182,38.925927],[-94.742193,38.924293],[-94.742222,38.922876],[-94.74227,38.920517],[-94.742276,38.920191],[-94.742315,38.918292],[-94.742479,38.914204],[-94.742423,38.912854],[-94.742378,38.908838],[-94.742381,38.906489],[-94.742381,38.906254],[-94.742391,38.903242],[-94.742382,38.900962],[-94.742359,38.898247],[-94.742338,38.894603],[-94.742364,38.89205],[-94.741538,38.892009],[-94.740043,38.891558],[-94.737815,38.891707],[-94.736424,38.891925],[-94.733418,38.89081],[-94.731626,38.890999],[-94.730655,38.891436],[-94.729696,38.892207],[-94.728602,38.893143],[-94.727471,38.893689],[-94.723727,38.893697],[-94.721974,38.893538],[-94.720491,38.892885],[-94.719108,38.892308],[-94.717007,38.891965],[-94.714425,38.892627],[-94.710878,38.892386],[-94.709787,38.892493],[-94.708736,38.892532],[-94.708273,38.892721],[-94.706689,38.894441],[-94.705158,38.894755],[-94.705163,38.896968],[-94.705159,38.898256],[-94.705169,38.90067],[-94.70511,38.903797],[-94.70508,38.906776],[-94.705162,38.909842],[-94.705117,38.912842],[-94.703524,38.912852],[-94.702438,38.912868],[-94.698845,38.912883],[-94.701455,38.915859],[-94.703887,38.920386],[-94.704519,38.922333],[-94.705072,38.92741],[-94.705061,38.929691],[-94.705092,38.934946],[-94.705093,38.935105],[-94.705089,38.935335],[-94.705105,38.939984],[-94.705307,38.942032],[-94.705578,38.946027],[-94.70535,38.94595],[-94.704885,38.945805],[-94.704932,38.946109],[-94.704955,38.94931],[-94.704956,38.950149],[-94.704955,38.95097],[-94.704959,38.951798],[-94.704958,38.953509],[-94.704963,38.956584],[-94.707848,38.956579],[-94.708139,38.956575],[-94.710475,38.956572],[-94.711684,38.956562],[-94.713661,38.956556],[-94.714883,38.956556],[-94.717625,38.956551],[-94.718947,38.956547],[-94.720969,38.956539],[-94.723595,38.956535],[-94.723596,38.954908],[-94.723592,38.951902],[-94.723578,38.949399],[-94.723597,38.948484],[-94.723585,38.947681],[-94.723567,38.946891],[-94.723561,38.946142],[-94.723528,38.942051],[-94.723528,38.938789],[-94.723609,38.936724],[-94.72839,38.936593],[-94.727004,38.936307],[-94.727205,38.935205],[-94.723647,38.935276],[-94.723645,38.935082],[-94.723642,38.934001],[-94.72353,38.93243],[-94.723524,38.930102],[-94.723524,38.927439],[-94.729505,38.927442],[-94.733482,38.927446],[-94.733819,38.927452],[-94.735561,38.927431],[-94.737489,38.927431]]]]}},{"type":"Feature","properties":{"id":17,"NAME":"17","text-color":"#000000","text-size":16,"labelx":-94.786766,"labely":38.990714,"TotalPop":23226,"PopDevPct":-0.01178741,"DemPct":0.50127993,"RepPct":0.45143804,"WhitePct":0.81552135,"MinorityPct":0.18447865,"BlackPct":0.05316497,"HispanicPct":0.05175591,"PacificPct":0.00081292,"AsianPct":0.05040104,"NativePct":0.02249079,"TotalVAP":18452,"Margin":0.00127993,"color":"#0000f8","opacity":"0.5"},"geometry":{"type":"MultiPolygon","coordinates":[[[[-94.757767,38.97105],[-94.75293,38.971044],[-94.751033,38.971041],[-94.749323,38.971038],[-94.745755,38.971162],[-94.742292,38.971087],[-94.742304,38.975463],[-94.742298,38.976947],[-94.742305,38.977787],[-94.742305,38.97828],[-94.742313,38.979403],[-94.74231,38.980202],[-94.742325,38.981476],[-94.74231,38.983146],[-94.7423,38.985587],[-94.742328,38.987086],[-94.742338,38.987998],[-94.742341,38.990066],[-94.742344,38.991976],[-94.742347,38.992264],[-94.742363,38.992856],[-94.742389,38.995345],[-94.74242,39.000125],[-94.742428,39.00238],[-94.742436,39.003454],[-94.742437,39.004615],[-94.742433,39.007429],[-94.742444,39.008822],[-94.742452,39.010148],[-94.742473,39.012543],[-94.742428,39.013834],[-94.754481,39.009761],[-94.757082,39.009178],[-94.761181,39.008636],[-94.764385,39.008197],[-94.768013,39.008125],[-94.770345,39.008343],[-94.779859,39.010008],[-94.784832,39.010526],[-94.785296,39.010522],[-94.792556,39.010461],[-94.797334,39.010406],[-94.801017,39.010173],[-94.804406,39.009479],[-94.807889,39.009037],[-94.811276,39.009068],[-94.816005,39.009106],[-94.816109,39.009107],[-94.817154,39.009119],[-94.821032,39.009163],[-94.823504,39.009191],[-94.831225,39.009152],[-94.83946,39.008082],[-94.839435,39.007232],[-94.839452,38.999876],[-94.839687,38.99908],[-94.841943,38.999086],[-94.844368,38.999109],[-94.844282,38.999899],[-94.847108,38.999911],[-94.849852,38.999921],[-94.849869,38.999438],[-94.85052,38.998202],[-94.851134,38.997297],[-94.851472,38.99636],[-94.851093,38.995199],[-94.850009,38.994222],[-94.850034,38.992626],[-94.852911,38.99264],[-94.853226,38.992638],[-94.853228,38.986539],[-94.854143,38.979962],[-94.854213,38.977951],[-94.853919,38.977951],[-94.847524,38.977851],[-94.844112,38.978049],[-94.838106,38.978118],[-94.836478,38.978123],[-94.833749,38.978114],[-94.826955,38.978012],[-94.825579,38.977839],[-94.822601,38.976877],[-94.820729,38.975716],[-94.818798,38.97412],[-94.817888,38.973366],[-94.815364,38.971426],[-94.812207,38.970769],[-94.806617,38.970971],[-94.801644,38.970897],[-94.797313,38.970997],[-94.793533,38.971091],[-94.786566,38.9709],[-94.783443,38.971072],[-94.779723,38.970989],[-94.776574,38.971003],[-94.776153,38.970997],[-94.77219,38.971024],[-94.770394,38.971029],[-94.770232,38.971031],[-94.76751,38.971038],[-94.765643,38.971037],[-94.76098,38.971053],[-94.757767,38.97105]]]]}},{"type":"Feature","properties":{"id":18,"NAME":"18","text-color":"#000000","text-size":16,"labelx":-94.723847,"labely":39.025234,"TotalPop":23693,"PopDevPct":0.00808236,"DemPct":0.50354899,"RepPct":0.43966713,"WhitePct":0.78314025,"MinorityPct":0.21685975,"BlackPct":0.05402808,"HispanicPct":0.09406866,"PacificPct":0.00218888,"AsianPct":0.0331536,"NativePct":0.03117826,"TotalVAP":18731,"Margin":0.00354899,"color":"#0000f8","opacity":"0.5"},"geometry":{"type":"MultiPolygon","coordinates":[[[[-94.705321,39.022268],[-94.704933,39.022213],[-94.704575,39.022176],[-94.704281,39.022158],[-94.703685,39.022135],[-94.70296,39.022135],[-94.701138,39.02214],[-94.698279,39.022157],[-94.698207,39.022158],[-94.698217,39.02371],[-94.698234,39.027193],[-94.698214,39.029519],[-94.698188,39.033129],[-94.698212,39.034454],[-94.698213,39.035283],[-94.698211,39.035965],[-94.698224,39.036763],[-94.698228,39.03798],[-94.698227,39.038946],[-94.698228,39.039688],[-94.698213,39.040392],[-94.698208,39.0418],[-94.698189,39.04402],[-94.700535,39.044036],[-94.701615,39.044036],[-94.702707,39.044032],[-94.705282,39.043993],[-94.706341,39.043994],[-94.70747,39.044006],[-94.708532,39.044006],[-94.709315,39.043998],[-94.711468,39.044],[-94.712763,39.044002],[-94.714536,39.044004],[-94.72095,39.043995],[-94.723892,39.043998],[-94.724709,39.04399],[-94.727278,39.043989],[-94.728491,39.043988],[-94.730269,39.043991],[-94.732161,39.043995],[-94.733287,39.04399],[-94.739366,39.043951],[-94.751735,39.043791],[-94.757068,39.043716],[-94.755566,39.041584],[-94.753615,39.041296],[-94.753013,39.040894],[-94.75212,39.039275],[-94.751726,39.038573],[-94.750773,39.036827],[-94.749649,39.034587],[-94.74926,39.032723],[-94.74605,39.031227],[-94.745749,39.029334],[-94.74559,39.028802],[-94.744539,39.027784],[-94.744252,39.026301],[-94.744225,39.025885],[-94.743887,39.024735],[-94.742527,39.023497],[-94.742522,39.022731],[-94.74251,39.022023],[-94.742484,39.020639],[-94.742478,39.019698],[-94.742469,39.01839],[-94.742453,39.017034],[-94.74244,39.016584],[-94.742443,39.015361],[-94.742447,39.014865],[-94.742439,39.014055],[-94.742428,39.013834],[-94.742473,39.012543],[-94.742452,39.010148],[-94.742444,39.008822],[-94.742433,39.007429],[-94.742437,39.004615],[-94.742436,39.003454],[-94.742428,39.00238],[-94.74242,39.000125],[-94.742389,38.995345],[-94.739867,38.995034],[-94.73738,38.993236],[-94.734775,38.992838],[-94.733036,38.992839],[-94.73136,38.992852],[-94.731237,38.992853],[-94.730105,38.992857],[-94.728954,38.992856],[-94.728399,38.99285],[-94.726778,38.992844],[-94.72551,38.992837],[-94.723705,38.992814],[-94.723715,38.993948],[-94.723725,38.99504],[-94.723748,38.997694],[-94.723749,38.997805],[-94.723751,38.998106],[-94.72375,38.998908],[-94.723767,39.000114],[-94.722873,39.000116],[-94.722262,39.000118],[-94.721853,39.00012],[-94.720799,39.000126],[-94.719765,39.000133],[-94.719719,38.999677],[-94.718259,38.99969],[-94.714471,38.999682],[-94.714484,39.001088],[-94.714484,39.001353],[-94.714488,39.002187],[-94.714494,39.003083],[-94.714492,39.003817],[-94.712566,39.003828],[-94.711415,39.003836],[-94.709239,39.003865],[-94.708077,39.003879],[-94.706943,39.00388],[-94.70573,39.003888],[-94.705149,39.003894],[-94.705171,39.007534],[-94.705232,39.014829],[-94.705245,39.016369],[-94.705261,39.018516],[-94.705321,39.022268]]]]}},{"type":"Feature","properties":{"id":19,"NAME":"19","text-color":"#000000","text-size":16,"labelx":-94.648821,"labely":38.960348,"TotalPop":24080,"PopDevPct":0.02454831,"DemPct":0.56888731,"RepPct":0.39177888,"WhitePct":0.85925604,"MinorityPct":0.14074396,"BlackPct":0.03817707,"HispanicPct":0.04345225,"PacificPct":0.00168588,"AsianPct":0.03524037,"NativePct":0.0185447,"TotalVAP":18388,"Margin":0.06888731,"color":"#0000f8","opacity":"0.5"},"geometry":{"type":"MultiPolygon","coordinates":[[[[-94.625677,38.978705],[-94.630319,38.978704],[-94.631137,38.978698],[-94.634341,38.978683],[-94.63574,38.978666],[-94.637495,38.978655],[-94.639664,38.978639],[-94.640882,38.978642],[-94.643649,38.978623],[-94.644913,38.978619],[-94.646078,38.978599],[-94.649005,38.978595],[-94.650776,38.978591],[-94.651905,38.978595],[-94.653078,38.978586],[-94.654674,38.978586],[-94.654854,38.97858],[-94.655907,38.978577],[-94.657105,38.978573],[-94.658297,38.978569],[-94.659464,38.978566],[-94.660622,38.978563],[-94.661812,38.978559],[-94.662967,38.978556],[-94.665898,38.97855],[-94.666332,38.978549],[-94.666984,38.978549],[-94.667653,38.978548],[-94.667662,38.975518],[-94.667663,38.974903],[-94.66766,38.97336],[-94.667661,38.973004],[-94.667662,38.971261],[-94.667652,38.970264],[-94.667612,38.967798],[-94.667638,38.966298],[-94.667638,38.963994],[-94.667659,38.960345],[-94.667644,38.956708],[-94.667634,38.95514],[-94.667625,38.953053],[-94.667614,38.950937],[-94.667602,38.949392],[-94.667565,38.945735],[-94.667496,38.941756],[-94.664969,38.94192],[-94.661932,38.942083],[-94.660034,38.942085],[-94.659014,38.942086],[-94.657932,38.94209],[-94.656431,38.94209],[-94.655246,38.94209],[-94.654049,38.942093],[-94.653031,38.942096],[-94.65201,38.942098],[-94.65099,38.942098],[-94.649971,38.942101],[-94.648937,38.9421],[-94.644814,38.94212],[-94.642603,38.942131],[-94.640425,38.942134],[-94.639591,38.942141],[-94.638334,38.942149],[-94.637142,38.94215],[-94.635884,38.942155],[-94.633148,38.942157],[-94.630199,38.942168],[-94.63023,38.944269],[-94.630234,38.944434],[-94.630245,38.945172],[-94.630254,38.946075],[-94.630265,38.947168],[-94.630286,38.947882],[-94.630288,38.948859],[-94.630303,38.949433],[-94.630319,38.95033],[-94.630336,38.95126],[-94.630359,38.952279],[-94.630368,38.953287],[-94.630381,38.954517],[-94.630388,38.955366],[-94.630406,38.956834],[-94.62796,38.956845],[-94.62533,38.956855],[-94.624449,38.956858],[-94.622753,38.956861],[-94.621825,38.956866],[-94.621081,38.956865],[-94.619274,38.956866],[-94.618074,38.956866],[-94.616849,38.956875],[-94.615466,38.956879],[-94.611772,38.956894],[-94.608131,38.956722],[-94.6081,38.963047],[-94.60814,38.966424],[-94.608162,38.9675],[-94.608203,38.972002],[-94.608207,38.972922],[-94.608249,38.973911],[-94.608396,38.977773],[-94.608437,38.978724],[-94.608183,38.984347],[-94.611532,38.984333],[-94.612472,38.984202],[-94.613379,38.98416],[-94.614004,38.984166],[-94.614766,38.984158],[-94.616449,38.984163],[-94.617023,38.984158],[-94.618197,38.98416],[-94.619288,38.984152],[-94.620495,38.984061],[-94.621067,38.983988],[-94.621059,38.982341],[-94.625702,38.982344],[-94.625677,38.978705]]]]}},{"type":"Feature","properties":{"id":20,"NAME":"20","text-color":"#000000","text-size":16,"labelx":-94.629944,"labely":38.920237,"TotalPop":23650,"PopDevPct":0.00625281,"DemPct":0.50043821,"RepPct":0.46396548,"WhitePct":0.87105458,"MinorityPct":0.12894542,"BlackPct":0.02512404,"HispanicPct":0.02939935,"PacificPct":0.00116119,"AsianPct":0.05436504,"NativePct":0.01087301,"TotalVAP":18946,"Margin":0.00043821,"color":"#000082","opacity":"0.5"},"geometry":{"type":"MultiPolygon","coordinates":[[[[-94.649169,38.901232],[-94.649181,38.899998],[-94.649188,38.898296],[-94.648403,38.898297],[-94.646065,38.898297],[-94.642894,38.89826],[-94.639842,38.898296],[-94.638135,38.898294],[-94.634062,38.898306],[-94.630524,38.898313],[-94.630512,38.897847],[-94.630523,38.894109],[-94.630546,38.888857],[-94.630553,38.88616],[-94.63056,38.883774],[-94.628934,38.883768],[-94.625935,38.883774],[-94.621275,38.883785],[-94.611978,38.883816],[-94.607973,38.883822],[-94.60796,38.888639],[-94.608,38.894018],[-94.608002,38.8943],[-94.60798,38.899312],[-94.607999,38.903538],[-94.607978,38.90563],[-94.607975,38.908725],[-94.607974,38.909694],[-94.607986,38.912924],[-94.607992,38.924387],[-94.608032,38.92926],[-94.607981,38.936847],[-94.607995,38.93709],[-94.608091,38.938493],[-94.608095,38.938541],[-94.608128,38.94],[-94.608124,38.940082],[-94.608123,38.940196],[-94.608126,38.940604],[-94.608128,38.940889],[-94.608128,38.940991],[-94.608133,38.942071],[-94.608134,38.951962],[-94.608138,38.956226],[-94.608131,38.956722],[-94.611772,38.956894],[-94.615466,38.956879],[-94.616849,38.956875],[-94.618074,38.956866],[-94.619274,38.956866],[-94.621081,38.956865],[-94.621825,38.956866],[-94.622753,38.956861],[-94.624449,38.956858],[-94.62533,38.956855],[-94.62796,38.956845],[-94.630406,38.956834],[-94.630388,38.955366],[-94.630381,38.954517],[-94.630368,38.953287],[-94.630359,38.952279],[-94.630336,38.95126],[-94.630319,38.95033],[-94.630303,38.949433],[-94.630288,38.948859],[-94.630286,38.947882],[-94.630265,38.947168],[-94.630254,38.946075],[-94.630245,38.945172],[-94.630234,38.944434],[-94.63023,38.944269],[-94.630199,38.942168],[-94.633148,38.942157],[-94.635884,38.942155],[-94.637142,38.94215],[-94.638334,38.942149],[-94.639591,38.942141],[-94.640425,38.942134],[-94.642603,38.942131],[-94.644814,38.94212],[-94.648937,38.9421],[-94.649971,38.942101],[-94.65099,38.942098],[-94.65201,38.942098],[-94.653031,38.942096],[-94.654049,38.942093],[-94.655246,38.94209],[-94.656431,38.94209],[-94.657932,38.94209],[-94.659014,38.942086],[-94.660034,38.942085],[-94.661932,38.942083],[-94.664969,38.94192],[-94.667496,38.941756],[-94.667521,38.938426],[-94.667562,38.934239],[-94.667623,38.933084],[-94.667675,38.932129],[-94.667685,38.931928],[-94.667827,38.929315],[-94.667705,38.927506],[-94.667407,38.925183],[-94.667394,38.922234],[-94.667706,38.917774],[-94.668473,38.915174],[-94.669762,38.91292],[-94.668656,38.912923],[-94.667739,38.912866],[-94.667751,38.91183],[-94.667759,38.908336],[-94.667768,38.905649],[-94.666424,38.905561],[-94.661269,38.905783],[-94.659773,38.905476],[-94.658754,38.905565],[-94.655522,38.905506],[-94.655701,38.904734],[-94.654328,38.903768],[-94.655115,38.902681],[-94.654185,38.901922],[-94.650767,38.901093],[-94.649169,38.901232]]]]}},{"type":"Feature","properties":{"id":21,"NAME":"21","text-color":"#000000","text-size":16,"labelx":-94.642029,"labely":38.993166,"TotalPop":23871,"PopDevPct":0.01565585,"DemPct":0.60914111,"RepPct":0.34718791,"WhitePct":0.86914608,"MinorityPct":0.13085392,"BlackPct":0.02439024,"HispanicPct":0.05573408,"PacificPct":0.00057947,"AsianPct":0.02370542,"NativePct":0.02191434,"TotalVAP":18983,"Margin":0.10914111,"color":"#000082","opacity":"0.5"},"geometry":{"type":"MultiPolygon","coordinates":[[[[-94.616449,38.984163],[-94.614766,38.984158],[-94.614004,38.984166],[-94.613379,38.98416],[-94.612472,38.984202],[-94.611532,38.984333],[-94.608183,38.984347],[-94.608104,38.98563],[-94.607994,38.987619],[-94.607977,38.989105],[-94.607965,38.990898],[-94.60796,38.992945],[-94.607924,38.994795],[-94.607911,38.995772],[-94.607913,38.996613],[-94.607906,38.997512],[-94.607901,38.99846],[-94.607888,38.999279],[-94.607872,39.000178],[-94.607867,39.000555],[-94.612532,39.000547],[-94.614274,39.000939],[-94.617017,39.000917],[-94.616981,39.000723],[-94.617716,39.000539],[-94.629545,39.000604],[-94.62934,39.003223],[-94.629717,39.004553],[-94.63006,39.004423],[-94.630427,39.005358],[-94.630437,39.006186],[-94.63043,39.006991],[-94.630426,39.007812],[-94.633624,39.00778],[-94.634958,39.007762],[-94.635208,39.007756],[-94.636318,39.007746],[-94.637431,39.007741],[-94.638505,39.007727],[-94.639761,39.007719],[-94.642255,39.007695],[-94.644424,39.007673],[-94.649064,39.007624],[-94.650638,39.00763],[-94.651402,39.007635],[-94.653683,39.007643],[-94.65512,39.007645],[-94.656039,39.007641],[-94.658377,39.007655],[-94.660711,39.007662],[-94.663042,39.007669],[-94.665361,39.007676],[-94.667695,39.007688],[-94.668862,39.007689],[-94.670033,39.007684],[-94.672145,39.007687],[-94.672094,39.004043],[-94.671352,39.002226],[-94.671139,39.000395],[-94.671113,38.998563],[-94.671138,38.997702],[-94.671162,38.995024],[-94.67117,38.994073],[-94.671214,38.993114],[-94.671182,38.991424],[-94.671195,38.989471],[-94.671224,38.987626],[-94.672393,38.987638],[-94.672375,38.985824],[-94.671579,38.985831],[-94.671155,38.985872],[-94.670047,38.985895],[-94.668876,38.985894],[-94.667707,38.985873],[-94.667685,38.98401],[-94.667681,38.982499],[-94.667677,38.982215],[-94.667668,38.981272],[-94.667661,38.980392],[-94.66766,38.980021],[-94.667654,38.978958],[-94.667653,38.978548],[-94.666984,38.978549],[-94.666332,38.978549],[-94.665898,38.97855],[-94.662967,38.978556],[-94.661812,38.978559],[-94.660622,38.978563],[-94.659464,38.978566],[-94.658297,38.978569],[-94.657105,38.978573],[-94.655907,38.978577],[-94.654854,38.97858],[-94.654674,38.978586],[-94.653078,38.978586],[-94.651905,38.978595],[-94.650776,38.978591],[-94.649005,38.978595],[-94.646078,38.978599],[-94.644913,38.978619],[-94.643649,38.978623],[-94.640882,38.978642],[-94.639664,38.978639],[-94.637495,38.978655],[-94.63574,38.978666],[-94.634341,38.978683],[-94.631137,38.978698],[-94.630319,38.978704],[-94.625677,38.978705],[-94.625702,38.982344],[-94.621059,38.982341],[-94.621067,38.983988],[-94.620495,38.984061],[-94.619288,38.984152],[-94.618197,38.98416],[-94.617023,38.984158],[-94.616449,38.984163]]]]}},{"type":"Feature","properties":{"id":22,"NAME":"22","text-color":"#000000","text-size":16,"labelx":-94.688231,"labely":38.969064,"TotalPop":23899,"PopDevPct":0.01684718,"DemPct":0.57044487,"RepPct":0.37347105,"WhitePct":0.73036982,"MinorityPct":0.26963018,"BlackPct":0.08069302,"HispanicPct":0.12445692,"PacificPct":0.00090071,"AsianPct":0.03777684,"NativePct":0.02935255,"TotalVAP":18874,"Margin":0.07044487,"color":"#000082","opacity":"0.5"},"geometry":{"type":"MultiPolygon","coordinates":[[[[-94.704968,38.963862],[-94.704956,38.962841],[-94.704954,38.961374],[-94.704952,38.960505],[-94.704958,38.95966],[-94.704958,38.958076],[-94.704956,38.957217],[-94.704963,38.956584],[-94.704958,38.953509],[-94.704959,38.951798],[-94.704955,38.95097],[-94.704956,38.950149],[-94.704955,38.94931],[-94.704337,38.949311],[-94.703252,38.949315],[-94.702159,38.949316],[-94.701072,38.949318],[-94.69984,38.949319],[-94.698357,38.94932],[-94.69711,38.949208],[-94.696198,38.948965],[-94.694223,38.948911],[-94.690936,38.948919],[-94.688647,38.948925],[-94.686256,38.948931],[-94.685327,38.94901],[-94.684189,38.949601],[-94.683683,38.949784],[-94.680132,38.949379],[-94.67889,38.949751],[-94.676939,38.949914],[-94.67694,38.950778],[-94.676943,38.951617],[-94.6771,38.952388],[-94.677372,38.953243],[-94.677165,38.954235],[-94.676958,38.954926],[-94.67683,38.955751],[-94.67697,38.956699],[-94.674357,38.956703],[-94.672291,38.956706],[-94.671189,38.956708],[-94.670726,38.956703],[-94.668704,38.95669],[-94.667644,38.956708],[-94.667659,38.960345],[-94.667638,38.963994],[-94.667638,38.966298],[-94.667612,38.967798],[-94.667652,38.970264],[-94.667662,38.971261],[-94.667661,38.973004],[-94.66766,38.97336],[-94.667663,38.974903],[-94.667662,38.975518],[-94.667653,38.978548],[-94.667654,38.978958],[-94.66766,38.980021],[-94.667661,38.980392],[-94.667668,38.981272],[-94.667677,38.982215],[-94.667681,38.982499],[-94.667685,38.98401],[-94.667707,38.985873],[-94.668876,38.985894],[-94.670047,38.985895],[-94.671155,38.985872],[-94.671579,38.985831],[-94.672375,38.985824],[-94.673546,38.985824],[-94.67472,38.985824],[-94.67588,38.985824],[-94.677045,38.985822],[-94.6788,38.985818],[-94.681712,38.985813],[-94.684051,38.985817],[-94.68638,38.985805],[-94.691055,38.985775],[-94.692619,38.985772],[-94.692828,38.985759],[-94.69403,38.985761],[-94.695721,38.985737],[-94.696312,38.985747],[-94.696911,38.985735],[-94.697979,38.98573],[-94.699046,38.985725],[-94.701362,38.985708],[-94.704079,38.985842],[-94.705045,38.984823],[-94.705062,38.982764],[-94.705052,38.982002],[-94.705025,38.979774],[-94.705023,38.979369],[-94.705016,38.978376],[-94.705015,38.977006],[-94.705006,38.975649],[-94.705017,38.974745],[-94.705014,38.973588],[-94.705009,38.972954],[-94.705011,38.971136],[-94.704986,38.969807],[-94.704994,38.968332],[-94.704943,38.96749],[-94.704793,38.966702],[-94.704877,38.964687],[-94.704968,38.963862]]]]}},{"type":"Feature","properties":{"id":23,"NAME":"23","text-color":"#000000","text-size":16,"labelx":-94.717019,"labely":38.982906,"TotalPop":24042,"PopDevPct":0.0229315,"DemPct":0.55428954,"RepPct":0.39189966,"WhitePct":0.68959098,"MinorityPct":0.31040902,"BlackPct":0.10409021,"HispanicPct":0.13802457,"PacificPct":0.00148928,"AsianPct":0.04489123,"NativePct":0.02574331,"TotalVAP":18801,"Margin":0.05428954,"color":"#000082","opacity":"0.5"},"geometry":{"type":"MultiPolygon","coordinates":[[[[-94.705017,38.974745],[-94.705006,38.975649],[-94.705015,38.977006],[-94.705016,38.978376],[-94.705023,38.979369],[-94.705025,38.979774],[-94.705052,38.982002],[-94.705062,38.982764],[-94.705045,38.984823],[-94.705045,38.985413],[-94.705046,38.985629],[-94.705047,38.985754],[-94.705058,38.987326],[-94.705072,38.988219],[-94.705075,38.989765],[-94.705085,38.991169],[-94.70509,38.991857],[-94.705099,38.992965],[-94.705099,38.993929],[-94.705098,38.994634],[-94.705102,38.995161],[-94.705102,38.996124],[-94.705098,38.996938],[-94.705115,38.998461],[-94.705117,38.998645],[-94.70512,39.000728],[-94.705133,39.002224],[-94.705142,39.003089],[-94.705149,39.003894],[-94.70573,39.003888],[-94.706943,39.00388],[-94.708077,39.003879],[-94.709239,39.003865],[-94.711415,39.003836],[-94.712566,39.003828],[-94.714492,39.003817],[-94.714494,39.003083],[-94.714488,39.002187],[-94.714484,39.001353],[-94.714484,39.001088],[-94.714471,38.999682],[-94.718259,38.99969],[-94.719719,38.999677],[-94.719765,39.000133],[-94.720799,39.000126],[-94.721853,39.00012],[-94.722262,39.000118],[-94.722873,39.000116],[-94.723767,39.000114],[-94.72375,38.998908],[-94.723751,38.998106],[-94.723749,38.997805],[-94.723748,38.997694],[-94.723725,38.99504],[-94.723715,38.993948],[-94.723705,38.992814],[-94.72551,38.992837],[-94.726778,38.992844],[-94.728399,38.99285],[-94.728954,38.992856],[-94.730105,38.992857],[-94.731237,38.992853],[-94.73136,38.992852],[-94.733036,38.992839],[-94.734775,38.992838],[-94.73738,38.993236],[-94.739867,38.995034],[-94.742389,38.995345],[-94.742363,38.992856],[-94.742347,38.992264],[-94.742344,38.991976],[-94.742341,38.990066],[-94.742338,38.987998],[-94.742328,38.987086],[-94.7423,38.985587],[-94.74231,38.983146],[-94.742325,38.981476],[-94.74231,38.980202],[-94.742313,38.979403],[-94.742305,38.97828],[-94.742305,38.977787],[-94.742298,38.976947],[-94.742304,38.975463],[-94.742292,38.971087],[-94.741252,38.971037],[-94.73997,38.971021],[-94.738047,38.971024],[-94.73564,38.971016],[-94.732969,38.971017],[-94.730726,38.971023],[-94.728307,38.971055],[-94.72723,38.971053],[-94.725456,38.971059],[-94.723648,38.9711],[-94.721502,38.971103],[-94.721343,38.971105],[-94.719038,38.971111],[-94.718999,38.971112],[-94.718999,38.970805],[-94.723636,38.965947],[-94.732602,38.956527],[-94.738622,38.949527],[-94.742196,38.945339],[-94.742199,38.944166],[-94.742189,38.942023],[-94.741561,38.94203],[-94.74059,38.942033],[-94.739613,38.942039],[-94.738016,38.942034],[-94.737523,38.942035],[-94.737514,38.938392],[-94.742183,38.938391],[-94.742176,38.937733],[-94.742177,38.936539],[-94.742177,38.936209],[-94.740765,38.935568],[-94.737511,38.934846],[-94.733736,38.934852],[-94.723645,38.935082],[-94.723647,38.935276],[-94.727205,38.935205],[-94.727004,38.936307],[-94.72839,38.936593],[-94.723609,38.936724],[-94.723528,38.938789],[-94.723528,38.942051],[-94.723561,38.946142],[-94.723567,38.946891],[-94.723585,38.947681],[-94.723597,38.948484],[-94.723578,38.949399],[-94.723592,38.951902],[-94.723596,38.954908],[-94.723595,38.956535],[-94.720969,38.956539],[-94.718947,38.956547],[-94.717625,38.956551],[-94.714883,38.956556],[-94.713661,38.956556],[-94.711684,38.956562],[-94.710475,38.956572],[-94.708139,38.956575],[-94.707848,38.956579],[-94.704963,38.956584],[-94.704956,38.957217],[-94.704958,38.958076],[-94.704958,38.95966],[-94.704952,38.960505],[-94.704954,38.961374],[-94.704956,38.962841],[-94.704968,38.963862],[-94.704877,38.964687],[-94.704793,38.966702],[-94.704943,38.96749],[-94.704994,38.968332],[-94.704986,38.969807],[-94.705011,38.971136],[-94.705009,38.972954],[-94.705014,38.973588],[-94.705017,38.974745]]]]}},{"type":"Feature","properties":{"id":24,"NAME":"24","text-color":"#000000","text-size":16,"labelx":-94.679326,"labely":39.025167,"TotalPop":23314,"PopDevPct":-0.00804321,"DemPct":0.60312038,"RepPct":0.34213442,"WhitePct":0.73615397,"MinorityPct":0.26384603,"BlackPct":0.07191046,"HispanicPct":0.12499346,"PacificPct":0.00183045,"AsianPct":0.0387532,"NativePct":0.02892108,"TotalVAP":19121,"Margin":0.10312038,"color":"#0000f8","opacity":"0.5"},"geometry":{"type":"MultiPolygon","coordinates":[[[[-94.698207,39.022158],[-94.698279,39.022157],[-94.701138,39.02214],[-94.70296,39.022135],[-94.703685,39.022135],[-94.704281,39.022158],[-94.704575,39.022176],[-94.704933,39.022213],[-94.705321,39.022268],[-94.705261,39.018516],[-94.705245,39.016369],[-94.705232,39.014829],[-94.705171,39.007534],[-94.705149,39.003894],[-94.705142,39.003089],[-94.705133,39.002224],[-94.70512,39.000728],[-94.705117,38.998645],[-94.705115,38.998461],[-94.705098,38.996938],[-94.705102,38.996124],[-94.705102,38.995161],[-94.705098,38.994634],[-94.705099,38.993929],[-94.705099,38.992965],[-94.70509,38.991857],[-94.705085,38.991169],[-94.705075,38.989765],[-94.705072,38.988219],[-94.705058,38.987326],[-94.705047,38.985754],[-94.705046,38.985629],[-94.705045,38.985413],[-94.705045,38.984823],[-94.704079,38.985842],[-94.701362,38.985708],[-94.699046,38.985725],[-94.697979,38.98573],[-94.696911,38.985735],[-94.696312,38.985747],[-94.695721,38.985737],[-94.69403,38.985761],[-94.692828,38.985759],[-94.692619,38.985772],[-94.691055,38.985775],[-94.68638,38.985805],[-94.684051,38.985817],[-94.681712,38.985813],[-94.6788,38.985818],[-94.677045,38.985822],[-94.67588,38.985824],[-94.67472,38.985824],[-94.673546,38.985824],[-94.672375,38.985824],[-94.672393,38.987638],[-94.671224,38.987626],[-94.671195,38.989471],[-94.671182,38.991424],[-94.671214,38.993114],[-94.67117,38.994073],[-94.671162,38.995024],[-94.671138,38.997702],[-94.671113,38.998563],[-94.671139,39.000395],[-94.671352,39.002226],[-94.672094,39.004043],[-94.672145,39.007687],[-94.670033,39.007684],[-94.668862,39.007689],[-94.667695,39.007688],[-94.665361,39.007676],[-94.663042,39.007669],[-94.660711,39.007662],[-94.658377,39.007655],[-94.658365,39.008575],[-94.658362,39.009459],[-94.658357,39.010386],[-94.658362,39.010732],[-94.658366,39.011262],[-94.658363,39.01211],[-94.658348,39.013024],[-94.658374,39.01378],[-94.658368,39.014016],[-94.658367,39.014889],[-94.658367,39.015033],[-94.658368,39.015331],[-94.658365,39.016457],[-94.658365,39.017023],[-94.658363,39.017805],[-94.658364,39.018577],[-94.658365,39.020155],[-94.658365,39.022197],[-94.658357,39.024042],[-94.658365,39.024956],[-94.658362,39.025864],[-94.658357,39.027687],[-94.658357,39.029518],[-94.658362,39.030995],[-94.658378,39.031263],[-94.658377,39.03232],[-94.658376,39.032458],[-94.658385,39.0332],[-94.658397,39.03496],[-94.658402,39.036852],[-94.658497,39.039045],[-94.657862,39.040817],[-94.656096,39.043588],[-94.656102,39.044029],[-94.658331,39.04403],[-94.658844,39.044038],[-94.66096,39.044063],[-94.663895,39.044063],[-94.667037,39.044073],[-94.667772,39.044073],[-94.668937,39.044073],[-94.670041,39.044078],[-94.670464,39.044079],[-94.671255,39.04407],[-94.67215,39.044074],[-94.673518,39.044078],[-94.675919,39.044065],[-94.676945,39.044073],[-94.679938,39.044066],[-94.682969,39.044061],[-94.684057,39.04406],[-94.68431,39.044055],[-94.685411,39.044056],[-94.686504,39.044054],[-94.690623,39.044042],[-94.691617,39.044047],[-94.693928,39.044043],[-94.695845,39.044044],[-94.698189,39.04402],[-94.698208,39.0418],[-94.698213,39.040392],[-94.698228,39.039688],[-94.698227,39.038946],[-94.698228,39.03798],[-94.698224,39.036763],[-94.698211,39.035965],[-94.698213,39.035283],[-94.698212,39.034454],[-94.698188,39.033129],[-94.698214,39.029519],[-94.698234,39.027193],[-94.698217,39.02371],[-94.698207,39.022158]]]]}},{"type":"Feature","properties":{"id":25,"NAME":"25","text-color":"#000000","text-size":16,"labelx":-94.626002,"labely":39.025667,"TotalPop":24050,"PopDevPct":0.02327188,"DemPct":0.61636476,"RepPct":0.34389421,"WhitePct":0.85532716,"MinorityPct":0.14467284,"BlackPct":0.02411214,"HispanicPct":0.06700141,"PacificPct":0.00115069,"AsianPct":0.03054553,"NativePct":0.01658037,"TotalVAP":19119,"Margin":0.11636476,"color":"#000082","opacity":"0.5"},"geometry":{"type":"MultiPolygon","coordinates":[[[[-94.629717,39.004553],[-94.62934,39.003223],[-94.629545,39.000604],[-94.617716,39.000539],[-94.616981,39.000723],[-94.617017,39.000917],[-94.614274,39.000939],[-94.612532,39.000547],[-94.607867,39.000555],[-94.607868,39.00109],[-94.607859,39.001896],[-94.607851,39.002705],[-94.607842,39.004319],[-94.607836,39.005135],[-94.607826,39.006007],[-94.607818,39.006948],[-94.60781,39.007912],[-94.607785,39.010838],[-94.607758,39.013883],[-94.607743,39.015166],[-94.607723,39.016611],[-94.607711,39.017634],[-94.607685,39.019311],[-94.60764,39.021091],[-94.607621,39.024139],[-94.607594,39.026086],[-94.607565,39.028344],[-94.607536,39.030865],[-94.607524,39.033354],[-94.607506,39.034214],[-94.607479,39.03697],[-94.607461,39.03747],[-94.607426,39.039688],[-94.607415,39.040455],[-94.607412,39.040832],[-94.60741,39.041193],[-94.607402,39.041907],[-94.607403,39.042818],[-94.607382,39.044086],[-94.608463,39.044084],[-94.609586,39.044083],[-94.611901,39.044084],[-94.61305,39.044079],[-94.614208,39.044077],[-94.615725,39.044078],[-94.616626,39.044074],[-94.617673,39.044076],[-94.621224,39.044064],[-94.622295,39.044055],[-94.623332,39.04407],[-94.624307,39.044066],[-94.625382,39.044066],[-94.628219,39.04407],[-94.629332,39.044075],[-94.629835,39.044076],[-94.630566,39.044072],[-94.6317,39.044067],[-94.632033,39.044061],[-94.632848,39.044069],[-94.634043,39.044068],[-94.63523,39.04406],[-94.637613,39.044061],[-94.638788,39.043783],[-94.639514,39.044046],[-94.643776,39.044041],[-94.643874,39.044038],[-94.64907,39.044029],[-94.649141,39.044029],[-94.653588,39.044029],[-94.656102,39.044029],[-94.656096,39.043588],[-94.657862,39.040817],[-94.658497,39.039045],[-94.658402,39.036852],[-94.658397,39.03496],[-94.658385,39.0332],[-94.658376,39.032458],[-94.658377,39.03232],[-94.658378,39.031263],[-94.658362,39.030995],[-94.658357,39.029518],[-94.658357,39.027687],[-94.658362,39.025864],[-94.658365,39.024956],[-94.658357,39.024042],[-94.658365,39.022197],[-94.658365,39.020155],[-94.658364,39.018577],[-94.658363,39.017805],[-94.658365,39.017023],[-94.658365,39.016457],[-94.658368,39.015331],[-94.658367,39.015033],[-94.658367,39.014889],[-94.658368,39.014016],[-94.658374,39.01378],[-94.658348,39.013024],[-94.658363,39.01211],[-94.658366,39.011262],[-94.658362,39.010732],[-94.658357,39.010386],[-94.658362,39.009459],[-94.658365,39.008575],[-94.658377,39.007655],[-94.656039,39.007641],[-94.65512,39.007645],[-94.653683,39.007643],[-94.651402,39.007635],[-94.650638,39.00763],[-94.649064,39.007624],[-94.644424,39.007673],[-94.642255,39.007695],[-94.639761,39.007719],[-94.638505,39.007727],[-94.637431,39.007741],[-94.636318,39.007746],[-94.635208,39.007756],[-94.634958,39.007762],[-94.633624,39.00778],[-94.630426,39.007812],[-94.63043,39.006991],[-94.630437,39.006186],[-94.630427,39.005358],[-94.63006,39.004423],[-94.629717,39.004553]]]]}},{"type":"Feature","properties":{"id":26,"NAME":"26","text-color":"#000000","text-size":16,"labelx":-94.783555,"labely":38.779847,"TotalPop":23543,"PopDevPct":0.00170021,"DemPct":0.39143671,"RepPct":0.5544535,"WhitePct":0.82167535,"MinorityPct":0.17832465,"BlackPct":0.04352043,"HispanicPct":0.05236998,"PacificPct":0.0009092,"AsianPct":0.04867257,"NativePct":0.0275791,"TotalVAP":16498,"Margin":-0.10856329,"color":"#ff6259","opacity":"0.5"},"geometry":{"type":"MultiPolygon","coordinates":[[[[-94.779658,38.832681],[-94.779651,38.833935],[-94.779619,38.836594],[-94.779612,38.837137],[-94.779609,38.837602],[-94.779579,38.840245],[-94.782627,38.840234],[-94.784284,38.840225],[-94.784344,38.842482],[-94.784787,38.84247],[-94.785025,38.843696],[-94.787275,38.843607],[-94.788528,38.844512],[-94.789525,38.844753],[-94.790866,38.845068],[-94.791686,38.84526],[-94.791124,38.849135],[-94.790382,38.850655],[-94.789583,38.852339],[-94.789124,38.854695],[-94.790016,38.854688],[-94.792191,38.854659],[-94.794761,38.854627],[-94.797268,38.854608],[-94.802312,38.854851],[-94.804957,38.855074],[-94.807702,38.855045],[-94.808984,38.855031],[-94.811433,38.855005],[-94.81584,38.854835],[-94.815842,38.850923],[-94.81589,38.849792],[-94.815899,38.846743],[-94.815897,38.840036],[-94.816154,38.834155],[-94.816152,38.834019],[-94.816152,38.833951],[-94.816152,38.833887],[-94.816156,38.833192],[-94.816152,38.832772],[-94.816093,38.82551],[-94.816163,38.818119],[-94.816443,38.81608],[-94.818425,38.813404],[-94.821475,38.811058],[-94.821401,38.811018],[-94.821526,38.811018],[-94.824132,38.808643],[-94.825144,38.80576],[-94.825139,38.796625],[-94.825136,38.792915],[-94.825084,38.781884],[-94.825072,38.77836],[-94.82507,38.777635],[-94.825069,38.777239],[-94.825076,38.774073],[-94.82508,38.772666],[-94.825085,38.772648],[-94.825097,38.77262],[-94.825098,38.772602],[-94.825186,38.772279],[-94.825312,38.771874],[-94.825643,38.771075],[-94.825883,38.770584],[-94.8259,38.770559],[-94.826204,38.769994],[-94.826596,38.769415],[-94.828026,38.76761],[-94.827674,38.76761],[-94.827976,38.767202],[-94.83559,38.75715],[-94.835798,38.757321],[-94.838842,38.753036],[-94.839362,38.75129],[-94.839375,38.745726],[-94.83933,38.738428],[-94.839206,38.736846],[-94.838092,38.734755],[-94.835532,38.732335],[-94.833837,38.729634],[-94.833735,38.728235],[-94.834378,38.723779],[-94.834687,38.720153],[-94.834369,38.72015],[-94.834354,38.716565],[-94.831712,38.71656],[-94.82772,38.71653],[-94.825168,38.716553],[-94.825192,38.718775],[-94.825196,38.721992],[-94.825221,38.723795],[-94.825218,38.727441],[-94.815168,38.727386],[-94.815711,38.73416],[-94.816047,38.738375],[-94.815727,38.738381],[-94.812841,38.738363],[-94.808776,38.73835],[-94.806527,38.738341],[-94.797192,38.738313],[-94.778919,38.738319],[-94.760315,38.738235],[-94.741733,38.738255],[-94.741788,38.752844],[-94.741835,38.761892],[-94.741766,38.767334],[-94.741907,38.773272],[-94.742067,38.781818],[-94.742128,38.786598],[-94.742196,38.792868],[-94.74224,38.796412],[-94.742373,38.810996],[-94.739116,38.811001],[-94.736003,38.810617],[-94.734819,38.810144],[-94.732855,38.810979],[-94.723717,38.810985],[-94.723812,38.825737],[-94.723815,38.826049],[-94.723847,38.82873],[-94.723797,38.831434],[-94.723788,38.83405],[-94.723781,38.83718],[-94.723712,38.840202],[-94.727142,38.840157],[-94.730644,38.840157],[-94.734074,38.84017],[-94.736353,38.840172],[-94.73904,38.840174],[-94.74025,38.840189],[-94.742428,38.840217],[-94.746537,38.840179],[-94.750438,38.840191],[-94.751694,38.840194],[-94.751791,38.840194],[-94.75852,38.840243],[-94.761195,38.840261],[-94.761181,38.837804],[-94.761188,38.836106],[-94.761203,38.832702],[-94.761206,38.832425],[-94.761218,38.830102],[-94.761219,38.829651],[-94.761227,38.827749],[-94.761229,38.827344],[-94.761236,38.825719],[-94.770482,38.825668],[-94.770594,38.825669],[-94.772791,38.82546],[-94.777409,38.826001],[-94.779664,38.825668],[-94.779713,38.825548],[-94.779712,38.825661],[-94.779709,38.825909],[-94.779598,38.826278],[-94.779525,38.826295],[-94.77852,38.827653],[-94.779415,38.829131],[-94.780678,38.83099],[-94.779658,38.832681]]]]}},{"type":"Feature","properties":{"id":27,"NAME":"27","text-color":"#000000","text-size":16,"labelx":-94.65701,"labely":38.78674,"TotalPop":23335,"PopDevPct":-0.00714971,"DemPct":0.39612718,"RepPct":0.56434776,"WhitePct":0.8329409,"MinorityPct":0.1670591,"BlackPct":0.02796091,"HispanicPct":0.03384742,"PacificPct":0.00058865,"AsianPct":0.08046857,"NativePct":0.02148575,"TotalVAP":16988,"Margin":-0.10387282,"color":"#ff463c","opacity":"0.5"},"geometry":{"type":"MultiPolygon","coordinates":[[[[-94.63046,38.854776],[-94.630495,38.858716],[-94.630586,38.866824],[-94.630609,38.869178],[-94.637043,38.869198],[-94.639889,38.869195],[-94.643118,38.869189],[-94.64731,38.869183],[-94.649238,38.869179],[-94.649219,38.866543],[-94.649208,38.865353],[-94.64919,38.863045],[-94.64918,38.861201],[-94.649159,38.858764],[-94.649153,38.858283],[-94.64914,38.856453],[-94.649145,38.854656],[-94.652404,38.854651],[-94.653803,38.854656],[-94.654792,38.854652],[-94.655894,38.854651],[-94.65692,38.85465],[-94.657937,38.854647],[-94.65918,38.854643],[-94.663859,38.854631],[-94.664328,38.85463],[-94.665339,38.854625],[-94.666541,38.854621],[-94.667787,38.854611],[-94.667777,38.853146],[-94.667761,38.850595],[-94.667748,38.84909],[-94.667725,38.844028],[-94.667712,38.840191],[-94.670374,38.840155],[-94.672834,38.840148],[-94.67627,38.840108],[-94.676569,38.840106],[-94.679337,38.840075],[-94.682546,38.84012],[-94.686332,38.84013],[-94.686332,38.84002],[-94.686347,38.830793],[-94.68635,38.828279],[-94.686362,38.825458],[-94.688178,38.825457],[-94.705216,38.825509],[-94.707495,38.825476],[-94.711302,38.825532],[-94.718127,38.825633],[-94.723812,38.825737],[-94.723717,38.810985],[-94.732855,38.810979],[-94.734819,38.810144],[-94.736003,38.810617],[-94.739116,38.811001],[-94.742373,38.810996],[-94.74224,38.796412],[-94.742196,38.792868],[-94.742128,38.786598],[-94.742067,38.781818],[-94.741907,38.773272],[-94.741766,38.767334],[-94.741835,38.761892],[-94.741788,38.752844],[-94.741733,38.738255],[-94.733044,38.738317],[-94.723229,38.738361],[-94.704828,38.738147],[-94.70475,38.738146],[-94.686261,38.738178],[-94.686104,38.738177],[-94.680506,38.738171],[-94.676437,38.738152],[-94.676174,38.73815],[-94.667568,38.738121],[-94.649004,38.738163],[-94.640005,38.738119],[-94.630494,38.738079],[-94.620339,38.738118],[-94.60908,38.738099],[-94.609069,38.741565],[-94.608946,38.748369],[-94.608867,38.752691],[-94.608602,38.767217],[-94.608459,38.782095],[-94.60836,38.792978],[-94.60832,38.796389],[-94.608172,38.811095],[-94.608031,38.811096],[-94.607677,38.82564],[-94.607673,38.825816],[-94.60767,38.829769],[-94.607711,38.83171],[-94.607842,38.838068],[-94.608021,38.850235],[-94.607932,38.853102],[-94.607936,38.853143],[-94.607938,38.853158],[-94.608002,38.853803],[-94.608009,38.853874],[-94.608018,38.853964],[-94.608028,38.85406],[-94.608033,38.854111],[-94.608033,38.854649],[-94.608033,38.854767],[-94.608033,38.854799],[-94.608035,38.855005],[-94.611891,38.854839],[-94.614104,38.854822],[-94.618806,38.854808],[-94.620249,38.854807],[-94.620512,38.854807],[-94.621181,38.854804],[-94.63046,38.854776]]]]}},{"type":"Feature","properties":{"id":28,"NAME":"28","text-color":"#000000","text-size":16,"labelx":-94.652792,"labely":38.883745,"TotalPop":23453,"PopDevPct":-0.00212909,"DemPct":0.45875218,"RepPct":0.50668771,"WhitePct":0.74323211,"MinorityPct":0.25676789,"BlackPct":0.03640657,"HispanicPct":0.0360771,"PacificPct":0.00082368,"AsianPct":0.16396683,"NativePct":0.014332,"TotalVAP":18211,"Margin":-0.04124782,"color":"#4343ff","opacity":"0.5"},"geometry":{"type":"MultiPolygon","coordinates":[[[[-94.607996,38.866832],[-94.608032,38.86975],[-94.608032,38.872554],[-94.607999,38.881452],[-94.607973,38.883822],[-94.611978,38.883816],[-94.621275,38.883785],[-94.625935,38.883774],[-94.628934,38.883768],[-94.63056,38.883774],[-94.630553,38.88616],[-94.630546,38.888857],[-94.630523,38.894109],[-94.630512,38.897847],[-94.630524,38.898313],[-94.634062,38.898306],[-94.638135,38.898294],[-94.639842,38.898296],[-94.642894,38.89826],[-94.646065,38.898297],[-94.648403,38.898297],[-94.649188,38.898296],[-94.649181,38.899998],[-94.649169,38.901232],[-94.650767,38.901093],[-94.654185,38.901922],[-94.655115,38.902681],[-94.654328,38.903768],[-94.655701,38.904734],[-94.655522,38.905506],[-94.658754,38.905565],[-94.659773,38.905476],[-94.661269,38.905783],[-94.666424,38.905561],[-94.667768,38.905649],[-94.667764,38.904346],[-94.667762,38.903058],[-94.667757,38.902002],[-94.667781,38.898363],[-94.667793,38.895573],[-94.667793,38.894211],[-94.667791,38.892876],[-94.667796,38.890227],[-94.667809,38.888686],[-94.667802,38.886639],[-94.667789,38.883744],[-94.667816,38.881121],[-94.667825,38.87837],[-94.667827,38.876482],[-94.667834,38.874661],[-94.66783,38.873132],[-94.66783,38.873103],[-94.66783,38.871882],[-94.667832,38.871311],[-94.667831,38.869194],[-94.667821,38.865397],[-94.667811,38.862045],[-94.667795,38.858332],[-94.667791,38.857103],[-94.667789,38.855951],[-94.667787,38.854611],[-94.666541,38.854621],[-94.665339,38.854625],[-94.664328,38.85463],[-94.663859,38.854631],[-94.65918,38.854643],[-94.657937,38.854647],[-94.65692,38.85465],[-94.655894,38.854651],[-94.654792,38.854652],[-94.653803,38.854656],[-94.652404,38.854651],[-94.649145,38.854656],[-94.64914,38.856453],[-94.649153,38.858283],[-94.649159,38.858764],[-94.64918,38.861201],[-94.64919,38.863045],[-94.649208,38.865353],[-94.649219,38.866543],[-94.649238,38.869179],[-94.64731,38.869183],[-94.643118,38.869189],[-94.639889,38.869195],[-94.637043,38.869198],[-94.630609,38.869178],[-94.630586,38.866824],[-94.630495,38.858716],[-94.63046,38.854776],[-94.621181,38.854804],[-94.620512,38.854807],[-94.620249,38.854807],[-94.618806,38.854808],[-94.614104,38.854822],[-94.611891,38.854839],[-94.608035,38.855005],[-94.608022,38.856258],[-94.608021,38.856387],[-94.60803,38.859837],[-94.608029,38.8607],[-94.608029,38.86124],[-94.608029,38.861383],[-94.607996,38.866832]]]]}},{"type":"Feature","properties":{"id":29,"NAME":"29","text-color":"#000000","text-size":16,"labelx":-94.686435,"labely":38.928379,"TotalPop":24071,"PopDevPct":0.02416538,"DemPct":0.53526175,"RepPct":0.42047349,"WhitePct":0.72462275,"MinorityPct":0.27537725,"BlackPct":0.06262553,"HispanicPct":0.06787866,"PacificPct":0.00139053,"AsianPct":0.1224185,"NativePct":0.01859196,"TotalVAP":19417,"Margin":0.03526175,"color":"#000082","opacity":"0.5"},"geometry":{"type":"MultiPolygon","coordinates":[[[[-94.667793,38.895573],[-94.667781,38.898363],[-94.667757,38.902002],[-94.667762,38.903058],[-94.667764,38.904346],[-94.667768,38.905649],[-94.667759,38.908336],[-94.667751,38.91183],[-94.667739,38.912866],[-94.668656,38.912923],[-94.669762,38.91292],[-94.668473,38.915174],[-94.667706,38.917774],[-94.667394,38.922234],[-94.667407,38.925183],[-94.667705,38.927506],[-94.667827,38.929315],[-94.667685,38.931928],[-94.667675,38.932129],[-94.667623,38.933084],[-94.667562,38.934239],[-94.667521,38.938426],[-94.667496,38.941756],[-94.667565,38.945735],[-94.667602,38.949392],[-94.667614,38.950937],[-94.667625,38.953053],[-94.667634,38.95514],[-94.667644,38.956708],[-94.668704,38.95669],[-94.670726,38.956703],[-94.671189,38.956708],[-94.672291,38.956706],[-94.674357,38.956703],[-94.67697,38.956699],[-94.67683,38.955751],[-94.676958,38.954926],[-94.677165,38.954235],[-94.677372,38.953243],[-94.6771,38.952388],[-94.676943,38.951617],[-94.67694,38.950778],[-94.676939,38.949914],[-94.67889,38.949751],[-94.680132,38.949379],[-94.683683,38.949784],[-94.684189,38.949601],[-94.685327,38.94901],[-94.686256,38.948931],[-94.688647,38.948925],[-94.690936,38.948919],[-94.694223,38.948911],[-94.696198,38.948965],[-94.69711,38.949208],[-94.698357,38.94932],[-94.69984,38.949319],[-94.701072,38.949318],[-94.702159,38.949316],[-94.703252,38.949315],[-94.704337,38.949311],[-94.704955,38.94931],[-94.704932,38.946109],[-94.704885,38.945805],[-94.70535,38.94595],[-94.705578,38.946027],[-94.705307,38.942032],[-94.705105,38.939984],[-94.705089,38.935335],[-94.705093,38.935105],[-94.705092,38.934946],[-94.705061,38.929691],[-94.705072,38.92741],[-94.704519,38.922333],[-94.703887,38.920386],[-94.701455,38.915859],[-94.698845,38.912883],[-94.696057,38.910431],[-94.693054,38.908401],[-94.689803,38.906667],[-94.686429,38.905276],[-94.686428,38.904029],[-94.686448,38.900782],[-94.686477,38.898315],[-94.686489,38.89467],[-94.686494,38.891943],[-94.6865,38.890379],[-94.686472,38.888836],[-94.686496,38.886506],[-94.686494,38.883739],[-94.681851,38.883741],[-94.677824,38.883743],[-94.676558,38.883746],[-94.67624,38.883743],[-94.671536,38.883748],[-94.670132,38.88375],[-94.668447,38.883752],[-94.667789,38.883744],[-94.667802,38.886639],[-94.667809,38.888686],[-94.667796,38.890227],[-94.667791,38.892876],[-94.667793,38.894211],[-94.667793,38.895573]]]]}},{"type":"Feature","properties":{"id":30,"NAME":"30","text-color":"#000000","text-size":16,"labelx":-94.834606,"labely":38.959881,"TotalPop":23578,"PopDevPct":0.00318937,"DemPct":0.45848133,"RepPct":0.49275223,"WhitePct":0.72654872,"MinorityPct":0.27345128,"BlackPct":0.07321236,"HispanicPct":0.12173616,"PacificPct":0.00278742,"AsianPct":0.05341601,"NativePct":0.02616759,"TotalVAP":17579,"Margin":-0.04151867,"color":"#9191ff","opacity":"0.5"},"geometry":{"type":"MultiPolygon","coordinates":[[[[-94.818798,38.97412],[-94.820729,38.975716],[-94.822601,38.976877],[-94.825579,38.977839],[-94.826955,38.978012],[-94.833749,38.978114],[-94.836478,38.978123],[-94.838106,38.978118],[-94.844112,38.978049],[-94.847524,38.977851],[-94.853919,38.977951],[-94.854213,38.977951],[-94.853422,38.970637],[-94.853418,38.963518],[-94.853353,38.956395],[-94.855056,38.956394],[-94.857017,38.956388],[-94.858758,38.956393],[-94.862717,38.956394],[-94.865571,38.956927],[-94.865996,38.956832],[-94.866039,38.957195],[-94.868293,38.958831],[-94.868314,38.958811],[-94.868362,38.958776],[-94.868425,38.958754],[-94.868526,38.958748],[-94.868606,38.958759],[-94.868669,38.958778],[-94.868729,38.95882],[-94.868758,38.958856],[-94.868792,38.958924],[-94.868798,38.958972],[-94.86879,38.959019],[-94.868769,38.959054],[-94.868744,38.959091],[-94.872113,38.959749],[-94.87614,38.959477],[-94.87828,38.958536],[-94.879326,38.957667],[-94.877556,38.955492],[-94.877408,38.954325],[-94.878746,38.953944],[-94.880287,38.954563],[-94.882319,38.954372],[-94.882618,38.95353],[-94.885409,38.953205],[-94.886736,38.951642],[-94.888529,38.951236],[-94.890158,38.951659],[-94.892609,38.951715],[-94.895613,38.950864],[-94.898644,38.950379],[-94.89957,38.94922],[-94.899531,38.947945],[-94.899524,38.947705],[-94.897242,38.94734],[-94.894906,38.947345],[-94.888305,38.947721],[-94.885671,38.947513],[-94.881877,38.946699],[-94.871386,38.943122],[-94.870326,38.943008],[-94.866893,38.942071],[-94.864328,38.941673],[-94.857955,38.941672],[-94.852982,38.94167],[-94.852648,38.941671],[-94.847461,38.94166],[-94.844248,38.941651],[-94.84343,38.941649],[-94.834553,38.941646],[-94.831752,38.941641],[-94.829562,38.941635],[-94.826101,38.94161],[-94.821475,38.941606],[-94.816144,38.941807],[-94.807392,38.941663],[-94.806754,38.941642],[-94.797477,38.941389],[-94.788781,38.941494],[-94.788763,38.938219],[-94.784094,38.938257],[-94.784096,38.934619],[-94.793417,38.934544],[-94.793465,38.927272],[-94.791165,38.927288],[-94.788776,38.927309],[-94.788882,38.916404],[-94.780997,38.916464],[-94.779552,38.916864],[-94.779553,38.916476],[-94.779581,38.914727],[-94.779581,38.912856],[-94.783309,38.912789],[-94.787034,38.912758],[-94.792344,38.912744],[-94.794437,38.912716],[-94.797374,38.912696],[-94.797376,38.910881],[-94.797363,38.905829],[-94.797357,38.90476],[-94.797353,38.903827],[-94.797351,38.903025],[-94.797314,38.900461],[-94.797301,38.898158],[-94.7973,38.896482],[-94.797318,38.894443],[-94.797313,38.893621],[-94.797301,38.892552],[-94.797301,38.890939],[-94.797286,38.887157],[-94.797291,38.886288],[-94.79728,38.883663],[-94.795035,38.883666],[-94.793991,38.883667],[-94.792945,38.883676],[-94.791458,38.88368],[-94.791191,38.883678],[-94.788973,38.883689],[-94.785817,38.883676],[-94.784857,38.883682],[-94.784194,38.883683],[-94.779519,38.883673],[-94.779532,38.887831],[-94.77952,38.889289],[-94.779542,38.891673],[-94.77689,38.891477],[-94.775879,38.891485],[-94.774854,38.891482],[-94.772815,38.890751],[-94.772821,38.892245],[-94.772821,38.893049],[-94.772489,38.895281],[-94.77307,38.895288],[-94.773084,38.896723],[-94.773084,38.897692],[-94.77309,38.898235],[-94.774498,38.898243],[-94.774466,38.89869],[-94.774214,38.899339],[-94.774167,38.899962],[-94.774195,38.900344],[-94.773968,38.901081],[-94.771857,38.901448],[-94.770835,38.901355],[-94.770803,38.902248],[-94.768861,38.901962],[-94.768467,38.90425],[-94.766148,38.904371],[-94.765039,38.904362],[-94.763818,38.903475],[-94.761778,38.901878],[-94.760993,38.901876],[-94.760991,38.90255],[-94.761002,38.90384],[-94.761025,38.906345],[-94.761028,38.90821],[-94.761018,38.910309],[-94.761028,38.911462],[-94.761031,38.912778],[-94.761016,38.914251],[-94.761,38.915491],[-94.761604,38.916791],[-94.760992,38.918459],[-94.760865,38.920039],[-94.762248,38.920086],[-94.763799,38.920071],[-94.764142,38.920065],[-94.764637,38.920062],[-94.764918,38.920063],[-94.763585,38.921622],[-94.760262,38.925504],[-94.758681,38.927353],[-94.758044,38.928095],[-94.752459,38.934725],[-94.751783,38.936734],[-94.751771,38.939636],[-94.751762,38.941108],[-94.751762,38.941561],[-94.751769,38.943198],[-94.751788,38.944485],[-94.751783,38.947338],[-94.751682,38.949201],[-94.7508,38.951002],[-94.749276,38.952855],[-94.747747,38.956286],[-94.746223,38.958223],[-94.744652,38.959168],[-94.743444,38.959718],[-94.742224,38.960217],[-94.743443,38.960284],[-94.744634,38.960284],[-94.74702,38.96004],[-94.747361,38.960549],[-94.748131,38.960632],[-94.750827,38.960411],[-94.752095,38.960613],[-94.752148,38.961528],[-94.752105,38.964154],[-94.754343,38.964155],[-94.755084,38.963369],[-94.756712,38.963354],[-94.759221,38.963363],[-94.760244,38.963355],[-94.760916,38.963367],[-94.764099,38.963368],[-94.765598,38.96336],[-94.766051,38.963357],[-94.767781,38.962957],[-94.767148,38.961096],[-94.76641,38.960282],[-94.765719,38.959757],[-94.764634,38.959692],[-94.764848,38.957027],[-94.764819,38.95647],[-94.770212,38.956463],[-94.772508,38.956456],[-94.774623,38.956446],[-94.775088,38.956443],[-94.77696,38.956432],[-94.779512,38.956421],[-94.77953,38.957825],[-94.77956,38.960395],[-94.77959,38.963706],[-94.779609,38.965427],[-94.779636,38.967411],[-94.779644,38.968501],[-94.77965,38.969041],[-94.77967,38.969634],[-94.779723,38.970989],[-94.783443,38.971072],[-94.786566,38.9709],[-94.793533,38.971091],[-94.797313,38.970997],[-94.801644,38.970897],[-94.806617,38.970971],[-94.812207,38.970769],[-94.815364,38.971426],[-94.817888,38.973366],[-94.818798,38.97412]]]]}},{"type":"Feature","properties":{"id":31,"NAME":"31","text-color":"#000000","text-size":16,"labelx":-94.662817,"labely":39.060381,"TotalPop":23924,"PopDevPct":0.01791087,"DemPct":0.68453199,"RepPct":0.26217743,"WhitePct":0.48038686,"MinorityPct":0.51961314,"BlackPct":0.12016425,"HispanicPct":0.34071753,"PacificPct":0.0021072,"AsianPct":0.03776745,"NativePct":0.04090123,"TotalVAP":18508,"Margin":0.18453199,"color":"#0000f8","opacity":"0.5"},"geometry":{"type":"MultiPolygon","coordinates":[[[[-94.640154,39.072192],[-94.64196,39.072156],[-94.644396,39.072446],[-94.645945,39.072792],[-94.646995,39.072841],[-94.648049,39.072852],[-94.649105,39.072861],[-94.650482,39.072881],[-94.650631,39.072885],[-94.650398,39.074163],[-94.662022,39.076984],[-94.668122,39.07868],[-94.675458,39.08051],[-94.677173,39.080674],[-94.680368,39.08067],[-94.680353,39.079186],[-94.680316,39.075461],[-94.68022,39.073195],[-94.680133,39.071335],[-94.679309,39.065914],[-94.679085,39.062411],[-94.679189,39.058646],[-94.679091,39.053223],[-94.678801,39.048787],[-94.677939,39.046449],[-94.675919,39.044065],[-94.673518,39.044078],[-94.67215,39.044074],[-94.671255,39.04407],[-94.670464,39.044079],[-94.670041,39.044078],[-94.668937,39.044073],[-94.667772,39.044073],[-94.667037,39.044073],[-94.663895,39.044063],[-94.66096,39.044063],[-94.658844,39.044038],[-94.658331,39.04403],[-94.656102,39.044029],[-94.653588,39.044029],[-94.649141,39.044029],[-94.64907,39.044029],[-94.643874,39.044038],[-94.643776,39.044041],[-94.639514,39.044046],[-94.638788,39.043783],[-94.637613,39.044061],[-94.63523,39.04406],[-94.634043,39.044068],[-94.632848,39.044069],[-94.632033,39.044061],[-94.6317,39.044067],[-94.630566,39.044072],[-94.629835,39.044076],[-94.629332,39.044075],[-94.628219,39.04407],[-94.625382,39.044066],[-94.624307,39.044066],[-94.623332,39.04407],[-94.622295,39.044055],[-94.621224,39.044064],[-94.617673,39.044076],[-94.616626,39.044074],[-94.615725,39.044078],[-94.614208,39.044077],[-94.61305,39.044079],[-94.611901,39.044084],[-94.609586,39.044083],[-94.608463,39.044084],[-94.607382,39.044086],[-94.607371,39.04464],[-94.607355,39.046445],[-94.607334,39.048801],[-94.607327,39.049522],[-94.607323,39.050236],[-94.607326,39.051117],[-94.607333,39.05318],[-94.607337,39.054365],[-94.607347,39.057337],[-94.607343,39.057774],[-94.607333,39.058703],[-94.607315,39.060565],[-94.607294,39.061911],[-94.607279,39.062786],[-94.607252,39.0637],[-94.607167,39.064601],[-94.607295,39.067201],[-94.607321,39.06981],[-94.607335,39.072454],[-94.60733,39.07312],[-94.607312,39.074857],[-94.607333,39.075812],[-94.607333,39.075976],[-94.607333,39.076876],[-94.60733,39.08169],[-94.609971,39.08133],[-94.616387,39.07762],[-94.621684,39.075039],[-94.624177,39.074208],[-94.624157,39.074163],[-94.624624,39.074066],[-94.632211,39.072518],[-94.633862,39.072366],[-94.635008,39.072332],[-94.640154,39.072192]]]]}},{"type":"Feature","properties":{"id":32,"NAME":"32","text-color":"#000000","text-size":16,"labelx":-94.632527,"labely":39.104279,"TotalPop":23900,"PopDevPct":0.01688973,"DemPct":0.71991307,"RepPct":0.23743548,"WhitePct":0.23590992,"MinorityPct":0.76409008,"BlackPct":0.10870359,"HispanicPct":0.5720633,"PacificPct":0.00267803,"AsianPct":0.06755934,"NativePct":0.03609251,"TotalVAP":16430,"Margin":0.21991307,"color":"#000082","opacity":"0.5"},"geometry":{"type":"MultiPolygon","coordinates":[[[[-94.6307,39.091867],[-94.627872,39.09272],[-94.626073,39.093848],[-94.62607,39.093815],[-94.626024,39.093386],[-94.625962,39.092796],[-94.625951,39.092597],[-94.625941,39.092208],[-94.619312,39.094969],[-94.613394,39.097376],[-94.612873,39.097588],[-94.612567,39.097712],[-94.611704,39.098064],[-94.611826,39.098295],[-94.612173,39.098851],[-94.611667,39.098852],[-94.610488,39.097139],[-94.609859,39.098615],[-94.607136,39.098482],[-94.607136,39.098825],[-94.607136,39.098971],[-94.607218,39.100035],[-94.607205,39.100132],[-94.607142,39.101901],[-94.607149,39.104466],[-94.607272,39.108741],[-94.607281,39.108901],[-94.609963,39.11004],[-94.612862,39.112253],[-94.614416,39.113119],[-94.614988,39.113475],[-94.615183,39.113315],[-94.615581,39.113544],[-94.616342,39.113988],[-94.618771,39.115369],[-94.621381,39.11555],[-94.621377,39.116547],[-94.624025,39.116545],[-94.626787,39.116546],[-94.6288,39.116541],[-94.629568,39.116543],[-94.632381,39.116543],[-94.635119,39.116543],[-94.636518,39.116548],[-94.637096,39.11654],[-94.638161,39.116543],[-94.640707,39.116545],[-94.643095,39.116545],[-94.644675,39.116542],[-94.648017,39.116545],[-94.649408,39.11633],[-94.650478,39.116414],[-94.65233,39.116578],[-94.653547,39.116684],[-94.653963,39.116724],[-94.654578,39.116778],[-94.65577,39.116794],[-94.656926,39.116799],[-94.657466,39.116801],[-94.657978,39.11681],[-94.658656,39.116816],[-94.660351,39.116798],[-94.661492,39.116796],[-94.664196,39.11679],[-94.665639,39.116785],[-94.665823,39.116782],[-94.666487,39.11678],[-94.667423,39.116783],[-94.669091,39.116777],[-94.670529,39.11677],[-94.672104,39.116764],[-94.67224,39.116763],[-94.673342,39.116759],[-94.679112,39.116696],[-94.681644,39.116673],[-94.682352,39.112488],[-94.682225,39.111058],[-94.681089,39.109469],[-94.679128,39.107858],[-94.678001,39.10639],[-94.677765,39.105216],[-94.675005,39.10337],[-94.671675,39.101471],[-94.667441,39.099396],[-94.665355,39.098742],[-94.659514,39.097345],[-94.657679,39.097063],[-94.653163,39.096877],[-94.649408,39.096305],[-94.646726,39.095376],[-94.642852,39.093413],[-94.638264,39.092478],[-94.635335,39.092204],[-94.633468,39.092051],[-94.632568,39.091967],[-94.631159,39.091827],[-94.6307,39.091867]]]]}},{"type":"Feature","properties":{"id":33,"NAME":"33","text-color":"#000000","text-size":16,"labelx":-94.832297,"labely":39.094,"TotalPop":24314,"PopDevPct":0.03450447,"DemPct":0.47709246,"RepPct":0.46833195,"WhitePct":0.70096358,"MinorityPct":0.29903642,"BlackPct":0.09510588,"HispanicPct":0.14638794,"PacificPct":0.00163319,"AsianPct":0.02030595,"NativePct":0.03669225,"TotalVAP":18369,"Margin":-0.02290754,"color":"#6363ff","opacity":"0.5"},"geometry":{"type":"MultiPolygon","coordinates":[[[[-94.901394,39.128686],[-94.908275,39.128654],[-94.908389,39.122318],[-94.908407,39.120826],[-94.908463,39.116136],[-94.908465,39.116001],[-94.908469,39.115707],[-94.908483,39.114694],[-94.908592,39.107167],[-94.908619,39.10058],[-94.908717,39.093285],[-94.908743,39.090815],[-94.908739,39.090385],[-94.908741,39.090248],[-94.908751,39.086899],[-94.908751,39.072313],[-94.908723,39.063498],[-94.908797,39.057934],[-94.908792,39.05069],[-94.908826,39.043677],[-94.908828,39.043417],[-94.90884,39.040964],[-94.908862,39.036103],[-94.908824,39.029981],[-94.908794,39.024147],[-94.908782,39.021591],[-94.90875,39.014715],[-94.908749,39.013737],[-94.908736,38.993662],[-94.908765,38.991401],[-94.903514,38.997634],[-94.902347,38.998773],[-94.897639,39.0042],[-94.894798,39.007267],[-94.89229,39.010802],[-94.889549,39.014262],[-94.888431,39.016142],[-94.888404,39.020243],[-94.890135,39.023155],[-94.891108,39.02685],[-94.891141,39.030679],[-94.889632,39.034178],[-94.888408,39.036163],[-94.887189,39.038449],[-94.88604,39.041518],[-94.884604,39.046478],[-94.884352,39.048229],[-94.883566,39.050689],[-94.879144,39.054921],[-94.876425,39.057139],[-94.871722,39.059321],[-94.871519,39.059378],[-94.867749,39.060193],[-94.863276,39.060834],[-94.854407,39.061353],[-94.84907,39.061313],[-94.848718,39.061323],[-94.845257,39.061342],[-94.842483,39.060918],[-94.839282,39.059946],[-94.834141,39.057812],[-94.82934,39.055436],[-94.821708,39.051037],[-94.820485,39.050228],[-94.81607,39.048541],[-94.80702,39.045191],[-94.803326,39.04352],[-94.800928,39.043514],[-94.792824,39.043559],[-94.792413,39.043564],[-94.791527,39.043575],[-94.789611,39.043599],[-94.789177,39.043612],[-94.77971,39.043721],[-94.779282,39.043723],[-94.777227,39.043725],[-94.776469,39.043746],[-94.769493,39.043685],[-94.76099,39.043662],[-94.758749,39.043693],[-94.757068,39.043716],[-94.751735,39.043791],[-94.739366,39.043951],[-94.733287,39.04399],[-94.732161,39.043995],[-94.730269,39.043991],[-94.728491,39.043988],[-94.727278,39.043989],[-94.724709,39.04399],[-94.723892,39.043998],[-94.72095,39.043995],[-94.714536,39.044004],[-94.712763,39.044002],[-94.711468,39.044],[-94.709315,39.043998],[-94.708532,39.044006],[-94.70747,39.044006],[-94.706341,39.043994],[-94.705282,39.043993],[-94.702707,39.044032],[-94.701615,39.044036],[-94.700535,39.044036],[-94.698189,39.04402],[-94.695845,39.044044],[-94.693928,39.044043],[-94.691617,39.044047],[-94.690623,39.044042],[-94.686504,39.044054],[-94.685411,39.044056],[-94.68431,39.044055],[-94.684057,39.04406],[-94.682969,39.044061],[-94.679938,39.044066],[-94.676945,39.044073],[-94.675919,39.044065],[-94.677939,39.046449],[-94.678801,39.048787],[-94.679091,39.053223],[-94.679189,39.058646],[-94.679477,39.058645],[-94.679368,39.053136],[-94.680422,39.05278],[-94.681232,39.052497],[-94.682597,39.051889],[-94.682941,39.05171],[-94.683866,39.051207],[-94.68576,39.050138],[-94.686381,39.049787],[-94.686424,39.050159],[-94.686423,39.050338],[-94.686422,39.050956],[-94.686505,39.051752],[-94.686514,39.052785],[-94.686513,39.053618],[-94.686513,39.054472],[-94.689579,39.054562],[-94.690636,39.054559],[-94.691679,39.054558],[-94.692701,39.054559],[-94.693699,39.054558],[-94.695326,39.054557],[-94.695321,39.05376],[-94.69532,39.052961],[-94.696362,39.052959],[-94.696748,39.05136],[-94.697538,39.051786],[-94.700533,39.051874],[-94.700551,39.052541],[-94.700487,39.054938],[-94.705165,39.054907],[-94.714495,39.054911],[-94.723902,39.05494],[-94.728563,39.05495],[-94.729244,39.054947],[-94.72842,39.058729],[-94.729004,39.060387],[-94.72971,39.062271],[-94.729937,39.065813],[-94.733394,39.065631],[-94.736097,39.063965],[-94.738248,39.06341],[-94.740292,39.063896],[-94.740234,39.06578],[-94.744554,39.065735],[-94.745012,39.065732],[-94.745683,39.065728],[-94.751993,39.06568],[-94.757008,39.065678],[-94.758119,39.066161],[-94.759257,39.067689],[-94.759759,39.068281],[-94.760806,39.069175],[-94.759897,39.070406],[-94.754742,39.074496],[-94.751128,39.076433],[-94.745146,39.078019],[-94.745139,39.079818],[-94.745613,39.080784],[-94.745849,39.081688],[-94.745437,39.082048],[-94.742766,39.083555],[-94.736964,39.087038],[-94.736529,39.08721],[-94.736912,39.087457],[-94.744409,39.087501],[-94.74566,39.087549],[-94.747935,39.087563],[-94.749408,39.087548],[-94.751111,39.087525],[-94.755782,39.087459],[-94.757334,39.087436],[-94.760447,39.087376],[-94.765103,39.087345],[-94.767401,39.087347],[-94.769739,39.087333],[-94.774361,39.087293],[-94.779007,39.087252],[-94.781743,39.087278],[-94.784091,39.087557],[-94.78603,39.087313],[-94.797639,39.087348],[-94.797716,39.091196],[-94.797668,39.091542],[-94.79767,39.0923],[-94.797689,39.094675],[-94.79771,39.098159],[-94.79772,39.099342],[-94.797722,39.099498],[-94.797726,39.100361],[-94.797718,39.100576],[-94.797711,39.101838],[-94.797716,39.104954],[-94.797718,39.105586],[-94.797718,39.105732],[-94.797724,39.109106],[-94.797689,39.116005],[-94.797741,39.116388],[-94.797719,39.128597],[-94.798803,39.128604],[-94.808225,39.128588],[-94.811234,39.128608],[-94.816311,39.128619],[-94.816775,39.128614],[-94.817271,39.128611],[-94.821213,39.128616],[-94.830101,39.128612],[-94.835138,39.128621],[-94.842462,39.128624],[-94.845484,39.128627],[-94.85372,39.128632],[-94.854773,39.128623],[-94.864084,39.128654],[-94.872374,39.128641],[-94.882725,39.128649],[-94.888574,39.128663],[-94.890863,39.128656],[-94.901014,39.128676],[-94.901394,39.128686]]]]}},{"type":"Feature","properties":{"id":34,"NAME":"34","text-color":"#000000","text-size":16,"labelx":-94.680253,"labely":39.126482,"TotalPop":24230,"PopDevPct":0.03093047,"DemPct":0.81826672,"RepPct":0.14736645,"WhitePct":0.20560692,"MinorityPct":0.79439308,"BlackPct":0.3812826,"HispanicPct":0.34453532,"PacificPct":0.00610479,"AsianPct":0.0529872,"NativePct":0.03514699,"TotalVAP":16872,"Margin":0.31826672,"color":"#0000f8","opacity":"0.5"},"geometry":{"type":"MultiPolygon","coordinates":[[[[-94.649408,39.11633],[-94.648017,39.116545],[-94.644675,39.116542],[-94.643095,39.116545],[-94.640707,39.116545],[-94.638161,39.116543],[-94.637096,39.11654],[-94.636518,39.116548],[-94.635119,39.116543],[-94.632381,39.116543],[-94.629568,39.116543],[-94.6288,39.116541],[-94.626787,39.116546],[-94.624025,39.116545],[-94.621377,39.116547],[-94.621392,39.117548],[-94.621401,39.118543],[-94.621394,39.119502],[-94.621383,39.120472],[-94.621376,39.121401],[-94.621408,39.122214],[-94.621399,39.12296],[-94.621401,39.12424],[-94.621398,39.124393],[-94.622558,39.124403],[-94.62403,39.124645],[-94.625717,39.125468],[-94.626809,39.125505],[-94.629026,39.125538],[-94.63013,39.125619],[-94.631781,39.126712],[-94.632155,39.127029],[-94.632892,39.127553],[-94.635171,39.128963],[-94.638087,39.129481],[-94.638085,39.129606],[-94.640751,39.129684],[-94.640694,39.129556],[-94.643023,39.129574],[-94.64599,39.12959],[-94.649567,39.128876],[-94.649734,39.128841],[-94.654011,39.12873],[-94.655859,39.12872],[-94.659536,39.128718],[-94.661382,39.12873],[-94.664702,39.128424],[-94.665799,39.128367],[-94.666426,39.128371],[-94.66695,39.128371],[-94.66705,39.128372],[-94.66827,39.128389],[-94.668838,39.128405],[-94.668818,39.13023],[-94.668766,39.132493],[-94.668703,39.134901],[-94.668698,39.135679],[-94.67333,39.135717],[-94.674532,39.135722],[-94.675904,39.135726],[-94.676102,39.135727],[-94.676896,39.135729],[-94.679198,39.136389],[-94.68326,39.136077],[-94.685812,39.136071],[-94.686203,39.136062],[-94.687348,39.135659],[-94.688454,39.135685],[-94.689346,39.135682],[-94.690852,39.135683],[-94.691431,39.135681],[-94.692564,39.13568],[-94.69667,39.135685],[-94.699074,39.135696],[-94.69959,39.135702],[-94.7008,39.135716],[-94.701316,39.135722],[-94.70591,39.135752],[-94.707652,39.136185],[-94.711056,39.136191],[-94.711093,39.134216],[-94.711006,39.13242],[-94.709836,39.132043],[-94.709862,39.130527],[-94.709834,39.128514],[-94.712815,39.128528],[-94.715278,39.12853],[-94.717041,39.128555],[-94.719519,39.128552],[-94.723309,39.128548],[-94.726221,39.128549],[-94.728422,39.128538],[-94.730729,39.128539],[-94.732192,39.128546],[-94.733916,39.128523],[-94.735479,39.128516],[-94.736429,39.128511],[-94.73914,39.128521],[-94.740069,39.128526],[-94.743381,39.128534],[-94.745597,39.128542],[-94.748184,39.128546],[-94.749787,39.12854],[-94.750303,39.12854],[-94.752431,39.12853],[-94.752354,39.128],[-94.752,39.12602],[-94.752425,39.125293],[-94.754246,39.123886],[-94.755137,39.123338],[-94.75522,39.123203],[-94.756422,39.123302],[-94.756418,39.122313],[-94.757029,39.12077],[-94.759275,39.120522],[-94.760426,39.1205],[-94.760426,39.118695],[-94.760421,39.117433],[-94.760513,39.116388],[-94.754334,39.116512],[-94.751821,39.116552],[-94.751244,39.116567],[-94.750384,39.116592],[-94.748511,39.116636],[-94.748519,39.116468],[-94.748487,39.116407],[-94.748411,39.116373],[-94.748292,39.116361],[-94.747892,39.116367],[-94.747572,39.116372],[-94.74696,39.116389],[-94.746964,39.116506],[-94.746967,39.116608],[-94.746969,39.116662],[-94.743065,39.116721],[-94.742875,39.11672],[-94.737946,39.116787],[-94.728402,39.116754],[-94.728226,39.116753],[-94.726577,39.116752],[-94.724484,39.116751],[-94.722627,39.116688],[-94.720869,39.116686],[-94.720572,39.116688],[-94.718381,39.11668],[-94.716931,39.116679],[-94.714493,39.116666],[-94.709819,39.116644],[-94.705793,39.116647],[-94.705135,39.116647],[-94.694707,39.1166],[-94.692851,39.116592],[-94.691235,39.116602],[-94.689883,39.116606],[-94.688947,39.116629],[-94.686536,39.116609],[-94.68184,39.116673],[-94.681644,39.116673],[-94.679112,39.116696],[-94.673342,39.116759],[-94.67224,39.116763],[-94.672104,39.116764],[-94.670529,39.11677],[-94.669091,39.116777],[-94.667423,39.116783],[-94.666487,39.11678],[-94.665823,39.116782],[-94.665639,39.116785],[-94.664196,39.11679],[-94.661492,39.116796],[-94.660351,39.116798],[-94.658656,39.116816],[-94.657978,39.11681],[-94.657466,39.116801],[-94.656926,39.116799],[-94.65577,39.116794],[-94.654578,39.116778],[-94.653963,39.116724],[-94.653547,39.116684],[-94.65233,39.116578],[-94.650478,39.116414],[-94.649408,39.11633]]]]}},{"type":"Feature","properties":{"id":35,"NAME":"35","text-color":"#000000","text-size":16,"labelx":-94.679894,"labely":39.156042,"TotalPop":24209,"PopDevPct":0.03003697,"DemPct":0.79945718,"RepPct":0.1619421,"WhitePct":0.22909824,"MinorityPct":0.77090176,"BlackPct":0.45543071,"HispanicPct":0.25986747,"PacificPct":0.00288101,"AsianPct":0.04309997,"NativePct":0.03065399,"TotalVAP":17355,"Margin":0.29945718,"color":"#0000f8","opacity":"0.5"},"geometry":{"type":"MultiPolygon","coordinates":[[[[-94.607354,39.113444],[-94.608519,39.116244],[-94.608255,39.118306],[-94.607428,39.120256],[-94.605116,39.123259],[-94.603383,39.125003],[-94.591081,39.136839],[-94.589898,39.138979],[-94.588964,39.143007],[-94.588387,39.148868],[-94.588658,39.151163],[-94.590661,39.154767],[-94.593846,39.156828],[-94.601733,39.159603],[-94.606455,39.160827],[-94.608657,39.161044],[-94.611071,39.160883],[-94.61548,39.160147],[-94.623354,39.156839],[-94.623565,39.156755],[-94.635552,39.154082],[-94.639779,39.153707],[-94.650647,39.154092],[-94.650774,39.154121],[-94.655787,39.15568],[-94.65921,39.157841],[-94.661397,39.162742],[-94.660315,39.168051],[-94.659307,39.170064],[-94.659162,39.174126],[-94.661577,39.177359],[-94.665277,39.180378],[-94.66911,39.182204],[-94.673903,39.183554],[-94.680338,39.184304],[-94.68498,39.183964],[-94.688788,39.183228],[-94.691611,39.181961],[-94.696333,39.178961],[-94.705523,39.1738],[-94.706845,39.173744],[-94.714137,39.170403],[-94.723637,39.169003],[-94.735743,39.169191],[-94.741858,39.170318],[-94.74266,39.168926],[-94.742917,39.167718],[-94.731451,39.167109],[-94.731059,39.167091],[-94.721195,39.166724],[-94.706216,39.166226],[-94.702751,39.165831],[-94.697532,39.164861],[-94.697582,39.164724],[-94.698158,39.163338],[-94.701213,39.161714],[-94.704376,39.159553],[-94.705646,39.15652],[-94.705713,39.14831],[-94.711774,39.148372],[-94.71328,39.148396],[-94.715031,39.148404],[-94.715038,39.148684],[-94.715026,39.150347],[-94.718129,39.15038],[-94.719738,39.150368],[-94.724439,39.150359],[-94.724444,39.149571],[-94.724465,39.148575],[-94.724467,39.147883],[-94.72448,39.146767],[-94.7245,39.144964],[-94.724511,39.144372],[-94.724508,39.143119],[-94.726889,39.143104],[-94.728608,39.143102],[-94.730701,39.143096],[-94.732441,39.1431],[-94.733966,39.143087],[-94.734824,39.143111],[-94.738451,39.143121],[-94.740137,39.14313],[-94.741828,39.143143],[-94.742193,39.143151],[-94.743564,39.143168],[-94.745473,39.143157],[-94.745609,39.143166],[-94.745408,39.14048],[-94.745419,39.13934],[-94.74543,39.137972],[-94.745454,39.13629],[-94.745461,39.135829],[-94.74553,39.134748],[-94.745559,39.132817],[-94.745561,39.132468],[-94.74557,39.131622],[-94.745572,39.131561],[-94.745582,39.130756],[-94.745587,39.130522],[-94.745599,39.129723],[-94.7456,39.129566],[-94.745598,39.129049],[-94.745597,39.128542],[-94.743381,39.128534],[-94.740069,39.128526],[-94.73914,39.128521],[-94.736429,39.128511],[-94.735479,39.128516],[-94.733916,39.128523],[-94.732192,39.128546],[-94.730729,39.128539],[-94.728422,39.128538],[-94.726221,39.128549],[-94.723309,39.128548],[-94.719519,39.128552],[-94.717041,39.128555],[-94.715278,39.12853],[-94.712815,39.128528],[-94.709834,39.128514],[-94.709862,39.130527],[-94.709836,39.132043],[-94.711006,39.13242],[-94.711093,39.134216],[-94.711056,39.136191],[-94.707652,39.136185],[-94.70591,39.135752],[-94.701316,39.135722],[-94.7008,39.135716],[-94.69959,39.135702],[-94.699074,39.135696],[-94.69667,39.135685],[-94.692564,39.13568],[-94.691431,39.135681],[-94.690852,39.135683],[-94.689346,39.135682],[-94.688454,39.135685],[-94.687348,39.135659],[-94.686203,39.136062],[-94.685812,39.136071],[-94.68326,39.136077],[-94.679198,39.136389],[-94.676896,39.135729],[-94.676102,39.135727],[-94.675904,39.135726],[-94.674532,39.135722],[-94.67333,39.135717],[-94.668698,39.135679],[-94.668703,39.134901],[-94.668766,39.132493],[-94.668818,39.13023],[-94.668838,39.128405],[-94.66827,39.128389],[-94.66705,39.128372],[-94.66695,39.128371],[-94.666426,39.128371],[-94.665799,39.128367],[-94.664702,39.128424],[-94.661382,39.12873],[-94.659536,39.128718],[-94.655859,39.12872],[-94.654011,39.12873],[-94.649734,39.128841],[-94.649567,39.128876],[-94.64599,39.12959],[-94.643023,39.129574],[-94.640694,39.129556],[-94.640751,39.129684],[-94.638085,39.129606],[-94.638087,39.129481],[-94.635171,39.128963],[-94.632892,39.127553],[-94.632155,39.127029],[-94.631781,39.126712],[-94.63013,39.125619],[-94.629026,39.125538],[-94.626809,39.125505],[-94.625717,39.125468],[-94.62403,39.124645],[-94.622558,39.124403],[-94.621398,39.124393],[-94.621401,39.12424],[-94.621399,39.12296],[-94.621408,39.122214],[-94.621376,39.121401],[-94.621383,39.120472],[-94.621394,39.119502],[-94.621401,39.118543],[-94.621392,39.117548],[-94.621377,39.116547],[-94.621381,39.11555],[-94.618771,39.115369],[-94.616342,39.113988],[-94.615581,39.113544],[-94.615183,39.113315],[-94.614988,39.113475],[-94.614416,39.113119],[-94.612862,39.112253],[-94.609963,39.11004],[-94.607281,39.108901],[-94.607338,39.109908],[-94.607352,39.110441],[-94.607323,39.112415],[-94.607354,39.113444]]]]}},{"type":"Feature","properties":{"id":36,"NAME":"36","text-color":"#000000","text-size":16,"labelx":-94.780468,"labely":39.157307,"TotalPop":23783,"PopDevPct":0.01191165,"DemPct":0.57730037,"RepPct":0.3789484,"WhitePct":0.57346479,"MinorityPct":0.42653521,"BlackPct":0.24169014,"HispanicPct":0.09977465,"PacificPct":0.00129577,"AsianPct":0.06005634,"NativePct":0.02861972,"TotalVAP":17750,"Margin":0.07730037,"color":"#0000f8","opacity":"0.5"},"geometry":{"type":"MultiPolygon","coordinates":[[[[-94.797719,39.128597],[-94.789669,39.128587],[-94.78847,39.128581],[-94.783505,39.128593],[-94.780803,39.128583],[-94.779766,39.128595],[-94.779178,39.128595],[-94.775721,39.128643],[-94.773208,39.128642],[-94.771982,39.128632],[-94.770923,39.128614],[-94.769858,39.128602],[-94.769838,39.127418],[-94.769831,39.126466],[-94.769825,39.125492],[-94.769834,39.124622],[-94.769852,39.122983],[-94.769833,39.122096],[-94.769857,39.12061],[-94.76793,39.120558],[-94.763887,39.121095],[-94.763677,39.121813],[-94.763608,39.122532],[-94.762467,39.122571],[-94.760588,39.121832],[-94.760591,39.120506],[-94.760597,39.118737],[-94.760426,39.118695],[-94.760426,39.1205],[-94.759275,39.120522],[-94.757029,39.12077],[-94.756418,39.122313],[-94.756422,39.123302],[-94.75522,39.123203],[-94.755137,39.123338],[-94.754246,39.123886],[-94.752425,39.125293],[-94.752,39.12602],[-94.752354,39.128],[-94.752431,39.12853],[-94.750303,39.12854],[-94.749787,39.12854],[-94.748184,39.128546],[-94.745597,39.128542],[-94.745598,39.129049],[-94.7456,39.129566],[-94.745599,39.129723],[-94.745587,39.130522],[-94.745582,39.130756],[-94.745572,39.131561],[-94.74557,39.131622],[-94.745561,39.132468],[-94.745559,39.132817],[-94.74553,39.134748],[-94.745461,39.135829],[-94.745454,39.13629],[-94.74543,39.137972],[-94.745419,39.13934],[-94.745408,39.14048],[-94.745609,39.143166],[-94.745473,39.143157],[-94.743564,39.143168],[-94.742193,39.143151],[-94.741828,39.143143],[-94.740137,39.14313],[-94.738451,39.143121],[-94.734824,39.143111],[-94.733966,39.143087],[-94.732441,39.1431],[-94.730701,39.143096],[-94.728608,39.143102],[-94.726889,39.143104],[-94.724508,39.143119],[-94.724511,39.144372],[-94.7245,39.144964],[-94.72448,39.146767],[-94.724467,39.147883],[-94.724465,39.148575],[-94.724444,39.149571],[-94.724439,39.150359],[-94.719738,39.150368],[-94.718129,39.15038],[-94.715026,39.150347],[-94.715038,39.148684],[-94.715031,39.148404],[-94.71328,39.148396],[-94.711774,39.148372],[-94.705713,39.14831],[-94.705646,39.15652],[-94.704376,39.159553],[-94.701213,39.161714],[-94.698158,39.163338],[-94.697582,39.164724],[-94.697532,39.164861],[-94.702751,39.165831],[-94.706216,39.166226],[-94.721195,39.166724],[-94.731059,39.167091],[-94.731451,39.167109],[-94.742917,39.167718],[-94.74266,39.168926],[-94.741858,39.170318],[-94.751647,39.173004],[-94.752803,39.173493],[-94.762858,39.179991],[-94.76709,39.184842],[-94.77025,39.189827],[-94.771115,39.191468],[-94.771813,39.191349],[-94.774735,39.190773],[-94.785225,39.188666],[-94.788868,39.18721],[-94.794046,39.183236],[-94.794186,39.183117],[-94.798745,39.17946],[-94.79905,39.17969],[-94.803285,39.176856],[-94.803264,39.177839],[-94.805369,39.176125],[-94.808267,39.174161],[-94.810072,39.17353],[-94.81111,39.172192],[-94.826718,39.172263],[-94.842001,39.172195],[-94.845276,39.172208],[-94.861262,39.172206],[-94.864055,39.172205],[-94.867863,39.172209],[-94.869005,39.172197],[-94.886775,39.172257],[-94.900382,39.172406],[-94.90068,39.172374],[-94.900723,39.16693],[-94.900827,39.157827],[-94.900983,39.146426],[-94.900862,39.14315],[-94.900895,39.141389],[-94.900948,39.14002],[-94.901224,39.132842],[-94.901394,39.128686],[-94.901014,39.128676],[-94.890863,39.128656],[-94.888574,39.128663],[-94.882725,39.128649],[-94.872374,39.128641],[-94.864084,39.128654],[-94.854773,39.128623],[-94.85372,39.128632],[-94.845484,39.128627],[-94.842462,39.128624],[-94.835138,39.128621],[-94.830101,39.128612],[-94.821213,39.128616],[-94.817271,39.128611],[-94.816775,39.128614],[-94.816311,39.128619],[-94.811234,39.128608],[-94.808225,39.128588],[-94.798803,39.128604],[-94.797719,39.128597]]]]}},{"type":"Feature","properties":{"id":37,"NAME":"37","text-color":"#000000","text-size":16,"labelx":-94.707964,"labely":39.088074,"TotalPop":23201,"PopDevPct":-0.0128511,"DemPct":0.60332951,"RepPct":0.34371412,"WhitePct":0.4814206,"MinorityPct":0.5185794,"BlackPct":0.18855298,"HispanicPct":0.26727326,"PacificPct":0.00316994,"AsianPct":0.03340182,"NativePct":0.03803933,"TotalVAP":17035,"Margin":0.10332951,"color":"#0000f8","opacity":"0.5"},"geometry":{"type":"MultiPolygon","coordinates":[[[[-94.607223,39.089709],[-94.607136,39.098482],[-94.609859,39.098615],[-94.610488,39.097139],[-94.611667,39.098852],[-94.612173,39.098851],[-94.611826,39.098295],[-94.611704,39.098064],[-94.612567,39.097712],[-94.612873,39.097588],[-94.613394,39.097376],[-94.619312,39.094969],[-94.625941,39.092208],[-94.625951,39.092597],[-94.625962,39.092796],[-94.626024,39.093386],[-94.62607,39.093815],[-94.626073,39.093848],[-94.627872,39.09272],[-94.6307,39.091867],[-94.631159,39.091827],[-94.632568,39.091967],[-94.633468,39.092051],[-94.635335,39.092204],[-94.638264,39.092478],[-94.642852,39.093413],[-94.646726,39.095376],[-94.649408,39.096305],[-94.653163,39.096877],[-94.657679,39.097063],[-94.659514,39.097345],[-94.665355,39.098742],[-94.667441,39.099396],[-94.671675,39.101471],[-94.675005,39.10337],[-94.677765,39.105216],[-94.678001,39.10639],[-94.679128,39.107858],[-94.681089,39.109469],[-94.682225,39.111058],[-94.682352,39.112488],[-94.681644,39.116673],[-94.68184,39.116673],[-94.686536,39.116609],[-94.688947,39.116629],[-94.689883,39.116606],[-94.691235,39.116602],[-94.692851,39.116592],[-94.694707,39.1166],[-94.705135,39.116647],[-94.705793,39.116647],[-94.709819,39.116644],[-94.714493,39.116666],[-94.716931,39.116679],[-94.718381,39.11668],[-94.720572,39.116688],[-94.720869,39.116686],[-94.722627,39.116688],[-94.724484,39.116751],[-94.726577,39.116752],[-94.728226,39.116753],[-94.728402,39.116754],[-94.737946,39.116787],[-94.742875,39.11672],[-94.743065,39.116721],[-94.746969,39.116662],[-94.746967,39.116608],[-94.746964,39.116506],[-94.74696,39.116389],[-94.747572,39.116372],[-94.747892,39.116367],[-94.748292,39.116361],[-94.748411,39.116373],[-94.748487,39.116407],[-94.748519,39.116468],[-94.748511,39.116636],[-94.750384,39.116592],[-94.751244,39.116567],[-94.751821,39.116552],[-94.754334,39.116512],[-94.760513,39.116388],[-94.760421,39.117433],[-94.760426,39.118695],[-94.760597,39.118737],[-94.760591,39.120506],[-94.760588,39.121832],[-94.762467,39.122571],[-94.763608,39.122532],[-94.763677,39.121813],[-94.763887,39.121095],[-94.76793,39.120558],[-94.769857,39.12061],[-94.769833,39.122096],[-94.769852,39.122983],[-94.769834,39.124622],[-94.769825,39.125492],[-94.769831,39.126466],[-94.769838,39.127418],[-94.769858,39.128602],[-94.770923,39.128614],[-94.771982,39.128632],[-94.773208,39.128642],[-94.775721,39.128643],[-94.779178,39.128595],[-94.779766,39.128595],[-94.780803,39.128583],[-94.783505,39.128593],[-94.78847,39.128581],[-94.789669,39.128587],[-94.797719,39.128597],[-94.797741,39.116388],[-94.797689,39.116005],[-94.797724,39.109106],[-94.797718,39.105732],[-94.797718,39.105586],[-94.797716,39.104954],[-94.797711,39.101838],[-94.797718,39.100576],[-94.797726,39.100361],[-94.797722,39.099498],[-94.79772,39.099342],[-94.79771,39.098159],[-94.797689,39.094675],[-94.79767,39.0923],[-94.797668,39.091542],[-94.797716,39.091196],[-94.797639,39.087348],[-94.78603,39.087313],[-94.784091,39.087557],[-94.781743,39.087278],[-94.779007,39.087252],[-94.774361,39.087293],[-94.769739,39.087333],[-94.767401,39.087347],[-94.765103,39.087345],[-94.760447,39.087376],[-94.757334,39.087436],[-94.755782,39.087459],[-94.751111,39.087525],[-94.749408,39.087548],[-94.747935,39.087563],[-94.74566,39.087549],[-94.744409,39.087501],[-94.736912,39.087457],[-94.736529,39.08721],[-94.736964,39.087038],[-94.742766,39.083555],[-94.745437,39.082048],[-94.745849,39.081688],[-94.745613,39.080784],[-94.745139,39.079818],[-94.745146,39.078019],[-94.751128,39.076433],[-94.754742,39.074496],[-94.759897,39.070406],[-94.760806,39.069175],[-94.759759,39.068281],[-94.759257,39.067689],[-94.758119,39.066161],[-94.757008,39.065678],[-94.751993,39.06568],[-94.745683,39.065728],[-94.745012,39.065732],[-94.744554,39.065735],[-94.740234,39.06578],[-94.740292,39.063896],[-94.738248,39.06341],[-94.736097,39.063965],[-94.733394,39.065631],[-94.729937,39.065813],[-94.72971,39.062271],[-94.729004,39.060387],[-94.72842,39.058729],[-94.729244,39.054947],[-94.728563,39.05495],[-94.723902,39.05494],[-94.714495,39.054911],[-94.705165,39.054907],[-94.700487,39.054938],[-94.700551,39.052541],[-94.700533,39.051874],[-94.697538,39.051786],[-94.696748,39.05136],[-94.696362,39.052959],[-94.69532,39.052961],[-94.695321,39.05376],[-94.695326,39.054557],[-94.693699,39.054558],[-94.692701,39.054559],[-94.691679,39.054558],[-94.690636,39.054559],[-94.689579,39.054562],[-94.686513,39.054472],[-94.686513,39.053618],[-94.686514,39.052785],[-94.686505,39.051752],[-94.686422,39.050956],[-94.686423,39.050338],[-94.686424,39.050159],[-94.686381,39.049787],[-94.68576,39.050138],[-94.683866,39.051207],[-94.682941,39.05171],[-94.682597,39.051889],[-94.681232,39.052497],[-94.680422,39.05278],[-94.679368,39.053136],[-94.679477,39.058645],[-94.679189,39.058646],[-94.679085,39.062411],[-94.679309,39.065914],[-94.680133,39.071335],[-94.68022,39.073195],[-94.680316,39.075461],[-94.680353,39.079186],[-94.680368,39.08067],[-94.677173,39.080674],[-94.675458,39.08051],[-94.668122,39.07868],[-94.662022,39.076984],[-94.650398,39.074163],[-94.650631,39.072885],[-94.650482,39.072881],[-94.649105,39.072861],[-94.648049,39.072852],[-94.646995,39.072841],[-94.645945,39.072792],[-94.644396,39.072446],[-94.64196,39.072156],[-94.640154,39.072192],[-94.635008,39.072332],[-94.633862,39.072366],[-94.632211,39.072518],[-94.624624,39.074066],[-94.624157,39.074163],[-94.624177,39.074208],[-94.621684,39.075039],[-94.616387,39.07762],[-94.609971,39.08133],[-94.60733,39.08169],[-94.607222,39.08247],[-94.607232,39.083721],[-94.607223,39.089709]]]]}},{"type":"Feature","properties":{"id":38,"NAME":"38","text-color":"#000000","text-size":16,"labelx":-94.967889,"labely":39.050175,"TotalPop":23097,"PopDevPct":-0.01727606,"DemPct":0.36318102,"RepPct":0.59288225,"WhitePct":0.86011288,"MinorityPct":0.13988712,"BlackPct":0.04100438,"HispanicPct":0.04739691,"PacificPct":0.00207326,"AsianPct":0.0186593,"NativePct":0.02770099,"TotalVAP":17364,"Margin":-0.13681898,"color":"#f80d00","opacity":"0.5"},"geometry":{"type":"MultiPolygon","coordinates":[[[[-94.908717,39.093285],[-94.908619,39.10058],[-94.908592,39.107167],[-94.908483,39.114694],[-94.908469,39.115707],[-94.908465,39.116001],[-94.908463,39.116136],[-94.908407,39.120826],[-94.908389,39.122318],[-94.908275,39.128654],[-94.901394,39.128686],[-94.901224,39.132842],[-94.900948,39.14002],[-94.900895,39.141389],[-94.900862,39.14315],[-94.900983,39.146426],[-94.900827,39.157827],[-94.900723,39.16693],[-94.90068,39.172374],[-94.900382,39.172406],[-94.886775,39.172257],[-94.869005,39.172197],[-94.867863,39.172209],[-94.864055,39.172205],[-94.861262,39.172206],[-94.845276,39.172208],[-94.842001,39.172195],[-94.826718,39.172263],[-94.81111,39.172192],[-94.810072,39.17353],[-94.808267,39.174161],[-94.805369,39.176125],[-94.803264,39.177839],[-94.803285,39.176856],[-94.79905,39.17969],[-94.798745,39.17946],[-94.794186,39.183117],[-94.794046,39.183236],[-94.788868,39.18721],[-94.785225,39.188666],[-94.774735,39.190773],[-94.771813,39.191349],[-94.771115,39.191468],[-94.771196,39.19162],[-94.773544,39.197192],[-94.775532,39.200606],[-94.777561,39.201005],[-94.777982,39.201011],[-94.789073,39.201236],[-94.81341,39.201438],[-94.818689,39.201623],[-94.821732,39.201674],[-94.823927,39.201706],[-94.826402,39.201719],[-94.827673,39.20171],[-94.833492,39.201826],[-94.846969,39.202053],[-94.850316,39.20215],[-94.863099,39.202263],[-94.881794,39.202621],[-94.900191,39.202911],[-94.900154,39.203007],[-94.900465,39.203023],[-94.900454,39.201988],[-94.900478,39.201501],[-94.908017,39.201282],[-94.919058,39.201373],[-94.928393,39.20132],[-94.92975,39.201306],[-94.932393,39.201297],[-94.937732,39.201274],[-94.947152,39.201226],[-94.956499,39.201177],[-94.967508,39.201127],[-94.973132,39.201117],[-94.973671,39.202436],[-94.972678,39.20351],[-94.974305,39.204316],[-94.974673,39.208811],[-94.974318,39.211451],[-94.97341,39.212376],[-94.974985,39.212845],[-94.974443,39.213414],[-94.975084,39.214628],[-94.976466,39.215862],[-94.975289,39.215865],[-94.975054,39.230436],[-94.974992,39.23764],[-94.974967,39.239257],[-94.974902,39.244878],[-94.97488,39.252165],[-94.97426,39.254401],[-94.972583,39.257486],[-94.970118,39.265222],[-94.968844,39.266888],[-94.96168,39.272015],[-94.958596,39.274051],[-94.956363,39.275784],[-94.954767,39.277244],[-94.953932,39.278006],[-94.95028,39.281319],[-94.948253,39.282621],[-94.945691,39.284219],[-94.941681,39.287075],[-94.939799,39.288535],[-94.938362,39.288581],[-94.937205,39.288553],[-94.931727,39.288546],[-94.929902,39.28855],[-94.929143,39.288551],[-94.927808,39.288554],[-94.927793,39.289595],[-94.927777,39.290636],[-94.927778,39.29217],[-94.927771,39.29311],[-94.927733,39.294897],[-94.927715,39.295781],[-94.926123,39.295793],[-94.924606,39.295805],[-94.923115,39.295816],[-94.92242,39.295821],[-94.921016,39.295826],[-94.920999,39.296623],[-94.920961,39.298369],[-94.920917,39.300105],[-94.920899,39.300776],[-94.920868,39.301989],[-94.920838,39.303136],[-94.922151,39.303123],[-94.923546,39.303116],[-94.924831,39.303117],[-94.926233,39.303302],[-94.926118,39.304923],[-94.927551,39.304913],[-94.927573,39.303125],[-94.928707,39.30311],[-94.928965,39.303107],[-94.929887,39.303094],[-94.931003,39.303088],[-94.932812,39.303078],[-94.935168,39.303065],[-94.935369,39.303063],[-94.936373,39.303062],[-94.937304,39.303053],[-94.93917,39.303047],[-94.940364,39.303042],[-94.944891,39.302691],[-94.946378,39.301252],[-94.95256,39.301133],[-94.955633,39.301326],[-94.955586,39.302896],[-94.964861,39.302898],[-94.965018,39.301453],[-94.966053,39.300601],[-94.969209,39.300413],[-94.970644,39.299516],[-94.972486,39.295694],[-94.973502,39.294312],[-94.978657,39.292603],[-94.983815,39.292909],[-94.989669,39.293577],[-94.991276,39.293978],[-94.994081,39.295397],[-95.002421,39.295497],[-95.002506,39.295497],[-95.011863,39.295552],[-95.03052,39.295622],[-95.049346,39.29574],[-95.049375,39.295737],[-95.053884,39.29571],[-95.058694,39.295687],[-95.05883,39.289592],[-95.058796,39.276525],[-95.059074,39.266733],[-95.05903,39.259156],[-95.058957,39.252074],[-95.058891,39.2448],[-95.058878,39.244011],[-95.058894,39.23754],[-95.068151,39.237485],[-95.068326,39.226185],[-95.067561,39.225644],[-95.065685,39.223909],[-95.063817,39.223656],[-95.064794,39.22208],[-95.065813,39.221616],[-95.066209,39.220593],[-95.065193,39.220219],[-95.061063,39.220377],[-95.059489,39.221003],[-95.059202,39.220012],[-95.060169,39.219382],[-95.059703,39.215723],[-95.060479,39.213099],[-95.059486,39.212902],[-95.058604,39.213635],[-95.057021,39.21365],[-95.056301,39.212344],[-95.054384,39.21222],[-95.051642,39.213718],[-95.05091,39.213605],[-95.048525,39.210977],[-95.048639,39.209352],[-95.049677,39.207956],[-95.048832,39.207542],[-95.047028,39.208091],[-95.046935,39.206568],[-95.048058,39.205858],[-95.048047,39.203824],[-95.049398,39.204541],[-95.050512,39.20448],[-95.050179,39.20182],[-95.049351,39.201233],[-95.050882,39.201235],[-95.046686,39.200373],[-95.043165,39.200533],[-95.043493,39.199677],[-95.042206,39.198207],[-95.042406,39.197649],[-95.044735,39.197528],[-95.045284,39.196732],[-95.043263,39.195858],[-95.044729,39.195324],[-95.04475,39.194535],[-95.046915,39.192607],[-95.048014,39.192426],[-95.048121,39.191533],[-95.049267,39.189688],[-95.049735,39.187821],[-95.048372,39.185524],[-95.042855,39.184255],[-95.04108,39.182622],[-95.041338,39.181561],[-95.044172,39.181462],[-95.046165,39.180286],[-95.047576,39.179949],[-95.047514,39.17891],[-95.045075,39.17747],[-95.044957,39.176378],[-95.046306,39.176571],[-95.047091,39.176043],[-95.047639,39.170306],[-95.047437,39.168803],[-95.049183,39.168307],[-95.049153,39.167645],[-95.047294,39.166515],[-95.048151,39.164964],[-95.047764,39.163501],[-95.045978,39.163171],[-95.045403,39.164047],[-95.044076,39.163165],[-95.044219,39.161637],[-95.043515,39.158702],[-95.040404,39.158108],[-95.042566,39.156179],[-95.04256,39.154991],[-95.041251,39.154091],[-95.040134,39.154241],[-95.038386,39.155506],[-95.037399,39.155677],[-95.035363,39.154821],[-95.033775,39.153062],[-95.03511,39.150433],[-95.033344,39.150222],[-95.031459,39.148621],[-95.031511,39.143324],[-95.026871,39.143156],[-95.022154,39.143151],[-95.021619,39.140413],[-95.020639,39.13909],[-95.018634,39.138609],[-95.015601,39.13893],[-95.014574,39.137124],[-95.015029,39.136149],[-95.018146,39.135061],[-95.020258,39.132776],[-95.019998,39.13199],[-95.017831,39.132656],[-95.016912,39.133401],[-95.014706,39.133614],[-95.013361,39.133057],[-95.01071,39.131219],[-95.009938,39.130265],[-95.011125,39.128651],[-95.01345,39.12838],[-95.015538,39.129265],[-95.017508,39.129049],[-95.018284,39.128408],[-95.019667,39.126153],[-95.019016,39.125005],[-95.015985,39.124625],[-95.012844,39.124713],[-95.010972,39.121748],[-95.011117,39.116498],[-95.01111,39.116339],[-95.011078,39.111292],[-95.01262,39.110284],[-95.015982,39.109949],[-95.016877,39.109157],[-95.016608,39.107734],[-95.017383,39.106543],[-95.018874,39.106326],[-95.019505,39.105419],[-95.018399,39.103555],[-95.019025,39.101686],[-95.020758,39.099869],[-95.022916,39.100455],[-95.024709,39.099994],[-95.02552,39.098174],[-95.024492,39.096557],[-95.023526,39.094036],[-95.024757,39.092241],[-95.026147,39.091198],[-95.026585,39.08996],[-95.021561,39.088041],[-95.019936,39.086544],[-95.020347,39.085767],[-95.022521,39.084795],[-95.025613,39.082128],[-95.027676,39.081543],[-95.028092,39.081379],[-95.028767,39.080774],[-95.02897,39.08027],[-95.028831,39.079578],[-95.028399,39.078893],[-95.027855,39.078674],[-95.026268,39.077776],[-95.026746,39.07628],[-95.028123,39.076438],[-95.030246,39.078609],[-95.03341,39.079159],[-95.03398,39.07859],[-95.032775,39.076255],[-95.032384,39.075799],[-95.028129,39.074027],[-95.025112,39.071445],[-95.02449,39.07095],[-95.024198,39.068077],[-95.030682,39.06747],[-95.033894,39.066733],[-95.04182,39.064041],[-95.046921,39.061752],[-95.053673,39.058463],[-95.05424,39.058417],[-95.056302,39.058307],[-95.056303,39.057188],[-95.056302,39.057064],[-95.056283,39.051038],[-95.056286,39.043788],[-95.056291,39.030057],[-95.05711,39.028329],[-95.057201,39.024706],[-95.056318,39.022728],[-95.056309,39.021984],[-95.05633,39.014745],[-95.056369,39.009348],[-95.056349,39.001076],[-95.056356,39.000217],[-95.056376,38.99132],[-95.075024,38.986951],[-95.075013,38.986674],[-95.074967,38.98551],[-95.07122,38.986501],[-95.068725,38.98712],[-95.066631,38.987052],[-95.065093,38.986776],[-95.06071,38.985625],[-95.058718,38.98409],[-95.056258,38.98212],[-95.049859,38.978034],[-95.044254,38.975281],[-95.043907,38.975126],[-95.042091,38.974581],[-95.040672,38.974156],[-95.038373,38.974204],[-95.033275,38.975505],[-95.030549,38.97695],[-95.027847,38.978865],[-95.025293,38.982311],[-95.024509,38.984111],[-95.024175,38.987236],[-95.023638,38.988238],[-95.026045,38.992337],[-95.026067,38.993094],[-95.024636,38.995846],[-95.021817,38.999624],[-95.021132,39.000003],[-95.017508,39.000311],[-95.014057,39.000858],[-95.011429,39.000806],[-95.003617,38.99893],[-94.995798,38.995716],[-94.993559,38.995044],[-94.987656,38.994085],[-94.980362,38.992407],[-94.978879,38.99124],[-94.977595,38.990871],[-94.974716,38.987874],[-94.971604,38.98519],[-94.964883,38.982141],[-94.96233,38.981916],[-94.956545,38.981972],[-94.955086,38.982378],[-94.951132,38.983599],[-94.948275,38.984214],[-94.944388,38.98639],[-94.94055,38.989982],[-94.938925,38.994662],[-94.935174,38.997474],[-94.931571,39.00146],[-94.929936,39.001959],[-94.927474,39.002039],[-94.925208,39.002649],[-94.923349,39.002633],[-94.919896,39.001539],[-94.918313,39.000409],[-94.917043,38.998852],[-94.916243,38.9969],[-94.916291,38.995156],[-94.917747,38.99282],[-94.918912,38.991863],[-94.920863,38.98872],[-94.921748,38.985786],[-94.92086,38.984318],[-94.919118,38.983546],[-94.913796,38.986484],[-94.912308,38.987732],[-94.908765,38.991401],[-94.908736,38.993662],[-94.908749,39.013737],[-94.90875,39.014715],[-94.908782,39.021591],[-94.908794,39.024147],[-94.908824,39.029981],[-94.908862,39.036103],[-94.90884,39.040964],[-94.908828,39.043417],[-94.908826,39.043677],[-94.908792,39.05069],[-94.908797,39.057934],[-94.908723,39.063498],[-94.908751,39.072313],[-94.908751,39.086899],[-94.908741,39.090248],[-94.908739,39.090385],[-94.908743,39.090815],[-94.908717,39.093285]]]]}},{"type":"Feature","properties":{"id":39,"NAME":"39","text-color":"#000000","text-size":16,"labelx":-94.863811,"labely":39.038281,"TotalPop":22663,"PopDevPct":-0.03574176,"DemPct":0.44303247,"RepPct":0.51005309,"WhitePct":0.80934787,"MinorityPct":0.19065213,"BlackPct":0.06404335,"HispanicPct":0.05265103,"PacificPct":0.0018474,"AsianPct":0.04895622,"NativePct":0.01982881,"TotalVAP":16239,"Margin":-0.05696753,"color":"#9191ff","opacity":"0.5"},"geometry":{"type":"MultiPolygon","coordinates":[[[[-94.745749,39.029334],[-94.74605,39.031227],[-94.74926,39.032723],[-94.749649,39.034587],[-94.750773,39.036827],[-94.751726,39.038573],[-94.75212,39.039275],[-94.753013,39.040894],[-94.753615,39.041296],[-94.755566,39.041584],[-94.757068,39.043716],[-94.758749,39.043693],[-94.76099,39.043662],[-94.769493,39.043685],[-94.776469,39.043746],[-94.777227,39.043725],[-94.779282,39.043723],[-94.77971,39.043721],[-94.789177,39.043612],[-94.789611,39.043599],[-94.791527,39.043575],[-94.792413,39.043564],[-94.792824,39.043559],[-94.800928,39.043514],[-94.803326,39.04352],[-94.80702,39.045191],[-94.81607,39.048541],[-94.820485,39.050228],[-94.821708,39.051037],[-94.82934,39.055436],[-94.834141,39.057812],[-94.839282,39.059946],[-94.842483,39.060918],[-94.845257,39.061342],[-94.848718,39.061323],[-94.84907,39.061313],[-94.854407,39.061353],[-94.863276,39.060834],[-94.867749,39.060193],[-94.871519,39.059378],[-94.871722,39.059321],[-94.876425,39.057139],[-94.879144,39.054921],[-94.883566,39.050689],[-94.884352,39.048229],[-94.884604,39.046478],[-94.88604,39.041518],[-94.887189,39.038449],[-94.888408,39.036163],[-94.889632,39.034178],[-94.891141,39.030679],[-94.891108,39.02685],[-94.890135,39.023155],[-94.888404,39.020243],[-94.888431,39.016142],[-94.889549,39.014262],[-94.89229,39.010802],[-94.894798,39.007267],[-94.897639,39.0042],[-94.902347,38.998773],[-94.903514,38.997634],[-94.908765,38.991401],[-94.908789,38.98997],[-94.908885,38.9892],[-94.904611,38.99344],[-94.898241,39.000877],[-94.895702,39.003627],[-94.891199,39.008248],[-94.887174,39.014544],[-94.884949,39.014511],[-94.882771,39.013936],[-94.881742,39.013132],[-94.881464,39.011969],[-94.880119,39.014419],[-94.878174,39.014537],[-94.872356,39.014509],[-94.872347,39.013713],[-94.872882,39.011377],[-94.872342,39.010613],[-94.87228,39.005301],[-94.87156,39.005322],[-94.86999,39.005866],[-94.868562,39.006661],[-94.866079,39.00669],[-94.866214,39.007252],[-94.864921,39.007247],[-94.862934,39.007237],[-94.858942,39.007213],[-94.857644,39.007171],[-94.854169,39.007144],[-94.853831,39.007145],[-94.853853,39.007442],[-94.853769,39.015832],[-94.85324,39.015913],[-94.853091,39.0167],[-94.851699,39.017794],[-94.848813,39.019734],[-94.848766,39.020429],[-94.84929,39.021425],[-94.845837,39.021721],[-94.844768,39.022183],[-94.844445,39.022637],[-94.843634,39.023974],[-94.843057,39.024639],[-94.841817,39.024916],[-94.841173,39.024736],[-94.840211,39.024347],[-94.839443,39.024331],[-94.839444,39.02577],[-94.839445,39.028995],[-94.835404,39.029004],[-94.834747,39.029007],[-94.831524,39.029003],[-94.82904,39.02901],[-94.825365,39.029055],[-94.822784,39.029075],[-94.819042,39.029478],[-94.821863,39.022628],[-94.8221,39.021694],[-94.822234,39.019451],[-94.82109,39.014472],[-94.820495,39.011791],[-94.820943,39.009391],[-94.821032,39.009163],[-94.817154,39.009119],[-94.816109,39.009107],[-94.816005,39.009106],[-94.811276,39.009068],[-94.807889,39.009037],[-94.804406,39.009479],[-94.801017,39.010173],[-94.797334,39.010406],[-94.792556,39.010461],[-94.785296,39.010522],[-94.784832,39.010526],[-94.779859,39.010008],[-94.770345,39.008343],[-94.768013,39.008125],[-94.764385,39.008197],[-94.761181,39.008636],[-94.757082,39.009178],[-94.754481,39.009761],[-94.742428,39.013834],[-94.742439,39.014055],[-94.742447,39.014865],[-94.742443,39.015361],[-94.74244,39.016584],[-94.742453,39.017034],[-94.742469,39.01839],[-94.742478,39.019698],[-94.742484,39.020639],[-94.74251,39.022023],[-94.742522,39.022731],[-94.742527,39.023497],[-94.743887,39.024735],[-94.744225,39.025885],[-94.744252,39.026301],[-94.744539,39.027784],[-94.74559,39.028802],[-94.745749,39.029334]]]]}},{"type":"Feature","properties":{"id":40,"NAME":"40","text-color":"#000000","text-size":16,"labelx":-94.909607,"labely":39.247237,"TotalPop":23973,"PopDevPct":0.01999571,"DemPct":0.41719782,"RepPct":0.52671225,"WhitePct":0.72617003,"MinorityPct":0.27382997,"BlackPct":0.15237226,"HispanicPct":0.0633319,"PacificPct":0.00450837,"AsianPct":0.02699657,"NativePct":0.03322241,"TotalVAP":18632,"Margin":-0.08280218,"color":"#ff6259","opacity":"0.5"},"geometry":{"type":"MultiPolygon","coordinates":[[[[-94.900154,39.203007],[-94.900191,39.202911],[-94.881794,39.202621],[-94.863099,39.202263],[-94.850316,39.20215],[-94.846969,39.202053],[-94.833492,39.201826],[-94.827673,39.20171],[-94.826402,39.201719],[-94.823927,39.201706],[-94.821732,39.201674],[-94.818689,39.201623],[-94.81341,39.201438],[-94.789073,39.201236],[-94.777982,39.201011],[-94.777561,39.201005],[-94.775532,39.200606],[-94.777838,39.203522],[-94.782951,39.207162],[-94.785966,39.207819],[-94.789102,39.207805],[-94.797349,39.206506],[-94.802599,39.206147],[-94.80848,39.206478],[-94.81424,39.207414],[-94.818932,39.208513],[-94.821935,39.209669],[-94.82459,39.211224],[-94.831679,39.215938],[-94.833192,39.217532],[-94.83479,39.221035],[-94.834896,39.223842],[-94.833196,39.226677],[-94.830383,39.229842],[-94.828511,39.232673],[-94.827055,39.235489],[-94.825807,39.239473],[-94.825663,39.241729],[-94.826175,39.244849],[-94.827479,39.249896],[-94.829044,39.252974],[-94.832002,39.256978],[-94.834593,39.259574],[-94.837855,39.262417],[-94.842893,39.266313],[-94.84632,39.268481],[-94.850557,39.270631],[-94.857718,39.274106],[-94.868368,39.278214],[-94.873488,39.279664],[-94.880399,39.282207],[-94.884093,39.284512],[-94.889103,39.288803],[-94.8949,39.294379],[-94.898516,39.29845],[-94.900474,39.301552],[-94.901617,39.301415],[-94.901919,39.302106],[-94.90439,39.307787],[-94.906416,39.31167],[-94.907003,39.311606],[-94.907795,39.311504],[-94.90913,39.311317],[-94.910675,39.311102],[-94.912213,39.310895],[-94.913748,39.310678],[-94.913562,39.309638],[-94.913565,39.309364],[-94.91357,39.30928],[-94.913622,39.308022],[-94.913629,39.307655],[-94.913643,39.306925],[-94.913654,39.306394],[-94.913656,39.305854],[-94.913656,39.305401],[-94.913655,39.304733],[-94.913654,39.304455],[-94.913673,39.303167],[-94.914957,39.303171],[-94.916265,39.30318],[-94.91758,39.303169],[-94.919564,39.303149],[-94.920838,39.303136],[-94.920868,39.301989],[-94.920899,39.300776],[-94.920917,39.300105],[-94.920961,39.298369],[-94.920999,39.296623],[-94.921016,39.295826],[-94.92242,39.295821],[-94.923115,39.295816],[-94.924606,39.295805],[-94.926123,39.295793],[-94.927715,39.295781],[-94.927733,39.294897],[-94.927771,39.29311],[-94.927778,39.29217],[-94.927777,39.290636],[-94.927793,39.289595],[-94.927808,39.288554],[-94.929143,39.288551],[-94.929902,39.28855],[-94.931727,39.288546],[-94.937205,39.288553],[-94.938362,39.288581],[-94.939799,39.288535],[-94.941681,39.287075],[-94.945691,39.284219],[-94.948253,39.282621],[-94.95028,39.281319],[-94.953932,39.278006],[-94.954767,39.277244],[-94.956363,39.275784],[-94.958596,39.274051],[-94.96168,39.272015],[-94.968844,39.266888],[-94.970118,39.265222],[-94.972583,39.257486],[-94.97426,39.254401],[-94.97488,39.252165],[-94.974902,39.244878],[-94.974967,39.239257],[-94.974992,39.23764],[-94.975054,39.230436],[-94.975289,39.215865],[-94.976466,39.215862],[-94.975084,39.214628],[-94.974443,39.213414],[-94.974985,39.212845],[-94.97341,39.212376],[-94.974318,39.211451],[-94.974673,39.208811],[-94.974305,39.204316],[-94.972678,39.20351],[-94.973671,39.202436],[-94.973132,39.201117],[-94.967508,39.201127],[-94.956499,39.201177],[-94.947152,39.201226],[-94.937732,39.201274],[-94.932393,39.201297],[-94.92975,39.201306],[-94.928393,39.20132],[-94.919058,39.201373],[-94.908017,39.201282],[-94.900478,39.201501],[-94.900454,39.201988],[-94.900465,39.203023],[-94.900154,39.203007]]]]}},{"type":"Feature","properties":{"id":41,"NAME":"41","text-color":"#000000","text-size":16,"labelx":-94.991777,"labely":39.356007,"TotalPop":23430,"PopDevPct":-0.00310768,"DemPct":0.41060182,"RepPct":0.53341498,"WhitePct":0.70404611,"MinorityPct":0.29595389,"BlackPct":0.1489471,"HispanicPct":0.07881071,"PacificPct":0.0049649,"AsianPct":0.02311248,"NativePct":0.04068938,"TotalVAP":17523,"Margin":-0.08939818,"color":"#babaff","opacity":"0.5"},"geometry":{"type":"MultiPolygon","coordinates":[[[[-95.066721,39.41898],[-95.066529,39.417432],[-95.066575,39.411717],[-95.066676,39.407088],[-95.065754,39.404012],[-95.063545,39.40158],[-95.059717,39.398907],[-95.058157,39.396904],[-95.057378,39.394235],[-95.057391,39.390769],[-95.057864,39.385739],[-95.057657,39.382768],[-95.057318,39.379891],[-95.056392,39.377277],[-95.051792,39.370545],[-95.04993,39.368689],[-95.052024,39.36812],[-95.05583,39.368129],[-95.057318,39.36766],[-95.057973,39.366578],[-95.057982,39.363299],[-95.057991,39.36233],[-95.058,39.361371],[-95.058004,39.36092],[-95.058108,39.346396],[-95.058231,39.331862],[-95.058353,39.324639],[-95.058464,39.317088],[-95.05851,39.310039],[-95.058694,39.295687],[-95.053884,39.29571],[-95.049375,39.295737],[-95.049346,39.29574],[-95.03052,39.295622],[-95.011863,39.295552],[-95.002506,39.295497],[-95.002421,39.295497],[-94.994081,39.295397],[-94.991276,39.293978],[-94.989669,39.293577],[-94.983815,39.292909],[-94.978657,39.292603],[-94.973502,39.294312],[-94.972486,39.295694],[-94.970644,39.299516],[-94.969209,39.300413],[-94.966053,39.300601],[-94.965018,39.301453],[-94.964861,39.302898],[-94.955586,39.302896],[-94.955633,39.301326],[-94.95256,39.301133],[-94.946378,39.301252],[-94.944891,39.302691],[-94.940364,39.303042],[-94.93917,39.303047],[-94.937304,39.303053],[-94.936373,39.303062],[-94.935369,39.303063],[-94.935168,39.303065],[-94.932812,39.303078],[-94.931003,39.303088],[-94.929887,39.303094],[-94.928965,39.303107],[-94.928707,39.30311],[-94.927573,39.303125],[-94.927551,39.304913],[-94.926118,39.304923],[-94.926233,39.303302],[-94.924831,39.303117],[-94.923546,39.303116],[-94.922151,39.303123],[-94.920838,39.303136],[-94.919564,39.303149],[-94.91758,39.303169],[-94.916265,39.30318],[-94.914957,39.303171],[-94.913673,39.303167],[-94.913654,39.304455],[-94.913655,39.304733],[-94.913656,39.305401],[-94.913656,39.305854],[-94.913654,39.306394],[-94.913643,39.306925],[-94.913629,39.307655],[-94.913622,39.308022],[-94.91357,39.30928],[-94.913565,39.309364],[-94.913562,39.309638],[-94.913748,39.310678],[-94.912213,39.310895],[-94.910675,39.311102],[-94.90913,39.311317],[-94.907795,39.311504],[-94.907003,39.311606],[-94.906416,39.31167],[-94.90439,39.307787],[-94.901919,39.302106],[-94.901617,39.301415],[-94.900474,39.301552],[-94.903976,39.308586],[-94.906126,39.314721],[-94.906762,39.317365],[-94.907904,39.323451],[-94.90851,39.329755],[-94.908657,39.333567],[-94.909121,39.338527],[-94.909557,39.340326],[-94.910353,39.344735],[-94.910641,39.348335],[-94.910255,39.351564],[-94.909298,39.354204],[-94.908289,39.355639],[-94.905706,39.357987],[-94.902497,39.360383],[-94.900656,39.361359],[-94.890893,39.363931],[-94.884922,39.366511],[-94.883313,39.367927],[-94.88136,39.370383],[-94.879088,39.375703],[-94.879281,39.37978],[-94.880979,39.383899],[-94.882,39.385656],[-94.885026,39.389801],[-94.886796,39.391326],[-94.888972,39.392432],[-94.892851,39.393464],[-94.897873,39.393622],[-94.901823,39.392798],[-94.906102,39.390976],[-94.915859,39.386348],[-94.919225,39.385174],[-94.922994,39.384883],[-94.930574,39.38506],[-94.933652,39.385546],[-94.937158,39.386531],[-94.9382,39.387113],[-94.942039,39.389499],[-94.944068,39.391594],[-94.945577,39.393851],[-94.946227,39.395648],[-94.946721,39.400926],[-94.946185,39.40356],[-94.946293,39.405646],[-94.947864,39.408604],[-94.951209,39.411707],[-94.954817,39.413844],[-94.959455,39.415413],[-94.964489,39.416718],[-94.968973,39.418879],[-94.971519,39.418813],[-94.988529,39.418824],[-94.98941,39.418841],[-94.997852,39.418858],[-95.001555,39.418866],[-95.012417,39.418888],[-95.018169,39.418893],[-95.022454,39.418907],[-95.040056,39.418942],[-95.047721,39.418954],[-95.057225,39.418967],[-95.066441,39.41898],[-95.066721,39.41898]]]]}},{"type":"Feature","properties":{"id":42,"NAME":"42","text-color":"#000000","text-size":16,"labelx":-95.15003,"labely":39.141505,"TotalPop":23075,"PopDevPct":-0.01821211,"DemPct":0.38977917,"RepPct":0.55628298,"WhitePct":0.87858094,"MinorityPct":0.12141906,"BlackPct":0.02222351,"HispanicPct":0.03883327,"PacificPct":0.00196771,"AsianPct":0.01134325,"NativePct":0.0416112,"TotalVAP":17279,"Margin":-0.11022083,"color":"#f80d00","opacity":"0.5"},"geometry":{"type":"MultiPolygon","coordinates":[[[[-95.01111,39.116339],[-95.011117,39.116498],[-95.010972,39.121748],[-95.012844,39.124713],[-95.015985,39.124625],[-95.019016,39.125005],[-95.019667,39.126153],[-95.018284,39.128408],[-95.017508,39.129049],[-95.015538,39.129265],[-95.01345,39.12838],[-95.011125,39.128651],[-95.009938,39.130265],[-95.01071,39.131219],[-95.013361,39.133057],[-95.014706,39.133614],[-95.016912,39.133401],[-95.017831,39.132656],[-95.019998,39.13199],[-95.020258,39.132776],[-95.018146,39.135061],[-95.015029,39.136149],[-95.014574,39.137124],[-95.015601,39.13893],[-95.018634,39.138609],[-95.020639,39.13909],[-95.021619,39.140413],[-95.022154,39.143151],[-95.026871,39.143156],[-95.031511,39.143324],[-95.031459,39.148621],[-95.033344,39.150222],[-95.03511,39.150433],[-95.033775,39.153062],[-95.035363,39.154821],[-95.037399,39.155677],[-95.038386,39.155506],[-95.040134,39.154241],[-95.041251,39.154091],[-95.04256,39.154991],[-95.042566,39.156179],[-95.040404,39.158108],[-95.043515,39.158702],[-95.044219,39.161637],[-95.044076,39.163165],[-95.045403,39.164047],[-95.045978,39.163171],[-95.047764,39.163501],[-95.048151,39.164964],[-95.047294,39.166515],[-95.049153,39.167645],[-95.049183,39.168307],[-95.047437,39.168803],[-95.047639,39.170306],[-95.047091,39.176043],[-95.046306,39.176571],[-95.044957,39.176378],[-95.045075,39.17747],[-95.047514,39.17891],[-95.047576,39.179949],[-95.046165,39.180286],[-95.044172,39.181462],[-95.041338,39.181561],[-95.04108,39.182622],[-95.042855,39.184255],[-95.048372,39.185524],[-95.049735,39.187821],[-95.049267,39.189688],[-95.048121,39.191533],[-95.048014,39.192426],[-95.046915,39.192607],[-95.04475,39.194535],[-95.044729,39.195324],[-95.043263,39.195858],[-95.045284,39.196732],[-95.044735,39.197528],[-95.042406,39.197649],[-95.042206,39.198207],[-95.043493,39.199677],[-95.043165,39.200533],[-95.046686,39.200373],[-95.050882,39.201235],[-95.049351,39.201233],[-95.050179,39.20182],[-95.050512,39.20448],[-95.049398,39.204541],[-95.048047,39.203824],[-95.048058,39.205858],[-95.046935,39.206568],[-95.047028,39.208091],[-95.048832,39.207542],[-95.049677,39.207956],[-95.048639,39.209352],[-95.048525,39.210977],[-95.05091,39.213605],[-95.051642,39.213718],[-95.054384,39.21222],[-95.056301,39.212344],[-95.057021,39.21365],[-95.058604,39.213635],[-95.059486,39.212902],[-95.060479,39.213099],[-95.059703,39.215723],[-95.060169,39.219382],[-95.059202,39.220012],[-95.059489,39.221003],[-95.061063,39.220377],[-95.065193,39.220219],[-95.066209,39.220593],[-95.065813,39.221616],[-95.064794,39.22208],[-95.063817,39.223656],[-95.065685,39.223909],[-95.067561,39.225644],[-95.068326,39.226185],[-95.068151,39.237485],[-95.058894,39.23754],[-95.058878,39.244011],[-95.058891,39.2448],[-95.058957,39.252074],[-95.05903,39.259156],[-95.059074,39.266733],[-95.058796,39.276525],[-95.05883,39.289592],[-95.058694,39.295687],[-95.05851,39.310039],[-95.058464,39.317088],[-95.058353,39.324639],[-95.058231,39.331862],[-95.058108,39.346396],[-95.058004,39.36092],[-95.058,39.361371],[-95.057991,39.36233],[-95.057982,39.363299],[-95.057973,39.366578],[-95.057318,39.36766],[-95.05583,39.368129],[-95.052024,39.36812],[-95.04993,39.368689],[-95.051792,39.370545],[-95.056392,39.377277],[-95.057318,39.379891],[-95.057657,39.382768],[-95.057864,39.385739],[-95.057391,39.390769],[-95.057378,39.394235],[-95.058157,39.396904],[-95.059717,39.398907],[-95.063545,39.40158],[-95.065754,39.404012],[-95.066676,39.407088],[-95.066575,39.411717],[-95.066529,39.417432],[-95.066721,39.41898],[-95.066977,39.418981],[-95.070066,39.418977],[-95.082496,39.418943],[-95.085609,39.419007],[-95.097219,39.418987],[-95.10438,39.419058],[-95.121715,39.419061],[-95.123384,39.419063],[-95.141678,39.419075],[-95.146422,39.419188],[-95.146443,39.419184],[-95.151336,39.419106],[-95.167344,39.41915],[-95.180891,39.419218],[-95.180382,39.411685],[-95.179914,39.404678],[-95.179928,39.390088],[-95.179928,39.388347],[-95.179837,39.38492],[-95.179936,39.383298],[-95.179926,39.382672],[-95.180196,39.375613],[-95.180227,39.3685],[-95.180197,39.361752],[-95.179965,39.346997],[-95.180115,39.344848],[-95.180043,39.344486],[-95.18002,39.332209],[-95.179924,39.32493],[-95.17988,39.317906],[-95.17991,39.302818],[-95.180041,39.296052],[-95.180142,39.288693],[-95.185766,39.288837],[-95.186293,39.288841],[-95.189971,39.288857],[-95.190732,39.288892],[-95.19757,39.289105],[-95.198716,39.289113],[-95.199173,39.289103],[-95.201331,39.289117],[-95.202153,39.289123],[-95.203101,39.28913],[-95.208232,39.288974],[-95.226913,39.28884],[-95.235365,39.288751],[-95.235667,39.28875],[-95.245239,39.28875],[-95.246082,39.288893],[-95.249876,39.288808],[-95.254736,39.288833],[-95.254736,39.274311],[-95.25476,39.259775],[-95.254686,39.245251],[-95.254671,39.239279],[-95.254672,39.237992],[-95.254665,39.216238],[-95.254565,39.208158],[-95.254616,39.200453],[-95.254601,39.195318],[-95.254612,39.186968],[-95.254664,39.180693],[-95.254512,39.177833],[-95.254614,39.172421],[-95.254661,39.165191],[-95.254691,39.155513],[-95.254622,39.143451],[-95.254559,39.131746],[-95.253483,39.128964],[-95.25343,39.124328],[-95.253888,39.11659],[-95.253261,39.114201],[-95.252786,39.113217],[-95.252227,39.111753],[-95.252192,39.109492],[-95.252148,39.106819],[-95.252116,39.102197],[-95.2526,39.094952],[-95.252084,39.093679],[-95.251992,39.092968],[-95.25275,39.088779],[-95.252159,39.086822],[-95.248732,39.082303],[-95.247661,39.080036],[-95.24731,39.078841],[-95.247179,39.06767],[-95.246522,39.066484],[-95.243999,39.065132],[-95.242485,39.061633],[-95.242407,39.054436],[-95.242357,39.047011],[-95.242359,39.046773],[-95.242316,39.044198],[-95.237125,39.044179],[-95.233899,39.04418],[-95.224456,39.044175],[-95.223407,39.044234],[-95.203229,39.044196],[-95.198947,39.044202],[-95.194981,39.044176],[-95.187103,39.044109],[-95.187071,39.040957],[-95.18696,39.026603],[-95.186866,39.015082],[-95.186711,39.005438],[-95.186704,39.004706],[-95.186688,39.002223],[-95.186648,39.0001],[-95.186624,38.996767],[-95.188324,38.996482],[-95.188571,38.996429],[-95.188599,38.996252],[-95.194218,38.995052],[-95.199106,38.994018],[-95.202827,38.993598],[-95.205287,38.99358],[-95.224021,38.9938],[-95.226964,38.993691],[-95.227962,38.991917],[-95.229217,38.991494],[-95.229529,38.988755],[-95.232205,38.988761],[-95.232171,38.986043],[-95.230891,38.986033],[-95.229903,38.986034],[-95.228578,38.986035],[-95.228579,38.986118],[-95.22858,38.98631],[-95.228352,38.986309],[-95.22835,38.986117],[-95.228349,38.986036],[-95.227838,38.986039],[-95.226267,38.987848],[-95.226249,38.986041],[-95.223921,38.986044],[-95.22393,38.986936],[-95.219683,38.986947],[-95.219219,38.98604],[-95.214504,38.986054],[-95.214499,38.98503],[-95.211393,38.98502],[-95.211383,38.984353],[-95.214499,38.984338],[-95.214497,38.982419],[-95.211356,38.982413],[-95.214444,38.981299],[-95.214441,38.98117],[-95.21443,38.980697],[-95.214414,38.978788],[-95.214413,38.977878],[-95.214374,38.976927],[-95.214357,38.975134],[-95.214313,38.973328],[-95.214355,38.973327],[-95.214343,38.971511],[-95.214262,38.970582],[-95.214185,38.969722],[-95.211939,38.969049],[-95.211867,38.964263],[-95.211859,38.962816],[-95.210687,38.962236],[-95.210694,38.960616],[-95.209525,38.960614],[-95.209546,38.956978],[-95.210017,38.956979],[-95.210967,38.95698],[-95.213754,38.956991],[-95.213752,38.956534],[-95.213744,38.953523],[-95.2142,38.95278],[-95.214194,38.951666],[-95.214188,38.950787],[-95.214184,38.950401],[-95.21418,38.94998],[-95.206247,38.950011],[-95.205185,38.950014],[-95.204196,38.949627],[-95.204211,38.945517],[-95.204919,38.942791],[-95.20491,38.942556],[-95.204921,38.941118],[-95.204937,38.939236],[-95.204953,38.937314],[-95.204953,38.936861],[-95.204954,38.935952],[-95.204952,38.935503],[-95.204967,38.933723],[-95.204967,38.933595],[-95.204969,38.933345],[-95.204972,38.932628],[-95.204974,38.932272],[-95.20498,38.930663],[-95.204957,38.928269],[-95.204957,38.928207],[-95.204957,38.928134],[-95.204957,38.927773],[-95.204957,38.927743],[-95.204963,38.923995],[-95.204963,38.923547],[-95.193618,38.923442],[-95.190849,38.923609],[-95.187064,38.924485],[-95.184537,38.925534],[-95.181232,38.927734],[-95.176841,38.932025],[-95.174972,38.933216],[-95.172212,38.934434],[-95.167766,38.935484],[-95.166905,38.935537],[-95.165251,38.935556],[-95.158134,38.935385],[-95.149318,38.935169],[-95.139818,38.934904],[-95.132481,38.933902],[-95.132119,38.933847],[-95.131662,38.933777],[-95.118827,38.931843],[-95.112373,38.930741],[-95.11195,38.930669],[-95.104417,38.929213],[-95.09966,38.929],[-95.097358,38.92923],[-95.094709,38.929778],[-95.089659,38.931716],[-95.072856,38.941262],[-95.071994,38.941734],[-95.06873,38.942885],[-95.066313,38.943147],[-95.06253,38.94314],[-95.059527,38.943134],[-95.056187,38.943106],[-95.056203,38.944051],[-95.056256,38.950689],[-95.056452,38.957282],[-95.056467,38.959179],[-95.056495,38.961679],[-95.056497,38.964293],[-95.056466,38.966067],[-95.056356,38.980687],[-95.056258,38.98212],[-95.058718,38.98409],[-95.06071,38.985625],[-95.065093,38.986776],[-95.066631,38.987052],[-95.068725,38.98712],[-95.07122,38.986501],[-95.074967,38.98551],[-95.075013,38.986674],[-95.075024,38.986951],[-95.056376,38.99132],[-95.056356,39.000217],[-95.056349,39.001076],[-95.056369,39.009348],[-95.05633,39.014745],[-95.056309,39.021984],[-95.056318,39.022728],[-95.057201,39.024706],[-95.05711,39.028329],[-95.056291,39.030057],[-95.056286,39.043788],[-95.056283,39.051038],[-95.056302,39.057064],[-95.056303,39.057188],[-95.056302,39.058307],[-95.05424,39.058417],[-95.053673,39.058463],[-95.046921,39.061752],[-95.04182,39.064041],[-95.033894,39.066733],[-95.030682,39.06747],[-95.024198,39.068077],[-95.02449,39.07095],[-95.025112,39.071445],[-95.028129,39.074027],[-95.032384,39.075799],[-95.032775,39.076255],[-95.03398,39.07859],[-95.03341,39.079159],[-95.030246,39.078609],[-95.028123,39.076438],[-95.026746,39.07628],[-95.026268,39.077776],[-95.027855,39.078674],[-95.028399,39.078893],[-95.028831,39.079578],[-95.02897,39.08027],[-95.028767,39.080774],[-95.028092,39.081379],[-95.027676,39.081543],[-95.025613,39.082128],[-95.022521,39.084795],[-95.020347,39.085767],[-95.019936,39.086544],[-95.021561,39.088041],[-95.026585,39.08996],[-95.026147,39.091198],[-95.024757,39.092241],[-95.023526,39.094036],[-95.024492,39.096557],[-95.02552,39.098174],[-95.024709,39.099994],[-95.022916,39.100455],[-95.020758,39.099869],[-95.019025,39.101686],[-95.018399,39.103555],[-95.019505,39.105419],[-95.018874,39.106326],[-95.017383,39.106543],[-95.016608,39.107734],[-95.016877,39.109157],[-95.015982,39.109949],[-95.01262,39.110284],[-95.011078,39.111292],[-95.01111,39.116339]]]]}},{"type":"Feature","properties":{"id":43,"NAME":"43","text-color":"#000000","text-size":16,"labelx":-95.03738,"labely":38.804139,"TotalPop":23744,"PopDevPct":0.01025229,"DemPct":0.36520465,"RepPct":0.55778555,"WhitePct":0.80628779,"MinorityPct":0.19371221,"BlackPct":0.0547763,"HispanicPct":0.07623942,"PacificPct":0.00278114,"AsianPct":0.02128174,"NativePct":0.03325272,"TotalVAP":16540,"Margin":-0.13479535,"color":"#f80d00","opacity":"0.5"},"geometry":{"type":"MultiPolygon","coordinates":[[[[-94.908941,38.811262],[-94.904841,38.811988],[-94.895895,38.813555],[-94.890185,38.814566],[-94.887972,38.815144],[-94.884224,38.816742],[-94.882092,38.818126],[-94.880877,38.819148],[-94.874176,38.825037],[-94.87128,38.82679],[-94.871316,38.828737],[-94.871232,38.840058],[-94.871204,38.847344],[-94.871166,38.852419],[-94.871167,38.854345],[-94.871353,38.854435],[-94.87803,38.854597],[-94.880738,38.854586],[-94.881321,38.854584],[-94.882495,38.854582],[-94.885571,38.854582],[-94.890078,38.85457],[-94.893337,38.854566],[-94.893486,38.854566],[-94.893565,38.854566],[-94.908981,38.854561],[-94.913461,38.854592],[-94.927552,38.854667],[-94.930966,38.854692],[-94.934089,38.855977],[-94.93559,38.855465],[-94.936,38.854729],[-94.945978,38.854777],[-94.945896,38.84013],[-94.955212,38.840203],[-94.956274,38.8402],[-94.959915,38.840215],[-94.967868,38.840278],[-94.973703,38.840276],[-94.99217,38.840309],[-95.001401,38.84036],[-95.007284,38.840391],[-95.01895,38.840407],[-95.037675,38.840615],[-95.041128,38.840613],[-95.056159,38.840591],[-95.059721,38.840598],[-95.065722,38.840603],[-95.065765,38.840603],[-95.074782,38.8406],[-95.08425,38.840606],[-95.093169,38.840612],[-95.111849,38.840665],[-95.111895,38.826081],[-95.111843,38.815125],[-95.111839,38.811461],[-95.111841,38.807483],[-95.111872,38.801227],[-95.111864,38.796843],[-95.111874,38.782268],[-95.111965,38.775338],[-95.112065,38.767772],[-95.093409,38.767858],[-95.074857,38.767853],[-95.05633,38.767752],[-95.039221,38.76767],[-95.02406,38.767656],[-95.021512,38.767653],[-95.02051,38.767651],[-95.020135,38.767649],[-95.019221,38.767647],[-95.010768,38.767651],[-95.009492,38.767644],[-95.008335,38.767647],[-95.00824,38.767648],[-95.006971,38.767685],[-95.005141,38.767908],[-95.001119,38.769188],[-95.001089,38.769164],[-95.000681,38.768742],[-94.99896,38.767642],[-94.98479,38.767657],[-94.982685,38.767654],[-94.973422,38.767621],[-94.967299,38.767603],[-94.963676,38.767579],[-94.960489,38.767562],[-94.955132,38.767533],[-94.949459,38.767359],[-94.945907,38.769301],[-94.944167,38.770369],[-94.936505,38.775568],[-94.927356,38.781787],[-94.927351,38.78148],[-94.922748,38.784677],[-94.915604,38.789837],[-94.90838,38.795051],[-94.906465,38.796431],[-94.906899,38.796429],[-94.896749,38.803756],[-94.899269,38.804029],[-94.900324,38.804559],[-94.90032,38.80472],[-94.90189,38.804764],[-94.904297,38.805587],[-94.906788,38.805479],[-94.908942,38.80561],[-94.908931,38.80667],[-94.908933,38.807706],[-94.908932,38.808323],[-94.908931,38.808851],[-94.90893,38.809249],[-94.908936,38.811019],[-94.908941,38.811262]]]]}},{"type":"Feature","properties":{"id":44,"NAME":"44","text-color":"#000000","text-size":16,"labelx":-95.28044,"labely":38.951873,"TotalPop":24346,"PopDevPct":0.035866,"DemPct":0.70740047,"RepPct":0.25571929,"WhitePct":0.76045203,"MinorityPct":0.23954797,"BlackPct":0.06364972,"HispanicPct":0.06344702,"PacificPct":0.00197638,"AsianPct":0.07327826,"NativePct":0.04571023,"TotalVAP":19733,"Margin":0.20740047,"color":"#000082","opacity":"0.5"},"geometry":{"type":"MultiPolygon","coordinates":[[[[-95.297872,38.935355],[-95.297948,38.935355],[-95.298394,38.935357],[-95.299588,38.935356],[-95.301387,38.935345],[-95.301715,38.935344],[-95.303213,38.935334],[-95.303652,38.935336],[-95.30462,38.93534],[-95.304926,38.93534],[-95.306549,38.936222],[-95.306981,38.935973],[-95.302815,38.931693],[-95.299862,38.930023],[-95.278747,38.922441],[-95.279183,38.924495],[-95.279181,38.924696],[-95.27918,38.925921],[-95.27918,38.926297],[-95.27918,38.926408],[-95.279181,38.927854],[-95.279216,38.929001],[-95.278928,38.929],[-95.27863,38.928663],[-95.276818,38.928112],[-95.276008,38.928112],[-95.274927,38.928114],[-95.274531,38.928115],[-95.273406,38.928118],[-95.273405,38.929496],[-95.272653,38.930688],[-95.272011,38.93147],[-95.271157,38.93251],[-95.269946,38.934287],[-95.269871,38.934698],[-95.269862,38.935296],[-95.266368,38.935299],[-95.265305,38.935296],[-95.26513,38.935892],[-95.263032,38.935913],[-95.262917,38.938647],[-95.260527,38.938657],[-95.260526,38.940262],[-95.2605,38.942693],[-95.260501,38.946328],[-95.260489,38.949966],[-95.260466,38.953627],[-95.260469,38.956912],[-95.260426,38.960669],[-95.260422,38.961559],[-95.260419,38.96239],[-95.260418,38.962659],[-95.260423,38.964275],[-95.26042,38.965494],[-95.260422,38.96593],[-95.260423,38.967462],[-95.260422,38.967904],[-95.260422,38.967942],[-95.260413,38.970881],[-95.26096,38.972798],[-95.261288,38.973835],[-95.261173,38.975132],[-95.261,38.976089],[-95.260786,38.976939],[-95.260446,38.980454],[-95.260447,38.980606],[-95.260458,38.983204],[-95.260463,38.986084],[-95.262522,38.986085],[-95.264882,38.986087],[-95.266143,38.986088],[-95.266862,38.986088],[-95.271711,38.986089],[-95.271716,38.985384],[-95.271711,38.984298],[-95.271714,38.983796],[-95.270017,38.9838],[-95.270015,38.983674],[-95.269853,38.983674],[-95.269959,38.982376],[-95.271072,38.981028],[-95.271431,38.980276],[-95.271555,38.97953],[-95.271461,38.978309],[-95.271302,38.976244],[-95.271519,38.975327],[-95.272035,38.974624],[-95.272708,38.973879],[-95.273256,38.973194],[-95.273466,38.972548],[-95.273472,38.971549],[-95.273619,38.971549],[-95.274536,38.971548],[-95.276842,38.971547],[-95.278088,38.971543],[-95.279024,38.971542],[-95.27982,38.971538],[-95.281183,38.971537],[-95.281237,38.971537],[-95.281328,38.971537],[-95.282237,38.971536],[-95.286083,38.971536],[-95.286405,38.971536],[-95.288311,38.971537],[-95.293598,38.971539],[-95.294061,38.971535],[-95.297613,38.971534],[-95.302973,38.971522],[-95.306855,38.971526],[-95.30697,38.971527],[-95.306962,38.967709],[-95.306945,38.96297],[-95.306927,38.957001],[-95.306978,38.954606],[-95.307002,38.953606],[-95.307042,38.951803],[-95.307042,38.95178],[-95.307162,38.946251],[-95.307184,38.945221],[-95.307221,38.94262],[-95.297839,38.942658],[-95.29785,38.942314],[-95.297912,38.941763],[-95.297937,38.941054],[-95.297943,38.939538],[-95.297906,38.937442],[-95.297872,38.935355]]]]}},{"type":"Feature","properties":{"id":45,"NAME":"45","text-color":"#000000","text-size":16,"labelx":-95.302732,"labely":39.004312,"TotalPop":23558,"PopDevPct":0.00233842,"DemPct":0.6554479,"RepPct":0.30945096,"WhitePct":0.80042199,"MinorityPct":0.19957801,"BlackPct":0.05539926,"HispanicPct":0.05269422,"PacificPct":0.00113612,"AsianPct":0.05729279,"NativePct":0.03640987,"TotalVAP":18484,"Margin":0.1554479,"color":"#000082","opacity":"0.5"},"geometry":{"type":"MultiPolygon","coordinates":[[[[-95.334591,38.97873],[-95.3344,38.97646],[-95.334288,38.971465],[-95.334275,38.970885],[-95.334156,38.964187],[-95.334149,38.959664],[-95.334728,38.956868],[-95.334399,38.956703],[-95.333839,38.956877],[-95.325523,38.956958],[-95.325633,38.953378],[-95.329032,38.953368],[-95.32968,38.950676],[-95.328748,38.950185],[-95.328096,38.947519],[-95.326961,38.947708],[-95.32503,38.947127],[-95.322657,38.944592],[-95.320822,38.943615],[-95.319504,38.943644],[-95.318378,38.942586],[-95.316621,38.942588],[-95.316623,38.942313],[-95.316628,38.942089],[-95.313583,38.941516],[-95.310459,38.939555],[-95.307273,38.936247],[-95.306981,38.935973],[-95.306549,38.936222],[-95.304926,38.93534],[-95.30462,38.93534],[-95.303652,38.935336],[-95.303213,38.935334],[-95.301715,38.935344],[-95.301387,38.935345],[-95.299588,38.935356],[-95.298394,38.935357],[-95.297948,38.935355],[-95.297872,38.935355],[-95.297906,38.937442],[-95.297943,38.939538],[-95.297937,38.941054],[-95.297912,38.941763],[-95.29785,38.942314],[-95.297839,38.942658],[-95.307221,38.94262],[-95.307184,38.945221],[-95.307162,38.946251],[-95.307042,38.95178],[-95.307042,38.951803],[-95.307002,38.953606],[-95.306978,38.954606],[-95.306927,38.957001],[-95.306945,38.96297],[-95.306962,38.967709],[-95.30697,38.971527],[-95.306855,38.971526],[-95.302973,38.971522],[-95.297613,38.971534],[-95.294061,38.971535],[-95.293598,38.971539],[-95.288311,38.971537],[-95.286405,38.971536],[-95.286083,38.971536],[-95.282237,38.971536],[-95.281328,38.971537],[-95.281237,38.971537],[-95.281183,38.971537],[-95.27982,38.971538],[-95.279024,38.971542],[-95.278088,38.971543],[-95.276842,38.971547],[-95.274536,38.971548],[-95.273619,38.971549],[-95.273472,38.971549],[-95.273466,38.972548],[-95.273256,38.973194],[-95.272708,38.973879],[-95.272035,38.974624],[-95.271519,38.975327],[-95.271302,38.976244],[-95.271461,38.978309],[-95.271555,38.97953],[-95.271431,38.980276],[-95.271072,38.981028],[-95.269959,38.982376],[-95.269853,38.983674],[-95.270015,38.983674],[-95.270017,38.9838],[-95.271714,38.983796],[-95.271711,38.984298],[-95.271716,38.985384],[-95.271711,38.986089],[-95.266862,38.986088],[-95.266143,38.986088],[-95.264882,38.986087],[-95.262522,38.986085],[-95.260463,38.986084],[-95.260447,38.990009],[-95.257276,38.989752],[-95.254698,38.989831],[-95.25116,38.990285],[-95.247346,38.990879],[-95.240496,38.991872],[-95.239145,38.992062],[-95.237852,38.992245],[-95.236007,38.992505],[-95.235769,38.992538],[-95.233369,38.992881],[-95.226977,38.993751],[-95.226964,38.993691],[-95.224021,38.9938],[-95.205287,38.99358],[-95.202827,38.993598],[-95.199106,38.994018],[-95.194218,38.995052],[-95.188599,38.996252],[-95.188571,38.996429],[-95.188324,38.996482],[-95.186624,38.996767],[-95.186648,39.0001],[-95.186688,39.002223],[-95.186704,39.004706],[-95.186711,39.005438],[-95.186866,39.015082],[-95.18696,39.026603],[-95.187071,39.040957],[-95.187103,39.044109],[-95.194981,39.044176],[-95.198947,39.044202],[-95.203229,39.044196],[-95.223407,39.044234],[-95.224456,39.044175],[-95.233899,39.04418],[-95.237125,39.044179],[-95.242316,39.044198],[-95.256114,39.044141],[-95.266124,39.044091],[-95.268556,39.044091],[-95.270081,39.044098],[-95.27055,39.0441],[-95.274749,39.0441],[-95.274996,39.044749],[-95.279583,39.047198],[-95.284434,39.046675],[-95.285649,39.0454],[-95.285548,39.0427],[-95.282647,39.0386],[-95.282247,39.037],[-95.282846,39.0333],[-95.283886,39.03244],[-95.285425,39.032162],[-95.285056,39.03299],[-95.285067,39.035826],[-95.289379,39.039227],[-95.290078,39.039489],[-95.29185,39.0415],[-95.29795,39.0423],[-95.30295,39.0401],[-95.30495,39.0394],[-95.307625,39.037992],[-95.315051,39.0347],[-95.316851,39.035],[-95.320051,39.0344],[-95.328187,39.03168],[-95.329915,39.031552],[-95.333115,39.032064],[-95.335859,39.031602],[-95.338507,39.031888],[-95.340731,39.031712],[-95.345092,39.032191],[-95.349096,39.03289],[-95.349652,39.033234],[-95.350005,39.034107],[-95.352028,39.035076],[-95.354013,39.034799],[-95.359051,39.03552],[-95.361851,39.037136],[-95.363355,39.03856],[-95.365947,39.039872],[-95.37908,39.045483],[-95.381367,39.046239],[-95.387786,39.048824],[-95.38989,39.049874],[-95.392877,39.052273],[-95.393095,39.052477],[-95.393274,39.052718],[-95.394682,39.054046],[-95.395909,39.055172],[-95.396522,39.055866],[-95.396802,39.056158],[-95.396881,39.056311],[-95.398486,39.058061],[-95.398465,39.05612],[-95.398958,39.056382],[-95.398809,39.052643],[-95.398632,39.048219],[-95.400466,39.048176],[-95.40047,39.046455],[-95.401982,39.046011],[-95.404441,39.046012],[-95.404904,39.043716],[-95.409803,39.043717],[-95.409826,39.038244],[-95.409983,39.022213],[-95.410024,39.011263],[-95.409997,39.007638],[-95.40994,39.000511],[-95.40048,39.00044],[-95.391326,39.000504],[-95.387151,39.000505],[-95.381726,39.000514],[-95.372704,39.000519],[-95.353965,39.000359],[-95.344635,39.000439],[-95.343842,39.000446],[-95.343826,38.99671],[-95.343829,38.996546],[-95.34376,38.992878],[-95.343297,38.990647],[-95.341356,38.987365],[-95.33977,38.985828],[-95.336617,38.982809],[-95.335129,38.980414],[-95.334591,38.97873]]]]}},{"type":"Feature","properties":{"id":46,"NAME":"46","text-color":"#000000","text-size":16,"labelx":-95.243495,"labely":38.973254,"TotalPop":23753,"PopDevPct":0.01063522,"DemPct":0.82959015,"RepPct":0.13208984,"WhitePct":0.76539968,"MinorityPct":0.23460032,"BlackPct":0.06885684,"HispanicPct":0.06833158,"PacificPct":0.00200554,"AsianPct":0.05586859,"NativePct":0.04011078,"TotalVAP":20942,"Margin":0.32959015,"color":"#000082","opacity":"0.5"},"geometry":{"type":"MultiPolygon","coordinates":[[[[-95.214262,38.970582],[-95.214343,38.971511],[-95.214355,38.973327],[-95.214313,38.973328],[-95.214357,38.975134],[-95.214374,38.976927],[-95.214413,38.977878],[-95.214414,38.978788],[-95.21443,38.980697],[-95.214441,38.98117],[-95.214444,38.981299],[-95.211356,38.982413],[-95.214497,38.982419],[-95.214499,38.984338],[-95.211383,38.984353],[-95.211393,38.98502],[-95.214499,38.98503],[-95.214504,38.986054],[-95.219219,38.98604],[-95.219683,38.986947],[-95.22393,38.986936],[-95.223921,38.986044],[-95.226249,38.986041],[-95.226267,38.987848],[-95.227838,38.986039],[-95.228349,38.986036],[-95.22835,38.986117],[-95.228352,38.986309],[-95.22858,38.98631],[-95.228579,38.986118],[-95.228578,38.986035],[-95.229903,38.986034],[-95.230891,38.986033],[-95.232171,38.986043],[-95.232205,38.988761],[-95.229529,38.988755],[-95.229217,38.991494],[-95.227962,38.991917],[-95.226964,38.993691],[-95.226977,38.993751],[-95.233369,38.992881],[-95.235769,38.992538],[-95.236007,38.992505],[-95.237852,38.992245],[-95.239145,38.992062],[-95.240496,38.991872],[-95.247346,38.990879],[-95.25116,38.990285],[-95.254698,38.989831],[-95.257276,38.989752],[-95.260447,38.990009],[-95.260463,38.986084],[-95.260458,38.983204],[-95.260447,38.980606],[-95.260446,38.980454],[-95.260786,38.976939],[-95.261,38.976089],[-95.261173,38.975132],[-95.261288,38.973835],[-95.26096,38.972798],[-95.260413,38.970881],[-95.260422,38.967942],[-95.260422,38.967904],[-95.260423,38.967462],[-95.260422,38.96593],[-95.26042,38.965494],[-95.260423,38.964275],[-95.260418,38.962659],[-95.260419,38.96239],[-95.260422,38.961559],[-95.260426,38.960669],[-95.260469,38.956912],[-95.260466,38.953627],[-95.260489,38.949966],[-95.258727,38.949978],[-95.258236,38.949983],[-95.255813,38.950017],[-95.251269,38.950058],[-95.25113,38.950058],[-95.250009,38.950065],[-95.249393,38.950072],[-95.248884,38.950077],[-95.248216,38.950083],[-95.247755,38.950087],[-95.246881,38.950093],[-95.246585,38.950095],[-95.245391,38.950104],[-95.245391,38.951395],[-95.245393,38.952957],[-95.244202,38.952963],[-95.243009,38.952977],[-95.243015,38.954057],[-95.242996,38.95523],[-95.241803,38.955235],[-95.241239,38.95528],[-95.240828,38.955208],[-95.239411,38.955316],[-95.238256,38.955321],[-95.238266,38.95698],[-95.237096,38.956988],[-95.2359,38.956983],[-95.235899,38.957034],[-95.234702,38.957032],[-95.233638,38.957031],[-95.233553,38.957031],[-95.232843,38.957029],[-95.232365,38.957028],[-95.231233,38.957024],[-95.23064,38.957022],[-95.230068,38.95702],[-95.228916,38.957015],[-95.22689,38.957008],[-95.226295,38.957003],[-95.225939,38.957002],[-95.225401,38.957],[-95.223533,38.956994],[-95.221338,38.956997],[-95.220215,38.956996],[-95.219041,38.956992],[-95.21788,38.956994],[-95.21762,38.956996],[-95.216729,38.956986],[-95.21558,38.95699],[-95.213754,38.956991],[-95.210967,38.95698],[-95.210017,38.956979],[-95.209546,38.956978],[-95.209525,38.960614],[-95.210694,38.960616],[-95.210687,38.962236],[-95.211859,38.962816],[-95.211867,38.964263],[-95.211939,38.969049],[-95.214185,38.969722],[-95.214262,38.970582]]]]}},{"type":"Feature","properties":{"id":47,"NAME":"47","text-color":"#000000","text-size":16,"labelx":-95.423965,"labely":39.251441,"TotalPop":22746,"PopDevPct":-0.0322103,"DemPct":0.36008657,"RepPct":0.59473352,"WhitePct":0.90533967,"MinorityPct":0.09466033,"BlackPct":0.01081669,"HispanicPct":0.02472386,"PacificPct":0.0018314,"AsianPct":0.00669605,"NativePct":0.04412522,"TotalVAP":17473,"Margin":-0.13991343,"color":"#f80d00","opacity":"0.5"},"geometry":{"type":"MultiPolygon","coordinates":[[[[-95.589081,39.390087],[-95.599131,39.390119],[-95.607756,39.38986],[-95.611673,39.390136],[-95.626363,39.390216],[-95.626374,39.389367],[-95.627649,39.389925],[-95.62836,39.390226],[-95.629317,39.390201],[-95.636139,39.390139],[-95.663626,39.390185],[-95.672937,39.390205],[-95.682427,39.390224],[-95.696549,39.390291],[-95.701053,39.390312],[-95.710417,39.390408],[-95.711087,39.390412],[-95.733293,39.390526],[-95.738454,39.390567],[-95.738363,39.388803],[-95.738265,39.376131],[-95.738233,39.367326],[-95.738225,39.366195],[-95.738225,39.36516],[-95.73825,39.361255],[-95.738288,39.347084],[-95.738309,39.339898],[-95.73833,39.332574],[-95.738418,39.318173],[-95.738456,39.303581],[-95.738475,39.289019],[-95.738414,39.274513],[-95.738351,39.266788],[-95.738414,39.265998],[-95.738336,39.260006],[-95.747381,39.259883],[-95.755326,39.259723],[-95.757187,39.2597],[-95.760741,39.259814],[-95.762469,39.259841],[-95.766972,39.25991],[-95.775737,39.260094],[-95.79369,39.260172],[-95.793704,39.256882],[-95.793752,39.245666],[-95.79377,39.225692],[-95.793908,39.221334],[-95.793843,39.21657],[-95.775764,39.216544],[-95.766376,39.21653],[-95.759281,39.21652],[-95.747921,39.216502],[-95.744269,39.216513],[-95.741631,39.216488],[-95.738381,39.216504],[-95.730222,39.216481],[-95.719656,39.216459],[-95.719022,39.216458],[-95.715055,39.216442],[-95.701022,39.216408],[-95.691707,39.216408],[-95.691224,39.21641],[-95.675234,39.216442],[-95.673049,39.21644],[-95.667553,39.216436],[-95.663497,39.216464],[-95.654491,39.216423],[-95.654473,39.216423],[-95.645186,39.216474],[-95.636099,39.216457],[-95.625243,39.216493],[-95.621677,39.216312],[-95.619049,39.216185],[-95.615562,39.216162],[-95.608182,39.216123],[-95.608162,39.216123],[-95.589472,39.216081],[-95.589706,39.198077],[-95.589686,39.194484],[-95.589651,39.187244],[-95.589628,39.181321],[-95.58963,39.17999],[-95.589598,39.175309],[-95.589731,39.169781],[-95.589609,39.16213],[-95.589571,39.158278],[-95.589443,39.14378],[-95.589335,39.132822],[-95.589307,39.129868],[-95.589303,39.129316],[-95.589305,39.129159],[-95.589842,39.129222],[-95.590119,39.129255],[-95.590204,39.129254],[-95.590239,39.129254],[-95.590383,39.129252],[-95.592122,39.129249],[-95.593515,39.129255],[-95.594711,39.129253],[-95.594678,39.125237],[-95.59465,39.123728],[-95.59476,39.117058],[-95.594753,39.114209],[-95.594753,39.113359],[-95.594758,39.111208],[-95.594755,39.10984],[-95.594755,39.102546],[-95.594756,39.102111],[-95.594756,39.099711],[-95.594756,39.095859],[-95.594755,39.090479],[-95.594755,39.090305],[-95.594755,39.089659],[-95.594755,39.087427],[-95.594756,39.086399],[-95.594653,39.081904],[-95.598348,39.073514],[-95.598205,39.06763],[-95.596759,39.064672],[-95.589337,39.058433],[-95.585083,39.055614],[-95.584872,39.055498],[-95.584811,39.055464],[-95.58478,39.055447],[-95.583917,39.054971],[-95.582345,39.053998],[-95.579956,39.0541],[-95.57696,39.054384],[-95.570704,39.056096],[-95.56832,39.057184],[-95.564471,39.059406],[-95.558655,39.062559],[-95.554527,39.065647],[-95.551823,39.067071],[-95.548751,39.068319],[-95.542847,39.069103],[-95.539679,39.068607],[-95.534494,39.066095],[-95.532606,39.065727],[-95.521918,39.064959],[-95.516414,39.067183],[-95.513902,39.067151],[-95.510078,39.065967],[-95.507646,39.064607],[-95.505694,39.062447],[-95.502238,39.059296],[-95.500254,39.056656],[-95.500256,39.054632],[-95.500252,39.052977],[-95.500253,39.051718],[-95.500254,39.048089],[-95.50149,39.043669],[-95.501413,39.036549],[-95.501434,39.032246],[-95.501402,39.029511],[-95.501403,39.029435],[-95.501378,39.027785],[-95.5019,39.027453],[-95.501372,39.026134],[-95.501301,39.019077],[-95.501149,39.018161],[-95.501098,39.01804],[-95.501082,39.017985],[-95.501258,39.014929],[-95.501083,39.001849],[-95.50107,39.000674],[-95.501069,39.000542],[-95.500886,38.994132],[-95.500623,38.991193],[-95.500252,38.985895],[-95.500616,38.971368],[-95.500759,38.967665],[-95.500823,38.956818],[-95.500891,38.94228],[-95.500881,38.932831],[-95.500709,38.931607],[-95.500873,38.927637],[-95.500717,38.920602],[-95.500706,38.913244],[-95.500676,38.908022],[-95.500667,38.906366],[-95.500664,38.90594],[-95.500252,38.892469],[-95.500246,38.892346],[-95.500236,38.892209],[-95.500246,38.891189],[-95.500245,38.890686],[-95.500238,38.889413],[-95.500248,38.889145],[-95.500247,38.884224],[-95.500938,38.883903],[-95.500796,38.876862],[-95.500728,38.870287],[-95.500195,38.86973],[-95.492292,38.86971],[-95.487349,38.869448],[-95.482229,38.869659],[-95.476565,38.869578],[-95.463586,38.869642],[-95.457327,38.869661],[-95.455347,38.869678],[-95.450517,38.869711],[-95.446277,38.869735],[-95.441237,38.869761],[-95.435909,38.869694],[-95.422823,38.869537],[-95.420798,38.869516],[-95.401339,38.869667],[-95.400041,38.869724],[-95.398408,38.869665],[-95.381452,38.869677],[-95.378731,38.869687],[-95.375467,38.869753],[-95.365062,38.869636],[-95.356178,38.869549],[-95.35385,38.869663],[-95.344586,38.869736],[-95.34122,38.869829],[-95.340236,38.869617],[-95.339513,38.869665],[-95.32964,38.8698],[-95.316506,38.869869],[-95.308532,38.869891],[-95.307183,38.869879],[-95.300084,38.869914],[-95.297844,38.869903],[-95.29794,38.88433],[-95.294991,38.884487],[-95.29278,38.883805],[-95.290939,38.88436],[-95.288874,38.884392],[-95.287387,38.88548],[-95.286081,38.884472],[-95.284269,38.884488],[-95.282971,38.88612],[-95.280028,38.886557],[-95.279132,38.887241],[-95.27913,38.898694],[-95.278974,38.89893],[-95.279117,38.89904],[-95.279147,38.913577],[-95.268672,38.91358],[-95.266516,38.912763],[-95.262946,38.909296],[-95.260732,38.90869],[-95.260443,38.908687],[-95.260446,38.910865],[-95.260447,38.910966],[-95.260455,38.91624],[-95.260446,38.918007],[-95.260452,38.918693],[-95.260456,38.919949],[-95.260446,38.920856],[-95.260443,38.921213],[-95.260595,38.921188],[-95.260597,38.920849],[-95.264153,38.919996],[-95.267612,38.919926],[-95.269754,38.919946],[-95.273226,38.920527],[-95.278747,38.922441],[-95.299862,38.930023],[-95.302815,38.931693],[-95.306981,38.935973],[-95.307273,38.936247],[-95.310459,38.939555],[-95.313583,38.941516],[-95.316628,38.942089],[-95.316623,38.942313],[-95.316621,38.942588],[-95.318378,38.942586],[-95.319504,38.943644],[-95.320822,38.943615],[-95.322657,38.944592],[-95.32503,38.947127],[-95.326961,38.947708],[-95.328096,38.947519],[-95.328748,38.950185],[-95.32968,38.950676],[-95.329032,38.953368],[-95.325633,38.953378],[-95.325523,38.956958],[-95.333839,38.956877],[-95.334399,38.956703],[-95.334728,38.956868],[-95.334149,38.959664],[-95.334156,38.964187],[-95.334275,38.970885],[-95.334288,38.971465],[-95.3344,38.97646],[-95.334591,38.97873],[-95.335129,38.980414],[-95.336617,38.982809],[-95.33977,38.985828],[-95.341356,38.987365],[-95.343297,38.990647],[-95.34376,38.992878],[-95.343829,38.996546],[-95.343826,38.99671],[-95.343842,39.000446],[-95.344635,39.000439],[-95.353965,39.000359],[-95.372704,39.000519],[-95.381726,39.000514],[-95.387151,39.000505],[-95.391326,39.000504],[-95.40048,39.00044],[-95.40994,39.000511],[-95.409997,39.007638],[-95.410024,39.011263],[-95.409983,39.022213],[-95.409826,39.038244],[-95.409803,39.043717],[-95.404904,39.043716],[-95.404441,39.046012],[-95.401982,39.046011],[-95.40047,39.046455],[-95.400466,39.048176],[-95.398632,39.048219],[-95.398809,39.052643],[-95.398958,39.056382],[-95.398465,39.05612],[-95.398486,39.058061],[-95.396881,39.056311],[-95.396802,39.056158],[-95.396522,39.055866],[-95.395909,39.055172],[-95.394682,39.054046],[-95.393274,39.052718],[-95.393095,39.052477],[-95.392877,39.052273],[-95.38989,39.049874],[-95.387786,39.048824],[-95.381367,39.046239],[-95.37908,39.045483],[-95.365947,39.039872],[-95.363355,39.03856],[-95.361851,39.037136],[-95.359051,39.03552],[-95.354013,39.034799],[-95.352028,39.035076],[-95.350005,39.034107],[-95.349652,39.033234],[-95.349096,39.03289],[-95.345092,39.032191],[-95.340731,39.031712],[-95.338507,39.031888],[-95.335859,39.031602],[-95.333115,39.032064],[-95.329915,39.031552],[-95.328187,39.03168],[-95.320051,39.0344],[-95.316851,39.035],[-95.315051,39.0347],[-95.307625,39.037992],[-95.30495,39.0394],[-95.30295,39.0401],[-95.29795,39.0423],[-95.29185,39.0415],[-95.290078,39.039489],[-95.289379,39.039227],[-95.285067,39.035826],[-95.285056,39.03299],[-95.285425,39.032162],[-95.283886,39.03244],[-95.282846,39.0333],[-95.282247,39.037],[-95.282647,39.0386],[-95.285548,39.0427],[-95.285649,39.0454],[-95.284434,39.046675],[-95.279583,39.047198],[-95.274996,39.044749],[-95.274749,39.0441],[-95.27055,39.0441],[-95.270081,39.044098],[-95.268556,39.044091],[-95.266124,39.044091],[-95.256114,39.044141],[-95.242316,39.044198],[-95.242359,39.046773],[-95.242357,39.047011],[-95.242407,39.054436],[-95.242485,39.061633],[-95.243999,39.065132],[-95.246522,39.066484],[-95.247179,39.06767],[-95.24731,39.078841],[-95.247661,39.080036],[-95.248732,39.082303],[-95.252159,39.086822],[-95.25275,39.088779],[-95.251992,39.092968],[-95.252084,39.093679],[-95.2526,39.094952],[-95.252116,39.102197],[-95.252148,39.106819],[-95.252192,39.109492],[-95.252227,39.111753],[-95.252786,39.113217],[-95.253261,39.114201],[-95.253888,39.11659],[-95.25343,39.124328],[-95.253483,39.128964],[-95.254559,39.131746],[-95.254622,39.143451],[-95.254691,39.155513],[-95.254661,39.165191],[-95.254614,39.172421],[-95.254512,39.177833],[-95.254664,39.180693],[-95.254612,39.186968],[-95.254601,39.195318],[-95.254616,39.200453],[-95.254565,39.208158],[-95.254665,39.216238],[-95.254672,39.237992],[-95.254671,39.239279],[-95.254686,39.245251],[-95.25476,39.259775],[-95.254736,39.274311],[-95.254736,39.288833],[-95.249876,39.288808],[-95.246082,39.288893],[-95.245239,39.28875],[-95.235667,39.28875],[-95.235365,39.288751],[-95.226913,39.28884],[-95.208232,39.288974],[-95.203101,39.28913],[-95.202153,39.289123],[-95.201331,39.289117],[-95.199173,39.289103],[-95.198716,39.289113],[-95.19757,39.289105],[-95.190732,39.288892],[-95.189971,39.288857],[-95.186293,39.288841],[-95.185766,39.288837],[-95.180142,39.288693],[-95.180041,39.296052],[-95.17991,39.302818],[-95.17988,39.317906],[-95.179924,39.32493],[-95.18002,39.332209],[-95.180043,39.344486],[-95.180115,39.344848],[-95.179965,39.346997],[-95.180197,39.361752],[-95.180227,39.3685],[-95.180196,39.375613],[-95.179926,39.382672],[-95.179936,39.383298],[-95.179837,39.38492],[-95.179928,39.388347],[-95.179928,39.390088],[-95.179914,39.404678],[-95.180382,39.411685],[-95.180891,39.419218],[-95.188926,39.419197],[-95.198511,39.419171],[-95.205394,39.41905],[-95.225628,39.419213],[-95.231144,39.419068],[-95.235496,39.419106],[-95.24387,39.419188],[-95.244456,39.419204],[-95.244888,39.419216],[-95.254153,39.419362],[-95.263416,39.419365],[-95.273021,39.419484],[-95.281938,39.419588],[-95.291646,39.419702],[-95.310366,39.419814],[-95.319896,39.419863],[-95.325393,39.419929],[-95.326646,39.419944],[-95.327849,39.419956],[-95.329004,39.419968],[-95.330757,39.419952],[-95.332283,39.419918],[-95.33637,39.419923],[-95.336702,39.419921],[-95.337371,39.419917],[-95.338366,39.419911],[-95.347796,39.419856],[-95.36664,39.420263],[-95.377499,39.420341],[-95.385268,39.420397],[-95.39482,39.420445],[-95.400626,39.420474],[-95.404013,39.420491],[-95.417853,39.42063],[-95.422817,39.42068],[-95.427276,39.420703],[-95.432085,39.420727],[-95.44153,39.420775],[-95.446955,39.420816],[-95.460052,39.420919],[-95.467544,39.420796],[-95.468961,39.420783],[-95.478638,39.420637],[-95.497485,39.420307],[-95.506677,39.420141],[-95.515721,39.420018],[-95.515935,39.420015],[-95.516506,39.420006],[-95.534955,39.419769],[-95.550918,39.419284],[-95.55255,39.41927],[-95.570351,39.41905],[-95.589295,39.419086],[-95.589041,39.404586],[-95.589081,39.390087]]]]}},{"type":"Feature","properties":{"id":48,"NAME":"48","text-color":"#000000","text-size":16,"labelx":-94.680688,"labely":38.870884,"TotalPop":23506,"PopDevPct":0.00012594,"DemPct":0.47268128,"RepPct":0.48735245,"WhitePct":0.73808846,"MinorityPct":0.26191154,"BlackPct":0.04280754,"HispanicPct":0.04713383,"PacificPct":0.00176467,"AsianPct":0.15016793,"NativePct":0.0164513,"TotalVAP":17567,"Margin":-0.02731872,"color":"#000082","opacity":"0.5"},"geometry":{"type":"MultiPolygon","coordinates":[[[[-94.686494,38.883739],[-94.686496,38.886506],[-94.686472,38.888836],[-94.6865,38.890379],[-94.686494,38.891943],[-94.686489,38.89467],[-94.686477,38.898315],[-94.686448,38.900782],[-94.686428,38.904029],[-94.686429,38.905276],[-94.689803,38.906667],[-94.693054,38.908401],[-94.696057,38.910431],[-94.698845,38.912883],[-94.702438,38.912868],[-94.703524,38.912852],[-94.705117,38.912842],[-94.705162,38.909842],[-94.70508,38.906776],[-94.70511,38.903797],[-94.705169,38.90067],[-94.705159,38.898256],[-94.705163,38.896968],[-94.705158,38.894755],[-94.703707,38.893204],[-94.701709,38.892673],[-94.700604,38.891551],[-94.700487,38.888912],[-94.700485,38.887884],[-94.700475,38.886451],[-94.700479,38.883715],[-94.700478,38.881895],[-94.700478,38.880023],[-94.700473,38.871893],[-94.700464,38.869151],[-94.700528,38.868091],[-94.701659,38.866714],[-94.704538,38.865172],[-94.705075,38.864095],[-94.705076,38.861137],[-94.703149,38.860661],[-94.69845,38.859671],[-94.697456,38.859715],[-94.696244,38.86007],[-94.694141,38.86029],[-94.693425,38.860832],[-94.692785,38.860004],[-94.690204,38.8594],[-94.688539,38.858902],[-94.686439,38.859384],[-94.686425,38.857468],[-94.686392,38.854587],[-94.681662,38.854581],[-94.679875,38.854554],[-94.67902,38.853156],[-94.678974,38.851984],[-94.680688,38.850051],[-94.680832,38.847732],[-94.680966,38.846862],[-94.681527,38.846004],[-94.68197,38.844881],[-94.682208,38.844497],[-94.682483,38.844085],[-94.682667,38.843706],[-94.682815,38.843285],[-94.68286,38.841382],[-94.682546,38.84012],[-94.679337,38.840075],[-94.676569,38.840106],[-94.67627,38.840108],[-94.672834,38.840148],[-94.670374,38.840155],[-94.667712,38.840191],[-94.667725,38.844028],[-94.667748,38.84909],[-94.667761,38.850595],[-94.667777,38.853146],[-94.667787,38.854611],[-94.667789,38.855951],[-94.667791,38.857103],[-94.667795,38.858332],[-94.667811,38.862045],[-94.667821,38.865397],[-94.667831,38.869194],[-94.667832,38.871311],[-94.66783,38.871882],[-94.66783,38.873103],[-94.66783,38.873132],[-94.667834,38.874661],[-94.667827,38.876482],[-94.667825,38.87837],[-94.667816,38.881121],[-94.667789,38.883744],[-94.668447,38.883752],[-94.670132,38.88375],[-94.671536,38.883748],[-94.67624,38.883743],[-94.676558,38.883746],[-94.677824,38.883743],[-94.681851,38.883741],[-94.686494,38.883739]]]]}},{"type":"Feature","properties":{"id":49,"NAME":"49","text-color":"#000000","text-size":16,"labelx":-94.755328,"labely":38.883571,"TotalPop":23860,"PopDevPct":0.01518782,"DemPct":0.45986622,"RepPct":0.49348706,"WhitePct":0.75802245,"MinorityPct":0.24197755,"BlackPct":0.05816986,"HispanicPct":0.06332918,"PacificPct":0.00198435,"AsianPct":0.09400159,"NativePct":0.02086404,"TotalVAP":17638,"Margin":-0.04013378,"color":"#4343ff","opacity":"0.5"},"geometry":{"type":"MultiPolygon","coordinates":[[[[-94.742354,38.876952],[-94.741498,38.876951],[-94.740121,38.87768],[-94.738662,38.877687],[-94.736962,38.87686],[-94.735635,38.877037],[-94.733296,38.87687],[-94.732879,38.880346],[-94.733173,38.881917],[-94.733168,38.883658],[-94.728297,38.883666],[-94.727343,38.883672],[-94.72372,38.883675],[-94.723713,38.88731],[-94.723717,38.889794],[-94.723722,38.891816],[-94.723727,38.893697],[-94.727471,38.893689],[-94.728602,38.893143],[-94.729696,38.892207],[-94.730655,38.891436],[-94.731626,38.890999],[-94.733418,38.89081],[-94.736424,38.891925],[-94.737815,38.891707],[-94.740043,38.891558],[-94.741538,38.892009],[-94.742364,38.89205],[-94.742338,38.894603],[-94.742359,38.898247],[-94.744635,38.898186],[-94.746896,38.898175],[-94.749898,38.898036],[-94.750585,38.898073],[-94.751461,38.897823],[-94.752889,38.898092],[-94.754774,38.898133],[-94.760564,38.898174],[-94.761015,38.89817],[-94.763086,38.898182],[-94.766129,38.898203],[-94.766685,38.898195],[-94.768771,38.898207],[-94.770798,38.898227],[-94.77309,38.898235],[-94.773084,38.897692],[-94.773084,38.896723],[-94.77307,38.895288],[-94.772489,38.895281],[-94.772821,38.893049],[-94.772821,38.892245],[-94.772815,38.890751],[-94.774854,38.891482],[-94.775879,38.891485],[-94.77689,38.891477],[-94.779542,38.891673],[-94.77952,38.889289],[-94.779532,38.887831],[-94.779519,38.883673],[-94.77554,38.883678],[-94.772886,38.883643],[-94.772334,38.882096],[-94.771732,38.881617],[-94.771402,38.881387],[-94.771004,38.881085],[-94.770259,38.880554],[-94.769523,38.879905],[-94.769315,38.879512],[-94.76924,38.879214],[-94.769228,38.878409],[-94.769223,38.877614],[-94.769271,38.875905],[-94.770755,38.875931],[-94.772408,38.875823],[-94.773352,38.875823],[-94.774349,38.87588],[-94.776272,38.873973],[-94.776412,38.8725],[-94.776411,38.871592],[-94.775714,38.869095],[-94.774715,38.869095],[-94.773731,38.869094],[-94.77275,38.869093],[-94.768273,38.869087],[-94.764145,38.869087],[-94.760947,38.869082],[-94.760992,38.866372],[-94.761003,38.865529],[-94.761028,38.863641],[-94.761068,38.861063],[-94.761101,38.858897],[-94.761138,38.857626],[-94.761138,38.85682],[-94.761147,38.856009],[-94.761161,38.854828],[-94.761156,38.852587],[-94.761163,38.850115],[-94.761162,38.848579],[-94.761162,38.847724],[-94.761159,38.847538],[-94.761158,38.846633],[-94.761174,38.843093],[-94.761182,38.842275],[-94.761189,38.841608],[-94.761195,38.840261],[-94.75852,38.840243],[-94.751791,38.840194],[-94.751694,38.840194],[-94.750438,38.840191],[-94.746537,38.840179],[-94.742428,38.840217],[-94.742421,38.841287],[-94.742394,38.845785],[-94.742361,38.854781],[-94.742337,38.857245],[-94.742333,38.859349],[-94.742326,38.86257],[-94.742322,38.867796],[-94.742299,38.869091],[-94.742356,38.872604],[-94.742344,38.874421],[-94.742348,38.876361],[-94.742354,38.876952]]]]}},{"type":"Feature","properties":{"id":50,"NAME":"50","text-color":"#000000","text-size":16,"labelx":-95.808617,"labely":39.139628,"TotalPop":23076,"PopDevPct":-0.01816956,"DemPct":0.35418393,"RepPct":0.59842585,"WhitePct":0.89153851,"MinorityPct":0.10846149,"BlackPct":0.0163009,"HispanicPct":0.03893785,"PacificPct":0.00126721,"AsianPct":0.01025287,"NativePct":0.03985946,"TotalVAP":17361,"Margin":-0.14581607,"color":"#820000","opacity":"0.5"},"geometry":{"type":"MultiPolygon","coordinates":[[[[-95.730222,39.216481],[-95.738381,39.216504],[-95.741631,39.216488],[-95.744269,39.216513],[-95.747921,39.216502],[-95.759281,39.21652],[-95.766376,39.21653],[-95.775764,39.216544],[-95.793843,39.21657],[-95.812377,39.216535],[-95.827521,39.216506],[-95.834925,39.216546],[-95.849172,39.216506],[-95.849206,39.216508],[-95.852942,39.216409],[-95.868285,39.216488],[-95.886289,39.216732],[-95.886741,39.21695],[-95.8871,39.216958],[-95.898032,39.216832],[-95.90516,39.216597],[-95.905235,39.216595],[-95.92388,39.216575],[-95.927635,39.216581],[-95.929452,39.216564],[-95.942468,39.216547],[-95.942534,39.216547],[-95.958889,39.216577],[-95.961163,39.216577],[-95.970495,39.216516],[-95.979804,39.216548],[-95.998383,39.216527],[-95.998446,39.216527],[-96.001903,39.216696],[-96.016763,39.216425],[-96.017063,39.216426],[-96.035573,39.21652],[-96.035563,39.210885],[-96.03557,39.209485],[-96.035602,39.202381],[-96.0357,39.180502],[-96.035701,39.180239],[-96.03577,39.158766],[-96.035823,39.148192],[-96.035665,39.144083],[-96.035899,39.129784],[-96.036855,39.129756],[-96.038996,39.129759],[-96.039026,39.128231],[-96.039032,39.127944],[-96.039032,39.127929],[-96.039032,39.127907],[-96.039032,39.127891],[-96.039033,39.127871],[-96.039039,39.127588],[-96.03906,39.126527],[-96.033783,39.124057],[-96.029419,39.122369],[-96.023846,39.121028],[-96.020336,39.120235],[-96.01675,39.120428],[-96.015696,39.120824],[-96.012555,39.122913],[-96.008877,39.128096],[-96.006495,39.130238],[-96.003788,39.132],[-95.999715,39.133566],[-95.996197,39.134162],[-95.993049,39.133387],[-95.99154,39.130739],[-95.991289,39.127234],[-95.992856,39.124998],[-95.995228,39.123658],[-95.998412,39.122645],[-96.005222,39.121798],[-96.007466,39.120222],[-96.009531,39.117641],[-96.009184,39.116151],[-96.008993,39.115818],[-96.004721,39.113661],[-96.002258,39.112201],[-96.000268,39.111405],[-95.999327,39.110935],[-95.997285,39.109741],[-95.996146,39.109622],[-95.995048,39.109309],[-95.993971,39.109262],[-95.992647,39.109474],[-95.990414,39.110122],[-95.988642,39.110966],[-95.986847,39.111858],[-95.984046,39.112602],[-95.982805,39.113159],[-95.980922,39.113257],[-95.978437,39.112675],[-95.976579,39.112245],[-95.972607,39.111569],[-95.96856,39.108435],[-95.965767,39.106657],[-95.965168,39.106252],[-95.963467,39.104531],[-95.962325,39.102104],[-95.958031,39.099722],[-95.956264,39.099043],[-95.948776,39.098516],[-95.946754,39.098685],[-95.941884,39.099012],[-95.940189,39.099501],[-95.937525,39.101051],[-95.937331,39.10126],[-95.936949,39.101409],[-95.936619,39.101419],[-95.936052,39.101292],[-95.934575,39.100981],[-95.931767,39.101342],[-95.928549,39.10096],[-95.925634,39.098094],[-95.922678,39.095796],[-95.920392,39.094352],[-95.918494,39.092131],[-95.918496,39.090468],[-95.919154,39.088741],[-95.916352,39.087695],[-95.915001,39.087716],[-95.912733,39.08853],[-95.909667,39.087654],[-95.90965,39.086452],[-95.903812,39.08516],[-95.902198,39.085283],[-95.901566,39.084808],[-95.897752,39.084152],[-95.891213,39.083939],[-95.88587,39.083524],[-95.8796,39.08373],[-95.875948,39.084327],[-95.873208,39.085119],[-95.870408,39.085055],[-95.865624,39.084511],[-95.86238,39.083234],[-95.857832,39.080447],[-95.85604,39.077679],[-95.85548,39.071295],[-95.853847,39.06907],[-95.851592,39.067759],[-95.84844,39.066687],[-95.841991,39.066591],[-95.835191,39.065919],[-95.826695,39.063295],[-95.824615,39.062144],[-95.819383,39.061376],[-95.816355,39.06144],[-95.813255,39.061664],[-95.806902,39.062448],[-95.794806,39.06376],[-95.780262,39.066999],[-95.770826,39.070689],[-95.752557,39.070698],[-95.752535,39.071822],[-95.752625,39.080005],[-95.748052,39.0801],[-95.746916,39.080125],[-95.74589,39.080146],[-95.732889,39.080476],[-95.730848,39.080911],[-95.73085,39.080779],[-95.73068,39.080818],[-95.73067,39.080954],[-95.730392,39.085054],[-95.730283,39.086661],[-95.729124,39.089303],[-95.728555,39.089517],[-95.725808,39.090559],[-95.725357,39.090727],[-95.721077,39.090764],[-95.719748,39.090772],[-95.71205,39.090834],[-95.696746,39.090949],[-95.685672,39.091039],[-95.673155,39.091131],[-95.67001,39.091126],[-95.667088,39.091105],[-95.664621,39.091117],[-95.662371,39.091132],[-95.661951,39.091136],[-95.660052,39.091121],[-95.650152,39.091149],[-95.643824,39.091178],[-95.642357,39.091187],[-95.640454,39.091193],[-95.63079,39.091238],[-95.626421,39.091293],[-95.624165,39.091604],[-95.624067,39.091459],[-95.62381,39.091207],[-95.623432,39.090906],[-95.623246,39.090686],[-95.623306,39.084368],[-95.625463,39.08532],[-95.625458,39.083723],[-95.621757,39.082299],[-95.613541,39.082029],[-95.610149,39.084166],[-95.606106,39.086118],[-95.600241,39.088177],[-95.594756,39.086399],[-95.594755,39.087427],[-95.594755,39.089659],[-95.594755,39.090305],[-95.594755,39.090479],[-95.594756,39.095859],[-95.594756,39.099711],[-95.594756,39.102111],[-95.594755,39.102546],[-95.594755,39.10984],[-95.594758,39.111208],[-95.594753,39.113359],[-95.594753,39.114209],[-95.59476,39.117058],[-95.59465,39.123728],[-95.594678,39.125237],[-95.594711,39.129253],[-95.593515,39.129255],[-95.592122,39.129249],[-95.590383,39.129252],[-95.590239,39.129254],[-95.590204,39.129254],[-95.590119,39.129255],[-95.589842,39.129222],[-95.589305,39.129159],[-95.589303,39.129316],[-95.589307,39.129868],[-95.589335,39.132822],[-95.589443,39.14378],[-95.589571,39.158278],[-95.589609,39.16213],[-95.589731,39.169781],[-95.589598,39.175309],[-95.58963,39.17999],[-95.589628,39.181321],[-95.589651,39.187244],[-95.589686,39.194484],[-95.589706,39.198077],[-95.589472,39.216081],[-95.608162,39.216123],[-95.608182,39.216123],[-95.615562,39.216162],[-95.619049,39.216185],[-95.621677,39.216312],[-95.625243,39.216493],[-95.636099,39.216457],[-95.645186,39.216474],[-95.654473,39.216423],[-95.654491,39.216423],[-95.663497,39.216464],[-95.667553,39.216436],[-95.673049,39.21644],[-95.675234,39.216442],[-95.691224,39.21641],[-95.691707,39.216408],[-95.701022,39.216408],[-95.715055,39.216442],[-95.719022,39.216458],[-95.719656,39.216459],[-95.730222,39.216481]]]]}},{"type":"Feature","properties":{"id":51,"NAME":"51","text-color":"#000000","text-size":16,"labelx":-96.212559,"labely":38.964336,"TotalPop":22839,"PopDevPct":-0.02825337,"DemPct":0.30383221,"RepPct":0.6434382,"WhitePct":0.88077612,"MinorityPct":0.11922388,"BlackPct":0.02179104,"HispanicPct":0.04722388,"PacificPct":0.00202985,"AsianPct":0.0160597,"NativePct":0.02943284,"TotalVAP":16750,"Margin":-0.19616779,"color":"#820000","opacity":"0.5"},"geometry":{"type":"MultiPolygon","coordinates":[[[[-96.352613,38.739021],[-96.348806,38.738933],[-96.334772,38.739228],[-96.330526,38.739263],[-96.313784,38.739151],[-96.288419,38.739096],[-96.279683,38.738949],[-96.265807,38.738884],[-96.261021,38.738861],[-96.24229,38.738885],[-96.223767,38.738773],[-96.21444,38.738937],[-96.197817,38.738967],[-96.195902,38.738969],[-96.186638,38.73898],[-96.166786,38.739006],[-96.14957,38.73903],[-96.131137,38.739069],[-96.112172,38.739105],[-96.105072,38.739],[-96.104915,38.739],[-96.094016,38.739025],[-96.075276,38.738956],[-96.069706,38.738921],[-96.056765,38.739044],[-96.038552,38.73896],[-96.03827,38.7389],[-96.019959,38.738918],[-96.001888,38.739106],[-95.984695,38.739119],[-95.983274,38.739123],[-95.974881,38.739168],[-95.964698,38.739259],[-95.952607,38.739132],[-95.952394,38.739132],[-95.945924,38.739112],[-95.946136,38.745884],[-95.946138,38.746103],[-95.946148,38.753549],[-95.946148,38.753727],[-95.946167,38.758168],[-95.946248,38.768266],[-95.946202,38.775592],[-95.946229,38.781426],[-95.946228,38.781806],[-95.946242,38.782595],[-95.946385,38.783915],[-95.946067,38.784914],[-95.946119,38.786007],[-95.946019,38.786573],[-95.946009,38.786806],[-95.945806,38.787412],[-95.945802,38.788096],[-95.946047,38.788501],[-95.94608,38.788603],[-95.946255,38.797163],[-95.946559,38.804502],[-95.946382,38.804741],[-95.946526,38.811755],[-95.946562,38.815183],[-95.946771,38.824718],[-95.9467,38.826347],[-95.946925,38.840919],[-95.946725,38.855501],[-95.946728,38.860352],[-95.946587,38.869973],[-95.946691,38.874547],[-95.946687,38.884555],[-95.946734,38.903815],[-95.946747,38.906432],[-95.946804,38.92101],[-95.946868,38.928445],[-95.946808,38.942876],[-95.946879,38.949577],[-95.946875,38.951919],[-95.9469,38.95706],[-95.946956,38.964337],[-95.9468,38.977681],[-95.946728,38.986417],[-95.94672,38.989578],[-95.946709,38.993617],[-95.946706,38.993984],[-95.946696,39.008214],[-95.946732,39.015398],[-95.946724,39.029908],[-95.946708,39.036846],[-95.946712,39.044047],[-95.946692,39.058282],[-95.94669,39.058498],[-95.946624,39.072806],[-95.946632,39.078859],[-95.946651,39.0929],[-95.946651,39.092943],[-95.946651,39.093041],[-95.94665,39.09313],[-95.946649,39.09321],[-95.946636,39.09447],[-95.946638,39.094734],[-95.946669,39.095436],[-95.946674,39.095659],[-95.94668,39.09592],[-95.946691,39.096428],[-95.946702,39.096824],[-95.946711,39.097153],[-95.946754,39.098685],[-95.948776,39.098516],[-95.956264,39.099043],[-95.958031,39.099722],[-95.962325,39.102104],[-95.963467,39.104531],[-95.965168,39.106252],[-95.965767,39.106657],[-95.96856,39.108435],[-95.972607,39.111569],[-95.976579,39.112245],[-95.978437,39.112675],[-95.980922,39.113257],[-95.982805,39.113159],[-95.984046,39.112602],[-95.986847,39.111858],[-95.988642,39.110966],[-95.990414,39.110122],[-95.992647,39.109474],[-95.993971,39.109262],[-95.995048,39.109309],[-95.996146,39.109622],[-95.997285,39.109741],[-95.999327,39.110935],[-96.000268,39.111405],[-96.002258,39.112201],[-96.004721,39.113661],[-96.008993,39.115818],[-96.009184,39.116151],[-96.009531,39.117641],[-96.007466,39.120222],[-96.005222,39.121798],[-95.998412,39.122645],[-95.995228,39.123658],[-95.992856,39.124998],[-95.991289,39.127234],[-95.99154,39.130739],[-95.993049,39.133387],[-95.996197,39.134162],[-95.999715,39.133566],[-96.003788,39.132],[-96.006495,39.130238],[-96.008877,39.128096],[-96.012555,39.122913],[-96.015696,39.120824],[-96.01675,39.120428],[-96.020336,39.120235],[-96.023846,39.121028],[-96.029419,39.122369],[-96.033783,39.124057],[-96.03906,39.126527],[-96.04121,39.127482],[-96.041855,39.129083],[-96.041801,39.129779],[-96.04144,39.131729],[-96.041006,39.132717],[-96.040144,39.137284],[-96.041165,39.139809],[-96.042591,39.14083],[-96.04398,39.141174],[-96.053651,39.141303],[-96.054935,39.141338],[-96.057937,39.141502],[-96.061246,39.142412],[-96.066122,39.144654],[-96.069175,39.146942],[-96.07764,39.150169],[-96.081493,39.150612],[-96.085704,39.151548],[-96.088225,39.152339],[-96.090585,39.153951],[-96.091262,39.155943],[-96.090892,39.158718],[-96.087898,39.161757],[-96.085775,39.162773],[-96.083867,39.163263],[-96.080783,39.16325],[-96.073426,39.162693],[-96.070846,39.162427],[-96.069003,39.161788],[-96.06814,39.161219],[-96.064278,39.158244],[-96.062867,39.157545],[-96.060202,39.157397],[-96.057658,39.158168],[-96.056796,39.160304],[-96.057232,39.162649],[-96.058763,39.164806],[-96.062685,39.168559],[-96.064997,39.171081],[-96.06675,39.173891],[-96.068119,39.176605],[-96.06871,39.179415],[-96.07107,39.181108],[-96.075864,39.185963],[-96.076325,39.186426],[-96.076426,39.186528],[-96.076641,39.186746],[-96.076703,39.186808],[-96.076739,39.186846],[-96.079628,39.190181],[-96.083557,39.193504],[-96.087692,39.193787],[-96.089305,39.193463],[-96.092638,39.191963],[-96.094218,39.19164],[-96.09626,39.191841],[-96.098959,39.193882],[-96.101075,39.196422],[-96.102498,39.198365],[-96.104418,39.200138],[-96.106968,39.201032],[-96.110458,39.20082],[-96.111619,39.200044],[-96.113278,39.197377],[-96.114841,39.192077],[-96.116559,39.189812],[-96.119284,39.188014],[-96.119989,39.187753],[-96.12012,39.187686],[-96.120144,39.187674],[-96.120246,39.187621],[-96.120362,39.187598],[-96.120381,39.187594],[-96.120397,39.187591],[-96.120413,39.187588],[-96.120652,39.187541],[-96.122757,39.187124],[-96.126685,39.18731],[-96.128608,39.187855],[-96.136234,39.190099],[-96.138094,39.19058],[-96.138343,39.19065],[-96.143448,39.191756],[-96.147481,39.192247],[-96.150391,39.192362],[-96.154427,39.192583],[-96.159052,39.192057],[-96.163607,39.191077],[-96.168682,39.190549],[-96.169429,39.190389],[-96.174675,39.18876],[-96.176741,39.188616],[-96.178732,39.189963],[-96.179298,39.192259],[-96.178809,39.195955],[-96.178652,39.198925],[-96.178654,39.199236],[-96.178749,39.201991],[-96.178807,39.2026],[-96.179256,39.204342],[-96.18007,39.205422],[-96.183323,39.206977],[-96.187525,39.207568],[-96.191248,39.207876],[-96.194127,39.207689],[-96.194785,39.20761],[-96.195735,39.207264],[-96.196789,39.20658],[-96.197854,39.20534],[-96.19832,39.204526],[-96.198473,39.20426],[-96.199472,39.203066],[-96.200083,39.202459],[-96.200746,39.201947],[-96.20148,39.201355],[-96.203074,39.200376],[-96.203415,39.20021],[-96.204213,39.199955],[-96.208064,39.199808],[-96.213305,39.199968],[-96.215846,39.200231],[-96.216654,39.200315],[-96.21975,39.200764],[-96.220711,39.201094],[-96.223357,39.203296],[-96.224494,39.205812],[-96.226239,39.208102],[-96.227718,39.209395],[-96.22915,39.210412],[-96.230738,39.211393],[-96.231214,39.211585],[-96.233671,39.212279],[-96.234956,39.212132],[-96.235091,39.213045],[-96.235344,39.213403],[-96.235609,39.213352],[-96.249904,39.210688],[-96.25568,39.209676],[-96.25932,39.209269],[-96.262594,39.209096],[-96.266527,39.209198],[-96.277385,39.209816],[-96.283311,39.209869],[-96.296163,39.210005],[-96.296428,39.210009],[-96.296683,39.210013],[-96.297911,39.210034],[-96.298472,39.210035],[-96.298952,39.210035],[-96.298994,39.210832],[-96.302392,39.210831],[-96.302463,39.211642],[-96.304013,39.211523],[-96.303869,39.210405],[-96.305522,39.210398],[-96.30553,39.210581],[-96.3056,39.211231],[-96.305635,39.211587],[-96.305874,39.214659],[-96.306316,39.217632],[-96.308752,39.217224],[-96.310777,39.217237],[-96.310776,39.217308],[-96.31133,39.217312],[-96.31237,39.217319],[-96.314852,39.217336],[-96.315474,39.21734],[-96.322069,39.217262],[-96.32466,39.217261],[-96.327204,39.217247],[-96.328564,39.217242],[-96.343451,39.217247],[-96.34335,39.215462],[-96.346159,39.21545],[-96.346451,39.21416],[-96.352112,39.214089],[-96.352152,39.217033],[-96.352292,39.217119],[-96.370712,39.217219],[-96.370705,39.216363],[-96.370694,39.212865],[-96.370676,39.21166],[-96.370906,39.210445],[-96.389275,39.210219],[-96.398429,39.209886],[-96.403206,39.209707],[-96.412376,39.209309],[-96.41266,39.221532],[-96.421859,39.221336],[-96.426711,39.221442],[-96.440616,39.221657],[-96.461612,39.222],[-96.462293,39.222866],[-96.463871,39.223561],[-96.463865,39.225615],[-96.468494,39.225648],[-96.470684,39.225212],[-96.472918,39.225599],[-96.482569,39.225687],[-96.501197,39.225728],[-96.501175,39.218597],[-96.501294,39.218399],[-96.506762,39.218418],[-96.510639,39.21842],[-96.516422,39.218429],[-96.520281,39.214713],[-96.525181,39.209978],[-96.525778,39.209403],[-96.526169,39.209724],[-96.526923,39.210562],[-96.530412,39.212403],[-96.531372,39.212492],[-96.533623,39.212408],[-96.535414,39.21264],[-96.536922,39.21419],[-96.538493,39.214834],[-96.539271,39.214845],[-96.540866,39.214279],[-96.541943,39.213486],[-96.54226,39.212094],[-96.54194,39.210183],[-96.542766,39.208947],[-96.543964,39.208417],[-96.54499,39.208324],[-96.54611,39.208404],[-96.548076,39.209922],[-96.548898,39.211343],[-96.549423,39.211351],[-96.550402,39.211346],[-96.551504,39.209453],[-96.554002,39.211069],[-96.557507,39.211061],[-96.557487,39.210058],[-96.557455,39.208567],[-96.557436,39.207702],[-96.559198,39.207704],[-96.560628,39.207706],[-96.561889,39.207708],[-96.562087,39.207708],[-96.56206,39.20594],[-96.560757,39.20575],[-96.560946,39.204086],[-96.560575,39.204086],[-96.56053,39.201749],[-96.560191,39.201746],[-96.559215,39.198948],[-96.559006,39.198485],[-96.56059,39.197723],[-96.560972,39.196235],[-96.560059,39.194524],[-96.558794,39.189278],[-96.558404,39.186669],[-96.55831,39.183884],[-96.558194,39.182983],[-96.557892,39.181974],[-96.557598,39.181445],[-96.557395,39.181082],[-96.556493,39.180138],[-96.555919,39.179721],[-96.555437,39.179497],[-96.553866,39.17895],[-96.554655,39.177163],[-96.555009,39.17492],[-96.555062,39.174793],[-96.556014,39.171419],[-96.556877,39.16553],[-96.55779,39.160316],[-96.558348,39.159497],[-96.56149,39.159503],[-96.563986,39.159236],[-96.566333,39.160113],[-96.567861,39.160323],[-96.569535,39.159643],[-96.570807,39.157086],[-96.570196,39.155734],[-96.569053,39.154884],[-96.567445,39.152478],[-96.565423,39.15087],[-96.561209,39.146534],[-96.559776,39.144539],[-96.559872,39.142345],[-96.56055,39.141684],[-96.563693,39.141283],[-96.568627,39.141344],[-96.572034,39.140875],[-96.573559,39.141474],[-96.574764,39.141273],[-96.578707,39.138655],[-96.580918,39.135736],[-96.582308,39.13279],[-96.582389,39.130947],[-96.582325,39.13095],[-96.571986,39.130757],[-96.565279,39.130914],[-96.565008,39.130905],[-96.564887,39.130895],[-96.56477,39.130871],[-96.564214,39.130618],[-96.563788,39.130425],[-96.544732,39.130321],[-96.538346,39.130362],[-96.538051,39.130361],[-96.519451,39.130405],[-96.519415,39.125127],[-96.519554,39.115955],[-96.519641,39.101628],[-96.519668,39.072872],[-96.500962,39.072681],[-96.500995,39.06809],[-96.501003,39.066811],[-96.501006,39.066543],[-96.501166,39.043666],[-96.50117,39.02001],[-96.501214,39.014897],[-96.501297,38.998915],[-96.501459,38.985908],[-96.50162,38.971431],[-96.501633,38.957055],[-96.501662,38.927678],[-96.501664,38.927508],[-96.501679,38.91332],[-96.50168,38.912856],[-96.50172,38.876846],[-96.501556,38.869704],[-96.501603,38.862382],[-96.501634,38.857901],[-96.501653,38.855142],[-96.501373,38.851804],[-96.501432,38.840646],[-96.501397,38.826188],[-96.482829,38.825967],[-96.476084,38.825994],[-96.468819,38.826034],[-96.464205,38.826028],[-96.445546,38.825835],[-96.436211,38.825673],[-96.42697,38.825507],[-96.408511,38.826032],[-96.390398,38.825858],[-96.390022,38.811325],[-96.38985,38.804235],[-96.389836,38.797245],[-96.389819,38.792999],[-96.389823,38.792862],[-96.389929,38.782663],[-96.389839,38.76817],[-96.38979,38.753594],[-96.390075,38.751931],[-96.389749,38.738984],[-96.375348,38.739006],[-96.371328,38.73917],[-96.352767,38.739262],[-96.352613,38.739021]]]]}},{"type":"Feature","properties":{"id":52,"NAME":"52","text-color":"#000000","text-size":16,"labelx":-95.798226,"labely":38.993283,"TotalPop":23602,"PopDevPct":0.00421052,"DemPct":0.43049396,"RepPct":0.52821532,"WhitePct":0.8337809,"MinorityPct":0.1662191,"BlackPct":0.04619938,"HispanicPct":0.05409108,"PacificPct":0.0014797,"AsianPct":0.03951334,"NativePct":0.02537403,"TotalVAP":18247,"Margin":-0.06950604,"color":"#ff463c","opacity":"0.5"},"geometry":{"type":"MultiPolygon","coordinates":[[[[-95.817069,38.956306],[-95.798465,38.956103],[-95.797004,38.95611],[-95.793022,38.95615],[-95.789967,38.95618],[-95.78188,38.956258],[-95.780676,38.956266],[-95.779782,38.956271],[-95.768082,38.95638],[-95.766509,38.956393],[-95.762053,38.956439],[-95.761262,38.95644],[-95.752697,38.956503],[-95.743476,38.95659],[-95.734634,38.956669],[-95.734454,38.956672],[-95.727624,38.956776],[-95.724756,38.95677],[-95.724759,38.957048],[-95.724875,38.96077],[-95.724892,38.961315],[-95.724895,38.961431],[-95.72491,38.967707],[-95.724962,38.97129],[-95.724925,38.978288],[-95.726838,38.978159],[-95.727994,38.978156],[-95.729597,38.978511],[-95.729574,38.979007],[-95.728652,38.979005],[-95.72916,38.981201],[-95.730113,38.981205],[-95.730111,38.983568],[-95.729803,38.983564],[-95.729155,38.983557],[-95.729162,38.98387],[-95.72916,38.984111],[-95.729235,38.984112],[-95.7298,38.984114],[-95.73011,38.984116],[-95.730121,38.984685],[-95.730101,38.985938],[-95.730116,38.988447],[-95.730112,38.989317],[-95.730143,38.993109],[-95.730156,38.994552],[-95.730159,38.996],[-95.730159,38.996255],[-95.730161,38.99712],[-95.73016,38.998031],[-95.73019,39.000314],[-95.730226,39.002322],[-95.730255,39.003123],[-95.730276,39.003637],[-95.730275,39.004442],[-95.730282,39.005774],[-95.730284,39.007195],[-95.72987,39.00936],[-95.729725,39.009553],[-95.732537,39.010932],[-95.737236,39.01226],[-95.743758,39.013476],[-95.746078,39.014476],[-95.746444,39.014411],[-95.748906,39.014413],[-95.752447,39.014672],[-95.754703,39.014653],[-95.757494,39.014628],[-95.758417,39.014619],[-95.759768,39.014606],[-95.76237,39.014585],[-95.767584,39.014559],[-95.767149,39.016751],[-95.767138,39.017824],[-95.767128,39.018747],[-95.767776,39.021031],[-95.770271,39.020058],[-95.772244,39.020029],[-95.773207,39.021389],[-95.774237,39.021675],[-95.774562,39.023357],[-95.774546,39.026076],[-95.774129,39.028387],[-95.774025,39.029016],[-95.77507,39.029006],[-95.775069,39.028878],[-95.775066,39.028552],[-95.775064,39.02828],[-95.775513,39.028273],[-95.775625,39.028271],[-95.775637,39.028271],[-95.775646,39.028657],[-95.775649,39.028822],[-95.775653,39.029001],[-95.778136,39.028976],[-95.78093,39.028946],[-95.780746,39.032606],[-95.780676,39.033956],[-95.780561,39.03623],[-95.780344,39.040487],[-95.780235,39.043409],[-95.780263,39.047056],[-95.780267,39.04754],[-95.780289,39.050651],[-95.780298,39.051988],[-95.78031,39.053422],[-95.78031,39.053545],[-95.780311,39.053714],[-95.780321,39.055351],[-95.780321,39.055479],[-95.780327,39.057941],[-95.780272,39.064939],[-95.780156,39.064957],[-95.780171,39.065125],[-95.780262,39.066999],[-95.794806,39.06376],[-95.806902,39.062448],[-95.813255,39.061664],[-95.816355,39.06144],[-95.819383,39.061376],[-95.824615,39.062144],[-95.826695,39.063295],[-95.835191,39.065919],[-95.835228,39.064565],[-95.835202,39.063097],[-95.835362,39.054509],[-95.835377,39.05369],[-95.835375,39.053404],[-95.835321,39.050511],[-95.835294,39.043296],[-95.835289,39.04193],[-95.834986,39.040525],[-95.835413,39.037455],[-95.835485,39.037353],[-95.835539,39.037283],[-95.835517,39.036944],[-95.835495,39.036585],[-95.835428,39.035542],[-95.835269,39.034998],[-95.835227,39.028859],[-95.835167,39.022473],[-95.835156,39.021635],[-95.835038,39.014403],[-95.835301,39.007624],[-95.835301,38.999916],[-95.835323,38.998105],[-95.83547,38.990204],[-95.835531,38.984994],[-95.835519,38.984961],[-95.835536,38.971055],[-95.835663,38.961624],[-95.83569,38.95649],[-95.830174,38.956438],[-95.819845,38.956333],[-95.817069,38.956306]]]]}},{"type":"Feature","properties":{"id":53,"NAME":"53","text-color":"#000000","text-size":16,"labelx":-95.751616,"labely":39.043809,"TotalPop":23144,"PopDevPct":-0.01527632,"DemPct":0.50733713,"RepPct":0.44359286,"WhitePct":0.77666738,"MinorityPct":0.22333262,"BlackPct":0.08849936,"HispanicPct":0.07727661,"PacificPct":0.00165669,"AsianPct":0.03024797,"NativePct":0.033882,"TotalVAP":18712,"Margin":0.00733713,"color":"#000082","opacity":"0.5"},"geometry":{"type":"MultiPolygon","coordinates":[[[[-95.724687,39.049427],[-95.724701,39.051238],[-95.724702,39.053069],[-95.724699,39.054885],[-95.724688,39.056689],[-95.724662,39.058517],[-95.724547,39.067512],[-95.724546,39.06765],[-95.728752,39.067379],[-95.731481,39.066869],[-95.731837,39.068783],[-95.731744,39.069639],[-95.731685,39.07019],[-95.731624,39.070754],[-95.734208,39.07039],[-95.73646,39.070099],[-95.738261,39.070299],[-95.752557,39.070698],[-95.770826,39.070689],[-95.780262,39.066999],[-95.780171,39.065125],[-95.780156,39.064957],[-95.780272,39.064939],[-95.780327,39.057941],[-95.780321,39.055479],[-95.780321,39.055351],[-95.780311,39.053714],[-95.78031,39.053545],[-95.78031,39.053422],[-95.780298,39.051988],[-95.780289,39.050651],[-95.780267,39.04754],[-95.780263,39.047056],[-95.780235,39.043409],[-95.780344,39.040487],[-95.780561,39.03623],[-95.780676,39.033956],[-95.780746,39.032606],[-95.78093,39.028946],[-95.778136,39.028976],[-95.775653,39.029001],[-95.775649,39.028822],[-95.775646,39.028657],[-95.775637,39.028271],[-95.775625,39.028271],[-95.775513,39.028273],[-95.775064,39.02828],[-95.775066,39.028552],[-95.775069,39.028878],[-95.77507,39.029006],[-95.774025,39.029016],[-95.774129,39.028387],[-95.774546,39.026076],[-95.774562,39.023357],[-95.774237,39.021675],[-95.773207,39.021389],[-95.772244,39.020029],[-95.770271,39.020058],[-95.767776,39.021031],[-95.767128,39.018747],[-95.767138,39.017824],[-95.767149,39.016751],[-95.767584,39.014559],[-95.76237,39.014585],[-95.759768,39.014606],[-95.758417,39.014619],[-95.757494,39.014628],[-95.754703,39.014653],[-95.752447,39.014672],[-95.748906,39.014413],[-95.746444,39.014411],[-95.746078,39.014476],[-95.743758,39.013476],[-95.737236,39.01226],[-95.732537,39.010932],[-95.729725,39.009553],[-95.728829,39.010849],[-95.728172,39.011815],[-95.727839,39.012291],[-95.727428,39.01288],[-95.72737,39.012962],[-95.726843,39.013717],[-95.726659,39.013981],[-95.726046,39.014893],[-95.72521,39.016641],[-95.725009,39.017437],[-95.725001,39.018138],[-95.724992,39.018968],[-95.724984,39.019801],[-95.724979,39.020624],[-95.724973,39.022178],[-95.724972,39.024061],[-95.724967,39.025452],[-95.724956,39.02744],[-95.724931,39.029489],[-95.724909,39.031352],[-95.724888,39.033139],[-95.724853,39.034934],[-95.724845,39.035875],[-95.724837,39.036779],[-95.724821,39.037699],[-95.724805,39.038582],[-95.724788,39.039507],[-95.724782,39.04042],[-95.724776,39.041308],[-95.724768,39.042201],[-95.724763,39.042759],[-95.72476,39.043085],[-95.72475,39.043965],[-95.724733,39.044758],[-95.724705,39.045786],[-95.724694,39.046696],[-95.724693,39.046817],[-95.724688,39.047533],[-95.724688,39.047602],[-95.724687,39.049427]]]]}},{"type":"Feature","properties":{"id":54,"NAME":"54","text-color":"#000000","text-size":16,"labelx":-95.808861,"labely":38.818467,"TotalPop":22912,"PopDevPct":-0.02514739,"DemPct":0.33209698,"RepPct":0.61651891,"WhitePct":0.89444477,"MinorityPct":0.10555523,"BlackPct":0.02161975,"HispanicPct":0.03948205,"PacificPct":0.0008671,"AsianPct":0.00838199,"NativePct":0.03266085,"TotalVAP":17299,"Margin":-0.16790302,"color":"#f80d00","opacity":"0.5"},"geometry":{"type":"MultiPolygon","coordinates":[[[[-95.614106,38.957036],[-95.632737,38.957087],[-95.639266,38.957089],[-95.646279,38.95709],[-95.650282,38.957101],[-95.651313,38.957104],[-95.654139,38.957096],[-95.659715,38.956993],[-95.663891,38.956993],[-95.670115,38.956936],[-95.676532,38.956947],[-95.680491,38.956964],[-95.682909,38.956953],[-95.685358,38.95705],[-95.687007,38.957061],[-95.687228,38.957062],[-95.687414,38.957069],[-95.687664,38.957065],[-95.696215,38.956864],[-95.697132,38.95685],[-95.701626,38.956851],[-95.709488,38.956862],[-95.709844,38.956859],[-95.717947,38.956811],[-95.724756,38.95677],[-95.727624,38.956776],[-95.734454,38.956672],[-95.734634,38.956669],[-95.743476,38.95659],[-95.752697,38.956503],[-95.761262,38.95644],[-95.762053,38.956439],[-95.766509,38.956393],[-95.768082,38.95638],[-95.779782,38.956271],[-95.780676,38.956266],[-95.78188,38.956258],[-95.789967,38.95618],[-95.793022,38.95615],[-95.797004,38.95611],[-95.798465,38.956103],[-95.817069,38.956306],[-95.819845,38.956333],[-95.830174,38.956438],[-95.83569,38.95649],[-95.835663,38.961624],[-95.835536,38.971055],[-95.835519,38.984961],[-95.835531,38.984994],[-95.83547,38.990204],[-95.835323,38.998105],[-95.835301,38.999916],[-95.835301,39.007624],[-95.835038,39.014403],[-95.835156,39.021635],[-95.835167,39.022473],[-95.835227,39.028859],[-95.835269,39.034998],[-95.835428,39.035542],[-95.835495,39.036585],[-95.835517,39.036944],[-95.835539,39.037283],[-95.835485,39.037353],[-95.835413,39.037455],[-95.834986,39.040525],[-95.835289,39.04193],[-95.835294,39.043296],[-95.835321,39.050511],[-95.835375,39.053404],[-95.835377,39.05369],[-95.835362,39.054509],[-95.835202,39.063097],[-95.835228,39.064565],[-95.835191,39.065919],[-95.841991,39.066591],[-95.84844,39.066687],[-95.851592,39.067759],[-95.853847,39.06907],[-95.85548,39.071295],[-95.85604,39.077679],[-95.857832,39.080447],[-95.86238,39.083234],[-95.865624,39.084511],[-95.870408,39.085055],[-95.873208,39.085119],[-95.875948,39.084327],[-95.8796,39.08373],[-95.88587,39.083524],[-95.891213,39.083939],[-95.897752,39.084152],[-95.901566,39.084808],[-95.902198,39.085283],[-95.903812,39.08516],[-95.90965,39.086452],[-95.909667,39.087654],[-95.912733,39.08853],[-95.915001,39.087716],[-95.916352,39.087695],[-95.919154,39.088741],[-95.918496,39.090468],[-95.918494,39.092131],[-95.920392,39.094352],[-95.922678,39.095796],[-95.925634,39.098094],[-95.928549,39.10096],[-95.931767,39.101342],[-95.934575,39.100981],[-95.936052,39.101292],[-95.936619,39.101419],[-95.936949,39.101409],[-95.937331,39.10126],[-95.937525,39.101051],[-95.940189,39.099501],[-95.941884,39.099012],[-95.946754,39.098685],[-95.946711,39.097153],[-95.946702,39.096824],[-95.946691,39.096428],[-95.94668,39.09592],[-95.946674,39.095659],[-95.946669,39.095436],[-95.946638,39.094734],[-95.946636,39.09447],[-95.946649,39.09321],[-95.94665,39.09313],[-95.946651,39.093041],[-95.946651,39.092943],[-95.946651,39.0929],[-95.946632,39.078859],[-95.946624,39.072806],[-95.94669,39.058498],[-95.946692,39.058282],[-95.946712,39.044047],[-95.946708,39.036846],[-95.946724,39.029908],[-95.946732,39.015398],[-95.946696,39.008214],[-95.946706,38.993984],[-95.946709,38.993617],[-95.94672,38.989578],[-95.946728,38.986417],[-95.9468,38.977681],[-95.946956,38.964337],[-95.9469,38.95706],[-95.946875,38.951919],[-95.946879,38.949577],[-95.946808,38.942876],[-95.946868,38.928445],[-95.946804,38.92101],[-95.946747,38.906432],[-95.946734,38.903815],[-95.946687,38.884555],[-95.946691,38.874547],[-95.946587,38.869973],[-95.946728,38.860352],[-95.946725,38.855501],[-95.946925,38.840919],[-95.9467,38.826347],[-95.946771,38.824718],[-95.946562,38.815183],[-95.946526,38.811755],[-95.946382,38.804741],[-95.946559,38.804502],[-95.946255,38.797163],[-95.94608,38.788603],[-95.946047,38.788501],[-95.945802,38.788096],[-95.945806,38.787412],[-95.946009,38.786806],[-95.946019,38.786573],[-95.946119,38.786007],[-95.946067,38.784914],[-95.946385,38.783915],[-95.946242,38.782595],[-95.946228,38.781806],[-95.946229,38.781426],[-95.946202,38.775592],[-95.946248,38.768266],[-95.946167,38.758168],[-95.946148,38.753727],[-95.946148,38.753549],[-95.946138,38.746103],[-95.946136,38.745884],[-95.945924,38.739112],[-95.945959,38.733701],[-95.946178,38.724547],[-95.946023,38.710022],[-95.945661,38.695363],[-95.949654,38.695385],[-95.949641,38.680753],[-95.931037,38.680682],[-95.912624,38.680691],[-95.89396,38.680663],[-95.875757,38.680892],[-95.856946,38.680836],[-95.839379,38.680679],[-95.838329,38.680668],[-95.83836,38.673538],[-95.837412,38.673474],[-95.819688,38.673427],[-95.819068,38.673456],[-95.818934,38.673462],[-95.816296,38.673389],[-95.810483,38.673456],[-95.810424,38.680728],[-95.801198,38.680731],[-95.783839,38.681174],[-95.78379,38.680943],[-95.779277,38.681181],[-95.750508,38.681278],[-95.746896,38.681294],[-95.737591,38.681368],[-95.728394,38.681416],[-95.725515,38.681396],[-95.725498,38.674133],[-95.710015,38.674134],[-95.686508,38.673934],[-95.683107,38.674016],[-95.683317,38.675729],[-95.683357,38.676045],[-95.682554,38.676076],[-95.683093,38.681154],[-95.65556,38.681126],[-95.636855,38.680894],[-95.636467,38.68121],[-95.636897,38.68198],[-95.636447,38.694007],[-95.637747,38.695302],[-95.639878,38.695295],[-95.639783,38.710928],[-95.636728,38.709825],[-95.630673,38.709823],[-95.627282,38.709826],[-95.627413,38.712218],[-95.626655,38.712751],[-95.628347,38.714513],[-95.63061,38.715419],[-95.631217,38.716084],[-95.630786,38.717823],[-95.629437,38.717511],[-95.628849,38.718363],[-95.630161,38.718818],[-95.630785,38.7224],[-95.629394,38.724276],[-95.612093,38.72445],[-95.602832,38.724377],[-95.593658,38.724313],[-95.585646,38.724349],[-95.577597,38.724364],[-95.574943,38.724365],[-95.56999,38.72432],[-95.565664,38.724297],[-95.556802,38.724209],[-95.556678,38.72421],[-95.555769,38.724618],[-95.5543,38.724217],[-95.547531,38.724239],[-95.540024,38.724262],[-95.538387,38.723838],[-95.537846,38.724255],[-95.519292,38.72431],[-95.514693,38.724296],[-95.510443,38.724283],[-95.500804,38.724252],[-95.500797,38.731194],[-95.500738,38.738808],[-95.501038,38.739721],[-95.500918,38.750073],[-95.500704,38.753314],[-95.500774,38.767815],[-95.500803,38.782263],[-95.500905,38.783176],[-95.500818,38.791892],[-95.500654,38.796805],[-95.500562,38.803984],[-95.500439,38.804079],[-95.500715,38.819251],[-95.500708,38.825929],[-95.500702,38.831768],[-95.500507,38.840467],[-95.500506,38.855024],[-95.500725,38.856006],[-95.500704,38.864144],[-95.500724,38.869815],[-95.500728,38.870287],[-95.500796,38.876862],[-95.500938,38.883903],[-95.500247,38.884224],[-95.500248,38.889145],[-95.500238,38.889413],[-95.500245,38.890686],[-95.500246,38.891189],[-95.500236,38.892209],[-95.500246,38.892346],[-95.500252,38.892469],[-95.500664,38.90594],[-95.500667,38.906366],[-95.500676,38.908022],[-95.500706,38.913244],[-95.500717,38.920602],[-95.500873,38.927637],[-95.500709,38.931607],[-95.500881,38.932831],[-95.500891,38.94228],[-95.500823,38.956818],[-95.500759,38.967665],[-95.500616,38.971368],[-95.500252,38.985895],[-95.500623,38.991193],[-95.500886,38.994132],[-95.501069,39.000542],[-95.50107,39.000674],[-95.501083,39.001849],[-95.501258,39.014929],[-95.501082,39.017985],[-95.501098,39.01804],[-95.501149,39.018161],[-95.501301,39.019077],[-95.501372,39.026134],[-95.5019,39.027453],[-95.501378,39.027785],[-95.501403,39.029435],[-95.501402,39.029511],[-95.501434,39.032246],[-95.501413,39.036549],[-95.50149,39.043669],[-95.500254,39.048089],[-95.500253,39.051718],[-95.500252,39.052977],[-95.500256,39.054632],[-95.500254,39.056656],[-95.502238,39.059296],[-95.505694,39.062447],[-95.507646,39.064607],[-95.510078,39.065967],[-95.513902,39.067151],[-95.516414,39.067183],[-95.521918,39.064959],[-95.532606,39.065727],[-95.534494,39.066095],[-95.539679,39.068607],[-95.542847,39.069103],[-95.548751,39.068319],[-95.551823,39.067071],[-95.554527,39.065647],[-95.558655,39.062559],[-95.564471,39.059406],[-95.56832,39.057184],[-95.570704,39.056096],[-95.57696,39.054384],[-95.579956,39.0541],[-95.582345,39.053998],[-95.583917,39.054971],[-95.58478,39.055447],[-95.584811,39.055464],[-95.584872,39.055498],[-95.585083,39.055614],[-95.589337,39.058433],[-95.596759,39.064672],[-95.598205,39.06763],[-95.598348,39.073514],[-95.594653,39.081904],[-95.594756,39.086399],[-95.600241,39.088177],[-95.606106,39.086118],[-95.610149,39.084166],[-95.613541,39.082029],[-95.621757,39.082299],[-95.621766,39.081395],[-95.621799,39.076998],[-95.621903,39.073437],[-95.613606,39.073449],[-95.613184,39.07343],[-95.612534,39.07343],[-95.61255,39.072983],[-95.612572,39.072758],[-95.612773,39.06614],[-95.610757,39.066095],[-95.609787,39.066892],[-95.606835,39.067708],[-95.605038,39.066613],[-95.604054,39.062443],[-95.603557,39.062441],[-95.603655,39.058847],[-95.604174,39.058847],[-95.606688,39.058847],[-95.613041,39.05885],[-95.61376,39.058851],[-95.613672,39.061335],[-95.615188,39.062493],[-95.615588,39.060668],[-95.618196,39.059749],[-95.620837,39.05975],[-95.620816,39.058848],[-95.622483,39.058847],[-95.622561,39.055563],[-95.622561,39.055443],[-95.622536,39.053364],[-95.622629,39.051564],[-95.622775,39.044246],[-95.619811,39.044286],[-95.617596,39.044272],[-95.617391,39.04427],[-95.614719,39.044267],[-95.613526,39.044283],[-95.613557,39.042803],[-95.613609,39.040614],[-95.613674,39.038019],[-95.613703,39.03701],[-95.613742,39.035584],[-95.613742,39.035263],[-95.61375,39.035108],[-95.613794,39.034443],[-95.6138,39.034256],[-95.613843,39.033122],[-95.613862,39.032623],[-95.613875,39.032287],[-95.613901,39.030953],[-95.613939,39.030657],[-95.613946,39.030502],[-95.613976,39.029258],[-95.612263,39.029691],[-95.601922,39.029633],[-95.598233,39.029598],[-95.598569,39.027967],[-95.598678,39.025353],[-95.598107,39.024787],[-95.596,39.024526],[-95.594664,39.024498],[-95.594559,39.022185],[-95.594571,39.021809],[-95.591417,39.021789],[-95.59154,39.020328],[-95.591639,39.019178],[-95.587564,39.019238],[-95.585999,39.019274],[-95.586053,39.015107],[-95.586353,39.000603],[-95.586362,38.997066],[-95.586386,38.988852],[-95.586393,38.986073],[-95.595702,38.986015],[-95.595625,38.975223],[-95.595604,38.971537],[-95.595546,38.960845],[-95.595526,38.95704],[-95.595656,38.95704],[-95.614106,38.957036]]]]}},{"type":"Feature","properties":{"id":55,"NAME":"55","text-color":"#000000","text-size":16,"labelx":-95.706717,"labely":39.055818,"TotalPop":23517,"PopDevPct":0.00059397,"DemPct":0.58797108,"RepPct":0.35714286,"WhitePct":0.72427354,"MinorityPct":0.27572646,"BlackPct":0.10405287,"HispanicPct":0.11940135,"PacificPct":0.00273105,"AsianPct":0.01414682,"NativePct":0.04675552,"TotalVAP":18308,"Margin":0.08797108,"color":"#0000f8","opacity":"0.5"},"geometry":{"type":"MultiPolygon","coordinates":[[[[-95.72475,39.043965],[-95.72476,39.043085],[-95.724763,39.042759],[-95.724768,39.042201],[-95.724776,39.041308],[-95.724782,39.04042],[-95.724788,39.039507],[-95.724805,39.038582],[-95.724821,39.037699],[-95.724837,39.036779],[-95.724845,39.035875],[-95.724853,39.034934],[-95.724888,39.033139],[-95.724909,39.031352],[-95.724931,39.029489],[-95.723784,39.029502],[-95.722607,39.02949],[-95.721294,39.029504],[-95.719955,39.029518],[-95.718558,39.029534],[-95.717263,39.029548],[-95.715574,39.029566],[-95.714134,39.029578],[-95.713265,39.029587],[-95.712133,39.029599],[-95.710961,39.029627],[-95.70981,39.029653],[-95.709249,39.029665],[-95.70865,39.029678],[-95.708035,39.029687],[-95.70751,39.029695],[-95.706225,39.029708],[-95.705083,39.029715],[-95.703964,39.029715],[-95.702394,39.029714],[-95.701418,39.029714],[-95.700802,39.029714],[-95.700302,39.02971],[-95.698058,39.029701],[-95.696898,39.029702],[-95.695496,39.029698],[-95.694197,39.029696],[-95.692871,39.029694],[-95.691548,39.029694],[-95.690251,39.029689],[-95.688911,39.029688],[-95.687593,39.029702],[-95.687599,39.031012],[-95.687588,39.032409],[-95.687577,39.033931],[-95.687566,39.035421],[-95.687529,39.036925],[-95.68882,39.036926],[-95.688882,39.036926],[-95.690185,39.036922],[-95.691506,39.03692],[-95.691486,39.038759],[-95.691725,39.038759],[-95.691814,39.039979],[-95.691792,39.041025],[-95.691694,39.04224],[-95.691597,39.042673],[-95.690853,39.042678],[-95.690843,39.04414],[-95.690848,39.045833],[-95.690864,39.047345],[-95.689304,39.047349],[-95.68773,39.047376],[-95.68765,39.04739],[-95.687568,39.047392],[-95.687474,39.047381],[-95.687311,39.047338],[-95.687069,39.047274],[-95.686374,39.047091],[-95.684964,39.046726],[-95.683566,39.04636],[-95.682106,39.045983],[-95.681495,39.047418],[-95.680876,39.048866],[-95.680246,39.050313],[-95.679628,39.05176],[-95.679009,39.053205],[-95.67839,39.054653],[-95.677787,39.056033],[-95.677184,39.057415],[-95.676594,39.058804],[-95.676404,39.059251],[-95.676368,39.059334],[-95.676079,39.060008],[-95.67479,39.062996],[-95.674415,39.063857],[-95.675541,39.064514],[-95.678427,39.067006],[-95.680259,39.068599],[-95.685359,39.070799],[-95.687459,39.071999],[-95.692959,39.074099],[-95.70636,39.074099],[-95.72136,39.071599],[-95.72436,39.071799],[-95.731101,39.070815],[-95.731624,39.070754],[-95.731685,39.07019],[-95.731744,39.069639],[-95.731837,39.068783],[-95.731481,39.066869],[-95.728752,39.067379],[-95.724546,39.06765],[-95.724547,39.067512],[-95.724662,39.058517],[-95.724688,39.056689],[-95.724699,39.054885],[-95.724702,39.053069],[-95.724701,39.051238],[-95.724687,39.049427],[-95.724688,39.047602],[-95.724688,39.047533],[-95.724693,39.046817],[-95.724694,39.046696],[-95.724705,39.045786],[-95.724733,39.044758],[-95.72475,39.043965]]]]}},{"type":"Feature","properties":{"id":56,"NAME":"56","text-color":"#000000","text-size":16,"labelx":-95.70894,"labely":39.002191,"TotalPop":23535,"PopDevPct":0.00135982,"DemPct":0.5,"RepPct":0.44896604,"WhitePct":0.75213629,"MinorityPct":0.24786371,"BlackPct":0.11157677,"HispanicPct":0.08196811,"PacificPct":0.0019594,"AsianPct":0.02411147,"NativePct":0.03858923,"TotalVAP":18373,"Margin":0,"color":"#0000f8","opacity":"0.5"},"geometry":{"type":"MultiPolygon","coordinates":[[[[-95.68762,39.012223],[-95.687615,39.013116],[-95.687588,39.015181],[-95.686954,39.018027],[-95.685347,39.022436],[-95.68618,39.022426],[-95.687605,39.022436],[-95.6889,39.022428],[-95.688918,39.023661],[-95.688919,39.024862],[-95.68892,39.02607],[-95.688908,39.027046],[-95.688914,39.028027],[-95.688912,39.029168],[-95.688911,39.029688],[-95.690251,39.029689],[-95.691548,39.029694],[-95.692871,39.029694],[-95.694197,39.029696],[-95.695496,39.029698],[-95.696898,39.029702],[-95.698058,39.029701],[-95.700302,39.02971],[-95.700802,39.029714],[-95.701418,39.029714],[-95.702394,39.029714],[-95.703964,39.029715],[-95.705083,39.029715],[-95.706225,39.029708],[-95.70751,39.029695],[-95.708035,39.029687],[-95.70865,39.029678],[-95.709249,39.029665],[-95.70981,39.029653],[-95.710961,39.029627],[-95.712133,39.029599],[-95.713265,39.029587],[-95.714134,39.029578],[-95.715574,39.029566],[-95.717263,39.029548],[-95.718558,39.029534],[-95.719955,39.029518],[-95.721294,39.029504],[-95.722607,39.02949],[-95.723784,39.029502],[-95.724931,39.029489],[-95.724956,39.02744],[-95.724967,39.025452],[-95.724972,39.024061],[-95.724973,39.022178],[-95.724979,39.020624],[-95.724984,39.019801],[-95.724992,39.018968],[-95.725001,39.018138],[-95.725009,39.017437],[-95.72521,39.016641],[-95.726046,39.014893],[-95.726659,39.013981],[-95.726843,39.013717],[-95.72737,39.012962],[-95.727428,39.01288],[-95.727839,39.012291],[-95.728172,39.011815],[-95.728829,39.010849],[-95.729725,39.009553],[-95.72987,39.00936],[-95.730284,39.007195],[-95.730282,39.005774],[-95.730275,39.004442],[-95.730276,39.003637],[-95.730255,39.003123],[-95.730226,39.002322],[-95.73019,39.000314],[-95.73016,38.998031],[-95.730161,38.99712],[-95.730159,38.996255],[-95.730159,38.996],[-95.730156,38.994552],[-95.730143,38.993109],[-95.730112,38.989317],[-95.730116,38.988447],[-95.730101,38.985938],[-95.730121,38.984685],[-95.73011,38.984116],[-95.7298,38.984114],[-95.729235,38.984112],[-95.72916,38.984111],[-95.729162,38.98387],[-95.729155,38.983557],[-95.729803,38.983564],[-95.730111,38.983568],[-95.730113,38.981205],[-95.72916,38.981201],[-95.728652,38.979005],[-95.729574,38.979007],[-95.729597,38.978511],[-95.727994,38.978156],[-95.726838,38.978159],[-95.724925,38.978288],[-95.724962,38.97129],[-95.72491,38.967707],[-95.724895,38.961431],[-95.724892,38.961315],[-95.724875,38.96077],[-95.724759,38.957048],[-95.724756,38.95677],[-95.717947,38.956811],[-95.709844,38.956859],[-95.709488,38.956862],[-95.701626,38.956851],[-95.697132,38.95685],[-95.696215,38.956864],[-95.687664,38.957065],[-95.687414,38.957069],[-95.687228,38.957062],[-95.687007,38.957061],[-95.685358,38.95705],[-95.682909,38.956953],[-95.680491,38.956964],[-95.676532,38.956947],[-95.670115,38.956936],[-95.663891,38.956993],[-95.659715,38.956993],[-95.654139,38.957096],[-95.651313,38.957104],[-95.650282,38.957101],[-95.646279,38.95709],[-95.639266,38.957089],[-95.632737,38.957087],[-95.614106,38.957036],[-95.595656,38.95704],[-95.595526,38.95704],[-95.595546,38.960845],[-95.595604,38.971537],[-95.595625,38.975223],[-95.595702,38.986015],[-95.602643,38.986042],[-95.614394,38.986112],[-95.616807,38.986135],[-95.620342,38.986172],[-95.62599,38.986192],[-95.626887,38.986198],[-95.627375,38.986201],[-95.632938,38.986186],[-95.632939,38.989794],[-95.633019,38.993313],[-95.634256,38.993377],[-95.637525,38.993394],[-95.650651,38.993433],[-95.651618,38.993435],[-95.653266,38.993444],[-95.658148,38.993444],[-95.66096,38.993444],[-95.661271,38.99366],[-95.66595,38.993409],[-95.66789,38.993438],[-95.670457,38.993404],[-95.670466,38.994042],[-95.670475,38.994678],[-95.670477,38.994828],[-95.675124,38.992514],[-95.677525,38.991817],[-95.679545,38.991696],[-95.684948,38.991689],[-95.68633,38.991687],[-95.687699,38.991684],[-95.687682,38.993414],[-95.687679,38.993813],[-95.687669,38.994388],[-95.687679,38.997768],[-95.687672,38.999604],[-95.687668,39.00058],[-95.687657,39.002881],[-95.68765,39.004717],[-95.687645,39.007278],[-95.68764,39.008414],[-95.687637,39.009123],[-95.68762,39.012223]]]]}},{"type":"Feature","properties":{"id":57,"NAME":"57","text-color":"#000000","text-size":16,"labelx":-95.646823,"labely":39.065842,"TotalPop":23487,"PopDevPct":-0.00068246,"DemPct":0.54344023,"RepPct":0.40145773,"WhitePct":0.62414604,"MinorityPct":0.37585396,"BlackPct":0.11641841,"HispanicPct":0.2125658,"PacificPct":0.00263187,"AsianPct":0.00817561,"NativePct":0.05297346,"TotalVAP":17858,"Margin":0.04344023,"color":"#000082","opacity":"0.5"},"geometry":{"type":"MultiPolygon","coordinates":[[[[-95.621766,39.081395],[-95.621757,39.082299],[-95.625458,39.083723],[-95.625463,39.08532],[-95.623306,39.084368],[-95.623246,39.090686],[-95.623432,39.090906],[-95.62381,39.091207],[-95.624067,39.091459],[-95.624165,39.091604],[-95.626421,39.091293],[-95.63079,39.091238],[-95.640454,39.091193],[-95.642357,39.091187],[-95.643824,39.091178],[-95.650152,39.091149],[-95.660052,39.091121],[-95.661951,39.091136],[-95.662371,39.091132],[-95.664621,39.091117],[-95.667088,39.091105],[-95.67001,39.091126],[-95.673155,39.091131],[-95.685672,39.091039],[-95.696746,39.090949],[-95.71205,39.090834],[-95.719748,39.090772],[-95.721077,39.090764],[-95.725357,39.090727],[-95.725808,39.090559],[-95.728555,39.089517],[-95.729124,39.089303],[-95.730283,39.086661],[-95.730392,39.085054],[-95.73067,39.080954],[-95.73068,39.080818],[-95.73085,39.080779],[-95.730848,39.080911],[-95.732889,39.080476],[-95.74589,39.080146],[-95.746916,39.080125],[-95.748052,39.0801],[-95.752625,39.080005],[-95.752535,39.071822],[-95.752557,39.070698],[-95.738261,39.070299],[-95.73646,39.070099],[-95.734208,39.07039],[-95.731624,39.070754],[-95.731101,39.070815],[-95.72436,39.071799],[-95.72136,39.071599],[-95.70636,39.074099],[-95.692959,39.074099],[-95.687459,39.071999],[-95.685359,39.070799],[-95.680259,39.068599],[-95.678427,39.067006],[-95.675541,39.064514],[-95.674415,39.063857],[-95.67479,39.062996],[-95.676079,39.060008],[-95.676368,39.059334],[-95.676404,39.059251],[-95.676594,39.058804],[-95.677184,39.057415],[-95.677787,39.056033],[-95.67839,39.054653],[-95.679009,39.053205],[-95.679628,39.05176],[-95.680246,39.050313],[-95.680876,39.048866],[-95.681495,39.047418],[-95.682106,39.045983],[-95.682688,39.044596],[-95.681251,39.044209],[-95.679698,39.043842],[-95.678396,39.04351],[-95.676956,39.043135],[-95.676377,39.044473],[-95.674953,39.044114],[-95.673536,39.04373],[-95.672931,39.045188],[-95.672059,39.044963],[-95.671863,39.044906],[-95.671416,39.044789],[-95.670088,39.044458],[-95.66878,39.044235],[-95.668682,39.044225],[-95.667765,39.044193],[-95.667668,39.04419],[-95.665223,39.044194],[-95.664772,39.04423],[-95.664035,39.044239],[-95.663509,39.044242],[-95.662703,39.044245],[-95.661777,39.044248],[-95.661698,39.044248],[-95.660044,39.044249],[-95.660119,39.042488],[-95.660196,39.04083],[-95.66025,39.039722],[-95.66026,39.039137],[-95.660333,39.037226],[-95.660337,39.037091],[-95.660409,39.034202],[-95.660448,39.033333],[-95.660526,39.032599],[-95.660582,39.031168],[-95.660595,39.030842],[-95.660631,39.029779],[-95.659683,39.029774],[-95.658009,39.029777],[-95.655454,39.029784],[-95.654676,39.029786],[-95.6529,39.029802],[-95.651157,39.029818],[-95.650035,39.029804],[-95.648902,39.029801],[-95.644196,39.029779],[-95.641891,39.02977],[-95.637434,39.029719],[-95.636992,39.029674],[-95.632644,39.029703],[-95.632762,39.025176],[-95.632758,39.024511],[-95.632882,39.022683],[-95.63289,39.022066],[-95.632893,39.021871],[-95.632921,39.019838],[-95.629739,39.019795],[-95.629197,39.018468],[-95.629226,39.016706],[-95.62925,39.015167],[-95.623498,39.01516],[-95.61838,39.015147],[-95.614237,39.015141],[-95.611119,39.01509],[-95.610085,39.015081],[-95.609549,39.015074],[-95.608946,39.015067],[-95.606532,39.015051],[-95.604269,39.015039],[-95.602173,39.015035],[-95.600767,39.01504],[-95.597389,39.015018],[-95.596118,39.015014],[-95.595587,39.015015],[-95.594731,39.015017],[-95.591809,39.015038],[-95.588854,39.015076],[-95.586709,39.015098],[-95.586053,39.015107],[-95.585999,39.019274],[-95.587564,39.019238],[-95.591639,39.019178],[-95.59154,39.020328],[-95.591417,39.021789],[-95.594571,39.021809],[-95.594559,39.022185],[-95.594664,39.024498],[-95.596,39.024526],[-95.598107,39.024787],[-95.598678,39.025353],[-95.598569,39.027967],[-95.598233,39.029598],[-95.601922,39.029633],[-95.612263,39.029691],[-95.613976,39.029258],[-95.613946,39.030502],[-95.613939,39.030657],[-95.613901,39.030953],[-95.613875,39.032287],[-95.613862,39.032623],[-95.613843,39.033122],[-95.6138,39.034256],[-95.613794,39.034443],[-95.61375,39.035108],[-95.613742,39.035263],[-95.613742,39.035584],[-95.613703,39.03701],[-95.613674,39.038019],[-95.613609,39.040614],[-95.613557,39.042803],[-95.613526,39.044283],[-95.614719,39.044267],[-95.617391,39.04427],[-95.617596,39.044272],[-95.619811,39.044286],[-95.622775,39.044246],[-95.622629,39.051564],[-95.622536,39.053364],[-95.622561,39.055443],[-95.622561,39.055563],[-95.622483,39.058847],[-95.620816,39.058848],[-95.620837,39.05975],[-95.618196,39.059749],[-95.615588,39.060668],[-95.615188,39.062493],[-95.613672,39.061335],[-95.61376,39.058851],[-95.613041,39.05885],[-95.606688,39.058847],[-95.604174,39.058847],[-95.603655,39.058847],[-95.603557,39.062441],[-95.604054,39.062443],[-95.605038,39.066613],[-95.606835,39.067708],[-95.609787,39.066892],[-95.610757,39.066095],[-95.612773,39.06614],[-95.612572,39.072758],[-95.61255,39.072983],[-95.612534,39.07343],[-95.613184,39.07343],[-95.613606,39.073449],[-95.621903,39.073437],[-95.621799,39.076998],[-95.621766,39.081395]]]]}},{"type":"Feature","properties":{"id":58,"NAME":"58","text-color":"#000000","text-size":16,"labelx":-95.668992,"labely":39.013272,"TotalPop":23516,"PopDevPct":0.00055142,"DemPct":0.60248691,"RepPct":0.35065445,"WhitePct":0.52495455,"MinorityPct":0.47504545,"BlackPct":0.21253885,"HispanicPct":0.21734796,"PacificPct":0.00216996,"AsianPct":0.01366489,"NativePct":0.05424902,"TotalVAP":17051,"Margin":0.10248691,"color":"#0000f8","opacity":"0.5"},"geometry":{"type":"MultiPolygon","coordinates":[[[[-95.687593,39.029702],[-95.688911,39.029688],[-95.688912,39.029168],[-95.688914,39.028027],[-95.688908,39.027046],[-95.68892,39.02607],[-95.688919,39.024862],[-95.688918,39.023661],[-95.6889,39.022428],[-95.687605,39.022436],[-95.68618,39.022426],[-95.685347,39.022436],[-95.686954,39.018027],[-95.687588,39.015181],[-95.687615,39.013116],[-95.68762,39.012223],[-95.687637,39.009123],[-95.68764,39.008414],[-95.687645,39.007278],[-95.68765,39.004717],[-95.687657,39.002881],[-95.687668,39.00058],[-95.687672,38.999604],[-95.687679,38.997768],[-95.687669,38.994388],[-95.687679,38.993813],[-95.687682,38.993414],[-95.687699,38.991684],[-95.68633,38.991687],[-95.684948,38.991689],[-95.679545,38.991696],[-95.677525,38.991817],[-95.675124,38.992514],[-95.670477,38.994828],[-95.670475,38.994678],[-95.670466,38.994042],[-95.670457,38.993404],[-95.66789,38.993438],[-95.66595,38.993409],[-95.661271,38.99366],[-95.66096,38.993444],[-95.658148,38.993444],[-95.653266,38.993444],[-95.651618,38.993435],[-95.650651,38.993433],[-95.637525,38.993394],[-95.634256,38.993377],[-95.633019,38.993313],[-95.632939,38.989794],[-95.632938,38.986186],[-95.627375,38.986201],[-95.626887,38.986198],[-95.62599,38.986192],[-95.620342,38.986172],[-95.616807,38.986135],[-95.614394,38.986112],[-95.602643,38.986042],[-95.595702,38.986015],[-95.586393,38.986073],[-95.586386,38.988852],[-95.586362,38.997066],[-95.586353,39.000603],[-95.586053,39.015107],[-95.586709,39.015098],[-95.588854,39.015076],[-95.591809,39.015038],[-95.594731,39.015017],[-95.595587,39.015015],[-95.596118,39.015014],[-95.597389,39.015018],[-95.600767,39.01504],[-95.602173,39.015035],[-95.604269,39.015039],[-95.606532,39.015051],[-95.608946,39.015067],[-95.609549,39.015074],[-95.610085,39.015081],[-95.611119,39.01509],[-95.614237,39.015141],[-95.61838,39.015147],[-95.623498,39.01516],[-95.62925,39.015167],[-95.629226,39.016706],[-95.629197,39.018468],[-95.629739,39.019795],[-95.632921,39.019838],[-95.632893,39.021871],[-95.63289,39.022066],[-95.632882,39.022683],[-95.632758,39.024511],[-95.632762,39.025176],[-95.632644,39.029703],[-95.636992,39.029674],[-95.637434,39.029719],[-95.641891,39.02977],[-95.644196,39.029779],[-95.648902,39.029801],[-95.650035,39.029804],[-95.651157,39.029818],[-95.6529,39.029802],[-95.654676,39.029786],[-95.655454,39.029784],[-95.658009,39.029777],[-95.659683,39.029774],[-95.660631,39.029779],[-95.660595,39.030842],[-95.660582,39.031168],[-95.660526,39.032599],[-95.660448,39.033333],[-95.660409,39.034202],[-95.660337,39.037091],[-95.660333,39.037226],[-95.66026,39.039137],[-95.66025,39.039722],[-95.660196,39.04083],[-95.660119,39.042488],[-95.660044,39.044249],[-95.661698,39.044248],[-95.661777,39.044248],[-95.662703,39.044245],[-95.663509,39.044242],[-95.664035,39.044239],[-95.664772,39.04423],[-95.665223,39.044194],[-95.667668,39.04419],[-95.667765,39.044193],[-95.668682,39.044225],[-95.66878,39.044235],[-95.670088,39.044458],[-95.671416,39.044789],[-95.671863,39.044906],[-95.672059,39.044963],[-95.672931,39.045188],[-95.673536,39.04373],[-95.674953,39.044114],[-95.676377,39.044473],[-95.676956,39.043135],[-95.678396,39.04351],[-95.679698,39.043842],[-95.681251,39.044209],[-95.682688,39.044596],[-95.682106,39.045983],[-95.683566,39.04636],[-95.684964,39.046726],[-95.686374,39.047091],[-95.687069,39.047274],[-95.687311,39.047338],[-95.687474,39.047381],[-95.687568,39.047392],[-95.68765,39.04739],[-95.68773,39.047376],[-95.689304,39.047349],[-95.690864,39.047345],[-95.690848,39.045833],[-95.690843,39.04414],[-95.690853,39.042678],[-95.691597,39.042673],[-95.691694,39.04224],[-95.691792,39.041025],[-95.691814,39.039979],[-95.691725,39.038759],[-95.691486,39.038759],[-95.691506,39.03692],[-95.690185,39.036922],[-95.688882,39.036926],[-95.68882,39.036926],[-95.687529,39.036925],[-95.687566,39.035421],[-95.687577,39.033931],[-95.687588,39.032409],[-95.687599,39.031012],[-95.687593,39.029702]]]]}},{"type":"Feature","properties":{"id":59,"NAME":"59","text-color":"#000000","text-size":16,"labelx":-95.325025,"labely":38.564402,"TotalPop":22916,"PopDevPct":-0.02497719,"DemPct":0.3017024,"RepPct":0.6489071,"WhitePct":0.8879232,"MinorityPct":0.1120768,"BlackPct":0.02226767,"HispanicPct":0.04027494,"PacificPct":0.00096569,"AsianPct":0.00783913,"NativePct":0.03828675,"TotalVAP":17604,"Margin":-0.1982976,"color":"#f80d00","opacity":"0.5"},"geometry":{"type":"MultiPolygon","coordinates":[[[[-95.360246,38.390137],[-95.341049,38.39018],[-95.331035,38.390163],[-95.312516,38.390084],[-95.304024,38.390097],[-95.285608,38.390162],[-95.267133,38.390124],[-95.257989,38.390185],[-95.248779,38.390256],[-95.248189,38.390259],[-95.231635,38.390322],[-95.219826,38.390281],[-95.216964,38.390463],[-95.213201,38.389785],[-95.210054,38.390464],[-95.194784,38.390198],[-95.184392,38.390093],[-95.178446,38.39012],[-95.176379,38.390079],[-95.176208,38.390078],[-95.157773,38.390006],[-95.139084,38.389924],[-95.134867,38.390205],[-95.124975,38.390025],[-95.116226,38.389914],[-95.11597,38.389916],[-95.113596,38.390121],[-95.106006,38.389959],[-95.102684,38.38992],[-95.091253,38.389767],[-95.084162,38.389861],[-95.083948,38.389713],[-95.074417,38.389765],[-95.065831,38.389945],[-95.065894,38.397206],[-95.065945,38.403272],[-95.065955,38.404328],[-95.066033,38.41153],[-95.065779,38.422498],[-95.065675,38.440535],[-95.065663,38.447822],[-95.065354,38.449844],[-95.065392,38.453941],[-95.065396,38.454328],[-95.065538,38.469722],[-95.06559,38.47721],[-95.065563,38.491371],[-95.065538,38.498665],[-95.065715,38.507362],[-95.065663,38.516388],[-95.065632,38.516425],[-95.065526,38.51655],[-95.065506,38.516577],[-95.065484,38.516607],[-95.065483,38.516671],[-95.065337,38.523199],[-95.065299,38.53529],[-95.065255,38.550701],[-95.065218,38.551756],[-95.065128,38.553246],[-95.065076,38.554165],[-95.065074,38.557125],[-95.065069,38.564589],[-95.065061,38.578978],[-95.065187,38.586414],[-95.065281,38.589796],[-95.065112,38.597994],[-95.065245,38.608064],[-95.065246,38.608177],[-95.065309,38.615198],[-95.065097,38.622856],[-95.064919,38.625004],[-95.064996,38.62915],[-95.065107,38.63714],[-95.065225,38.65174],[-95.072198,38.651823],[-95.083791,38.651832],[-95.102357,38.651819],[-95.11164,38.651856],[-95.117558,38.651867],[-95.121074,38.651898],[-95.137199,38.651959],[-95.15583,38.652107],[-95.165201,38.652223],[-95.174495,38.652226],[-95.1744,38.660493],[-95.174387,38.663135],[-95.174385,38.663423],[-95.174316,38.666778],[-95.174335,38.679956],[-95.174298,38.681374],[-95.174326,38.688055],[-95.17421,38.694995],[-95.167689,38.695],[-95.167647,38.709468],[-95.167616,38.723986],[-95.167545,38.738471],[-95.173585,38.738494],[-95.177014,38.738492],[-95.186381,38.738505],[-95.191515,38.73855],[-95.194691,38.738356],[-95.201598,38.738456],[-95.201908,38.738462],[-95.204755,38.738584],[-95.214102,38.738599],[-95.233637,38.738656],[-95.24159,38.738678],[-95.241747,38.738678],[-95.242894,38.738678],[-95.260364,38.738623],[-95.265941,38.738625],[-95.267421,38.73862],[-95.267726,38.73862],[-95.268446,38.73862],[-95.278916,38.738609],[-95.288179,38.738628],[-95.297387,38.738639],[-95.315944,38.738669],[-95.33446,38.73867],[-95.352914,38.738788],[-95.354585,38.738798],[-95.371394,38.738801],[-95.374624,38.738265],[-95.378437,38.738849],[-95.399346,38.738868],[-95.40873,38.738879],[-95.427259,38.738875],[-95.445576,38.73881],[-95.454418,38.73878],[-95.463187,38.738754],[-95.472945,38.73878],[-95.482209,38.738783],[-95.500738,38.738808],[-95.500797,38.731194],[-95.500804,38.724252],[-95.500828,38.71794],[-95.501084,38.709729],[-95.501223,38.695263],[-95.508042,38.695268],[-95.508508,38.681276],[-95.508614,38.666706],[-95.508666,38.662341],[-95.509014,38.658965],[-95.508904,38.652188],[-95.508783,38.637647],[-95.508626,38.626805],[-95.508667,38.623101],[-95.508797,38.618472],[-95.50888,38.609097],[-95.508794,38.607539],[-95.508602,38.604333],[-95.508591,38.601558],[-95.508568,38.598317],[-95.508566,38.598082],[-95.508564,38.597794],[-95.508541,38.594077],[-95.508517,38.589944],[-95.508525,38.589501],[-95.508714,38.586913],[-95.508712,38.586513],[-95.508714,38.584507],[-95.508712,38.555369],[-95.508623,38.551747],[-95.50858,38.541812],[-95.508645,38.536025],[-95.508549,38.528832],[-95.508631,38.52424],[-95.50849,38.521452],[-95.50853,38.51555],[-95.508569,38.506514],[-95.508496,38.49381],[-95.508464,38.491985],[-95.508457,38.487015],[-95.508439,38.477445],[-95.508435,38.476307],[-95.508433,38.476043],[-95.508386,38.470191],[-95.508374,38.462911],[-95.508335,38.448562],[-95.508199,38.448453],[-95.508326,38.442009],[-95.508267,38.433933],[-95.508239,38.431892],[-95.508166,38.41953],[-95.508257,38.404833],[-95.508282,38.397902],[-95.508328,38.390278],[-95.499124,38.390262],[-95.489819,38.390243],[-95.480523,38.390185],[-95.472702,38.390152],[-95.45854,38.390192],[-95.456852,38.390117],[-95.456724,38.39009],[-95.456536,38.390051],[-95.455772,38.389841],[-95.455414,38.389704],[-95.4549,38.389456],[-95.454198,38.390186],[-95.45296,38.390216],[-95.434354,38.390186],[-95.427315,38.390221],[-95.415759,38.390234],[-95.415645,38.390233],[-95.39712,38.390248],[-95.378628,38.390165],[-95.360246,38.390137]]]]}},{"type":"Feature","properties":{"id":60,"NAME":"60","text-color":"#000000","text-size":16,"labelx":-96.28031,"labely":38.534854,"TotalPop":22790,"PopDevPct":-0.0303382,"DemPct":0.4605864,"RepPct":0.48413843,"WhitePct":0.71278254,"MinorityPct":0.28721746,"BlackPct":0.03373789,"HispanicPct":0.19095869,"PacificPct":0.00100212,"AsianPct":0.0277252,"NativePct":0.03184501,"TotalVAP":17962,"Margin":-0.0394136,"color":"#ff6259","opacity":"0.5"},"geometry":{"type":"MultiPolygon","coordinates":[[[[-96.244255,38.401674],[-96.234332,38.40165],[-96.225516,38.401591],[-96.207615,38.401365],[-96.207614,38.401567],[-96.204179,38.401562],[-96.203301,38.401563],[-96.203296,38.401313],[-96.186558,38.401275],[-96.185256,38.401276],[-96.183966,38.401266],[-96.182698,38.401266],[-96.181451,38.40127],[-96.180184,38.401258],[-96.180195,38.400085],[-96.180196,38.398935],[-96.180184,38.397727],[-96.178866,38.397726],[-96.177614,38.397727],[-96.176376,38.397714],[-96.175081,38.3977],[-96.173715,38.397702],[-96.172568,38.397707],[-96.172365,38.397708],[-96.171011,38.397699],[-96.170923,38.397694],[-96.16806,38.397712],[-96.166357,38.397724],[-96.161824,38.397741],[-96.152632,38.397776],[-96.146549,38.39769],[-96.145997,38.398262],[-96.138366,38.404861],[-96.134016,38.408511],[-96.133962,38.410775],[-96.133967,38.411021],[-96.133959,38.411685],[-96.133973,38.419345],[-96.136307,38.41934],[-96.127106,38.422457],[-96.124166,38.423631],[-96.122114,38.425905],[-96.122031,38.42604],[-96.118912,38.432907],[-96.118245,38.433885],[-96.118946,38.433873],[-96.120736,38.433759],[-96.121198,38.433831],[-96.150817,38.433826],[-96.152444,38.433828],[-96.160339,38.433815],[-96.160807,38.43403],[-96.163263,38.433928],[-96.172456,38.433855],[-96.172728,38.434072],[-96.173972,38.433427],[-96.174498,38.433724],[-96.179036,38.433833],[-96.188476,38.433844],[-96.189011,38.434108],[-96.189348,38.434105],[-96.198462,38.434039],[-96.198615,38.434038],[-96.19878,38.434037],[-96.206798,38.433952],[-96.207736,38.434698],[-96.207733,38.434967],[-96.207722,38.436342],[-96.207722,38.436433],[-96.207721,38.436495],[-96.207707,38.437441],[-96.207689,38.441131],[-96.207702,38.443897],[-96.207671,38.447287],[-96.207672,38.447421],[-96.207661,38.448672],[-96.207656,38.454409],[-96.207656,38.4631],[-96.20763,38.47042],[-96.20772,38.47042],[-96.207646,38.477731],[-96.207558,38.485007],[-96.207554,38.485671],[-96.207519,38.489515],[-96.207439,38.492237],[-96.207328,38.495386],[-96.207365,38.500667],[-96.207374,38.506086],[-96.207375,38.506962],[-96.207376,38.507646],[-96.206961,38.520955],[-96.206834,38.535473],[-96.206955,38.550062],[-96.206936,38.564749],[-96.206881,38.579322],[-96.206821,38.589978],[-96.206809,38.59394],[-96.206576,38.607831],[-96.224762,38.607863],[-96.228463,38.60793],[-96.234114,38.607953],[-96.242317,38.608],[-96.260889,38.608134],[-96.279371,38.60832],[-96.29789,38.608511],[-96.316496,38.608674],[-96.334918,38.60878],[-96.353088,38.608893],[-96.353188,38.594388],[-96.35332,38.594286],[-96.353444,38.579854],[-96.35354,38.568592],[-96.353563,38.565327],[-96.353699,38.551323],[-96.35362,38.549675],[-96.353621,38.549585],[-96.353735,38.543551],[-96.353776,38.53725],[-96.35378,38.536382],[-96.35378,38.521657],[-96.35362,38.515473],[-96.353715,38.507227],[-96.353828,38.494505],[-96.353833,38.492695],[-96.354052,38.478161],[-96.354207,38.463791],[-96.354367,38.449157],[-96.354621,38.432936],[-96.354644,38.427256],[-96.354656,38.420089],[-96.354732,38.406769],[-96.354742,38.405956],[-96.354746,38.405617],[-96.336548,38.405544],[-96.332836,38.40553],[-96.332847,38.405935],[-96.318125,38.405962],[-96.315878,38.40596],[-96.307446,38.405523],[-96.299542,38.404442],[-96.294238,38.403742],[-96.288731,38.403566],[-96.281198,38.403545],[-96.281201,38.403357],[-96.273424,38.403258],[-96.270575,38.40296],[-96.265075,38.401986],[-96.262672,38.401902],[-96.250041,38.401684],[-96.249558,38.401662],[-96.247182,38.401641],[-96.247729,38.400877],[-96.254193,38.391727],[-96.254095,38.391676],[-96.251901,38.394764],[-96.247621,38.400839],[-96.247046,38.401643],[-96.244255,38.401674]]]]}},{"type":"Feature","properties":{"id":61,"NAME":"61","text-color":"#000000","text-size":16,"labelx":-96.189904,"labely":39.387031,"TotalPop":23108,"PopDevPct":-0.01680804,"DemPct":0.26870822,"RepPct":0.68848393,"WhitePct":0.82473486,"MinorityPct":0.17526514,"BlackPct":0.03049913,"HispanicPct":0.05848163,"PacificPct":0.00275631,"AsianPct":0.01318234,"NativePct":0.07292228,"TotalVAP":16689,"Margin":-0.23129178,"color":"#820000","opacity":"0.5"},"geometry":{"type":"MultiPolygon","coordinates":[[[[-95.729062,39.474086],[-95.729061,39.477429],[-95.738455,39.477432],[-95.746885,39.477449],[-95.74763,39.477262],[-95.750244,39.477617],[-95.757131,39.477684],[-95.767143,39.477755],[-95.771923,39.477723],[-95.77574,39.477733],[-95.781551,39.477789],[-95.785556,39.477762],[-95.792864,39.477807],[-95.811563,39.477857],[-95.820338,39.477797],[-95.830331,39.477847],[-95.834763,39.47787],[-95.837666,39.478044],[-95.840978,39.477833],[-95.849073,39.477862],[-95.853517,39.477875],[-95.854098,39.477876],[-95.854554,39.477877],[-95.855841,39.477881],[-95.856423,39.477883],[-95.867804,39.477916],[-95.886492,39.477981],[-95.904682,39.477991],[-95.923439,39.477974],[-95.937421,39.477941],[-95.942091,39.477926],[-95.942666,39.47793],[-95.94439,39.477943],[-95.944966,39.477948],[-95.945409,39.477944],[-95.946741,39.477934],[-95.947186,39.477931],[-95.960923,39.477869],[-95.970188,39.477888],[-95.979615,39.477812],[-95.998325,39.477865],[-96.000271,39.477741],[-96.01219,39.477867],[-96.016619,39.477755],[-96.024005,39.477833],[-96.027182,39.477985],[-96.035502,39.477921],[-96.035574,39.492393],[-96.035506,39.499983],[-96.035644,39.506944],[-96.035876,39.518234],[-96.035676,39.521422],[-96.035771,39.535926],[-96.035846,39.543183],[-96.035893,39.543566],[-96.036166,39.550534],[-96.036181,39.550963],[-96.036064,39.552513],[-96.036033,39.553915],[-96.035809,39.554347],[-96.03588,39.563409],[-96.035952,39.5661],[-96.036606,39.566294],[-96.037537,39.566159],[-96.049814,39.566139],[-96.054504,39.566155],[-96.068158,39.566158],[-96.069594,39.566044],[-96.070572,39.566055],[-96.078578,39.566151],[-96.08909,39.566124],[-96.092586,39.566146],[-96.098323,39.566204],[-96.107741,39.56615],[-96.108657,39.566187],[-96.109863,39.566194],[-96.110277,39.566196],[-96.111494,39.566188],[-96.111879,39.566186],[-96.12694,39.566238],[-96.128184,39.566231],[-96.145294,39.566212],[-96.156258,39.566228],[-96.164232,39.566204],[-96.180951,39.56621],[-96.182788,39.566204],[-96.184387,39.566202],[-96.201589,39.566171],[-96.20292,39.566178],[-96.209004,39.566177],[-96.213025,39.566344],[-96.213771,39.566332],[-96.216395,39.566295],[-96.217219,39.566284],[-96.217238,39.566275],[-96.217623,39.566252],[-96.21859,39.566177],[-96.218738,39.566165],[-96.238969,39.56622],[-96.239651,39.566215],[-96.25774,39.566224],[-96.276472,39.566232],[-96.277221,39.566235],[-96.280852,39.56624],[-96.281321,39.566238],[-96.295232,39.566232],[-96.295991,39.566236],[-96.314644,39.566247],[-96.332735,39.566237],[-96.351092,39.566154],[-96.351471,39.56616],[-96.360381,39.566103],[-96.369896,39.566145],[-96.370146,39.566148],[-96.384198,39.566132],[-96.387178,39.566065],[-96.388302,39.566145],[-96.399352,39.566039],[-96.407312,39.566055],[-96.435252,39.566097],[-96.444909,39.566023],[-96.463661,39.566049],[-96.468293,39.566107],[-96.482319,39.566049],[-96.482378,39.566049],[-96.498594,39.566078],[-96.500921,39.566009],[-96.517754,39.566113],[-96.519714,39.566103],[-96.527735,39.566214],[-96.538238,39.5662],[-96.547853,39.566224],[-96.561779,39.566301],[-96.567311,39.566305],[-96.567591,39.566298],[-96.567843,39.566299],[-96.56801,39.566297],[-96.572752,39.566322],[-96.572935,39.566321],[-96.573556,39.566319],[-96.574317,39.566315],[-96.580092,39.566331],[-96.580362,39.566332],[-96.581332,39.564787],[-96.585479,39.560903],[-96.58755,39.558032],[-96.58982,39.555013],[-96.591075,39.552937],[-96.591386,39.551019],[-96.590711,39.549647],[-96.589206,39.548115],[-96.588805,39.54761],[-96.588718,39.546507],[-96.58923,39.54566],[-96.590337,39.54492],[-96.591001,39.544602],[-96.592122,39.543832],[-96.594067,39.542734],[-96.595653,39.542027],[-96.598806,39.540896],[-96.605703,39.537583],[-96.608357,39.536211],[-96.609742,39.535368],[-96.610364,39.534862],[-96.612295,39.533141],[-96.613221,39.532523],[-96.613907,39.532159],[-96.615028,39.531851],[-96.615616,39.531773],[-96.616769,39.531873],[-96.617884,39.532206],[-96.618528,39.532515],[-96.619376,39.5331],[-96.62014,39.533931],[-96.62068,39.535043],[-96.620788,39.535553],[-96.62063,39.536185],[-96.620139,39.536668],[-96.619974,39.536814],[-96.618768,39.537376],[-96.618121,39.537873],[-96.618015,39.538439],[-96.618375,39.538769],[-96.618833,39.5389],[-96.619336,39.538854],[-96.620675,39.538355],[-96.62402,39.53663],[-96.626593,39.534855],[-96.62815,39.533648],[-96.628725,39.532932],[-96.629219,39.53208],[-96.630536,39.531083],[-96.632121,39.529632],[-96.634318,39.527934],[-96.636321,39.525872],[-96.636492,39.525517],[-96.63743,39.524609],[-96.638817,39.523724],[-96.641655,39.521716],[-96.644383,39.518926],[-96.644151,39.515805],[-96.641857,39.513747],[-96.640376,39.51168],[-96.639738,39.510206],[-96.639822,39.508853],[-96.641024,39.50773],[-96.641626,39.506444],[-96.644195,39.505603],[-96.647121,39.507241],[-96.647892,39.507445],[-96.649327,39.507117],[-96.651402,39.504851],[-96.651965,39.504179],[-96.652698,39.503371],[-96.655114,39.502174],[-96.656318,39.500873],[-96.65675,39.499997],[-96.659689,39.49467],[-96.660995,39.493405],[-96.663633,39.487686],[-96.665047,39.4832],[-96.665632,39.479746],[-96.666406,39.47762],[-96.667793,39.475324],[-96.669088,39.474276],[-96.674023,39.472932],[-96.675325,39.473231],[-96.6788,39.475056],[-96.681257,39.476855],[-96.681379,39.477755],[-96.680577,39.479399],[-96.678235,39.481238],[-96.67828,39.483041],[-96.67989,39.483442],[-96.681477,39.482957],[-96.6827,39.481949],[-96.68409,39.478797],[-96.684551,39.477987],[-96.684939,39.477306],[-96.687662,39.472524],[-96.689699,39.468536],[-96.689358,39.46435],[-96.6876,39.462122],[-96.688137,39.461002],[-96.690033,39.459905],[-96.695311,39.458167],[-96.698039,39.457874],[-96.70314,39.460636],[-96.706722,39.461533],[-96.709384,39.459589],[-96.715816,39.450716],[-96.718464,39.447516],[-96.719888,39.446342],[-96.720959,39.445459],[-96.721691,39.443848],[-96.721052,39.441594],[-96.718961,39.439118],[-96.714404,39.437692],[-96.713251,39.436969],[-96.713094,39.43568],[-96.715522,39.431912],[-96.719367,39.428797],[-96.722485,39.427466],[-96.72669,39.427762],[-96.728327,39.427132],[-96.728272,39.425956],[-96.726148,39.42282],[-96.723085,39.421391],[-96.721612,39.421273],[-96.718284,39.421777],[-96.715803,39.42104],[-96.715148,39.420293],[-96.715399,39.416919],[-96.714599,39.412138],[-96.714886,39.410801],[-96.717139,39.40719],[-96.719982,39.404715],[-96.721764,39.403931],[-96.723713,39.403896],[-96.725695,39.40465],[-96.726835,39.404495],[-96.726667,39.403601],[-96.722914,39.399839],[-96.720354,39.39585],[-96.717544,39.392802],[-96.712425,39.388214],[-96.707396,39.38331],[-96.705475,39.381936],[-96.701988,39.379937],[-96.698974,39.376173],[-96.694824,39.373069],[-96.693334,39.371681],[-96.690797,39.371284],[-96.688994,39.372097],[-96.68714,39.372304],[-96.684551,39.371222],[-96.683891,39.369351],[-96.686702,39.364035],[-96.690144,39.361838],[-96.690144,39.360203],[-96.688676,39.358211],[-96.686824,39.356549],[-96.679796,39.350722],[-96.67564,39.348625],[-96.673747,39.347124],[-96.671596,39.344584],[-96.668409,39.34313],[-96.665066,39.342989],[-96.662847,39.344002],[-96.661721,39.342881],[-96.66203,39.341833],[-96.663288,39.339611],[-96.666727,39.338801],[-96.66827,39.338037],[-96.669743,39.336153],[-96.671172,39.335647],[-96.671743,39.334496],[-96.670938,39.332778],[-96.667702,39.329438],[-96.666244,39.328252],[-96.662065,39.325975],[-96.659779,39.325062],[-96.65595,39.324389],[-96.653714,39.324604],[-96.650463,39.325502],[-96.648495,39.326451],[-96.646828,39.326408],[-96.646178,39.325497],[-96.646449,39.32399],[-96.647519,39.321832],[-96.649033,39.320021],[-96.651746,39.319089],[-96.65452,39.318883],[-96.656322,39.318047],[-96.656665,39.317202],[-96.655498,39.315274],[-96.654589,39.314564],[-96.653067,39.312221],[-96.649597,39.309788],[-96.647311,39.309092],[-96.645233,39.307977],[-96.641696,39.305373],[-96.637327,39.301827],[-96.6337,39.29938],[-96.632306,39.297742],[-96.631772,39.295647],[-96.632354,39.294084],[-96.633607,39.29353],[-96.635241,39.293532],[-96.638605,39.292827],[-96.638328,39.291401],[-96.635602,39.288214],[-96.629083,39.283419],[-96.625282,39.280126],[-96.621745,39.276792],[-96.616796,39.273088],[-96.614617,39.270666],[-96.610331,39.267086],[-96.608004,39.26609],[-96.60552,39.265664],[-96.603369,39.264903],[-96.599076,39.264234],[-96.597199,39.263664],[-96.595423,39.262049],[-96.594565,39.260288],[-96.59449,39.256938],[-96.594418,39.256018],[-96.594841,39.25466],[-96.595331,39.252923],[-96.595251,39.252482],[-96.592921,39.251058],[-96.591446,39.24989],[-96.591002,39.249619],[-96.586956,39.249648],[-96.585699,39.249563],[-96.582728,39.249064],[-96.581432,39.24891],[-96.579343,39.248695],[-96.576895,39.249188],[-96.5758,39.25],[-96.575623,39.25099],[-96.576881,39.25278],[-96.579564,39.253315],[-96.580828,39.254394],[-96.580583,39.255549],[-96.579678,39.256148],[-96.578041,39.256084],[-96.576993,39.255395],[-96.576742,39.255209],[-96.574254,39.253395],[-96.571737,39.251294],[-96.57062,39.249069],[-96.570763,39.246796],[-96.571441,39.245619],[-96.572909,39.244394],[-96.574813,39.24383],[-96.577544,39.244544],[-96.580722,39.245885],[-96.58412,39.243937],[-96.586469,39.243751],[-96.587982,39.243101],[-96.588249,39.242573],[-96.587914,39.240297],[-96.587349,39.238791],[-96.587042,39.238468],[-96.585655,39.238122],[-96.584758,39.237636],[-96.583998,39.237049],[-96.583489,39.236276],[-96.583425,39.235233],[-96.583295,39.234977],[-96.582704,39.234608],[-96.581723,39.234212],[-96.580705,39.234181],[-96.579897,39.234341],[-96.57943,39.234593],[-96.578997,39.235013],[-96.578373,39.23596],[-96.578028,39.23632],[-96.577289,39.236792],[-96.576137,39.237316],[-96.574963,39.237535],[-96.573944,39.237592],[-96.571817,39.237576],[-96.571281,39.23763],[-96.571271,39.237355],[-96.571159,39.236655],[-96.571134,39.2358],[-96.572344,39.234388],[-96.575154,39.233208],[-96.578177,39.231099],[-96.58079,39.229772],[-96.584531,39.229474],[-96.578946,39.219076],[-96.578533,39.219116],[-96.576808,39.21878],[-96.574402,39.218668],[-96.572983,39.218663],[-96.56897,39.218672],[-96.567003,39.218653],[-96.566872,39.215872],[-96.569674,39.215746],[-96.570172,39.215792],[-96.570442,39.215101],[-96.570757,39.214017],[-96.570489,39.212834],[-96.570155,39.212924],[-96.570088,39.212177],[-96.569783,39.21169],[-96.569596,39.211462],[-96.568498,39.210848],[-96.567176,39.210638],[-96.567119,39.210638],[-96.566036,39.210757],[-96.564852,39.210929],[-96.564704,39.210947],[-96.564545,39.210959],[-96.564533,39.210959],[-96.564089,39.210983],[-96.563671,39.21099],[-96.563574,39.210988],[-96.563255,39.210983],[-96.562343,39.210918],[-96.561391,39.210768],[-96.560567,39.210618],[-96.559697,39.210459],[-96.55966,39.210453],[-96.559035,39.210339],[-96.558879,39.210311],[-96.557487,39.210058],[-96.557507,39.211061],[-96.554002,39.211069],[-96.551504,39.209453],[-96.550402,39.211346],[-96.549423,39.211351],[-96.548898,39.211343],[-96.548076,39.209922],[-96.54611,39.208404],[-96.54499,39.208324],[-96.543964,39.208417],[-96.542766,39.208947],[-96.54194,39.210183],[-96.54226,39.212094],[-96.541943,39.213486],[-96.540866,39.214279],[-96.539271,39.214845],[-96.538493,39.214834],[-96.536922,39.21419],[-96.535414,39.21264],[-96.533623,39.212408],[-96.531372,39.212492],[-96.530412,39.212403],[-96.526923,39.210562],[-96.526169,39.209724],[-96.525778,39.209403],[-96.525181,39.209978],[-96.520281,39.214713],[-96.516422,39.218429],[-96.510639,39.21842],[-96.506762,39.218418],[-96.501294,39.218399],[-96.501175,39.218597],[-96.501197,39.225728],[-96.482569,39.225687],[-96.472918,39.225599],[-96.470684,39.225212],[-96.468494,39.225648],[-96.463865,39.225615],[-96.463871,39.223561],[-96.462293,39.222866],[-96.461612,39.222],[-96.440616,39.221657],[-96.426711,39.221442],[-96.421859,39.221336],[-96.41266,39.221532],[-96.412376,39.209309],[-96.403206,39.209707],[-96.398429,39.209886],[-96.389275,39.210219],[-96.370906,39.210445],[-96.370676,39.21166],[-96.370694,39.212865],[-96.370705,39.216363],[-96.370712,39.217219],[-96.352292,39.217119],[-96.352152,39.217033],[-96.352112,39.214089],[-96.346451,39.21416],[-96.346159,39.21545],[-96.34335,39.215462],[-96.343451,39.217247],[-96.328564,39.217242],[-96.327204,39.217247],[-96.32466,39.217261],[-96.322069,39.217262],[-96.315474,39.21734],[-96.314852,39.217336],[-96.31237,39.217319],[-96.31133,39.217312],[-96.310776,39.217308],[-96.310777,39.217237],[-96.308752,39.217224],[-96.306316,39.217632],[-96.305874,39.214659],[-96.305635,39.211587],[-96.3056,39.211231],[-96.30553,39.210581],[-96.305522,39.210398],[-96.303869,39.210405],[-96.304013,39.211523],[-96.302463,39.211642],[-96.302392,39.210831],[-96.298994,39.210832],[-96.298952,39.210035],[-96.298472,39.210035],[-96.297911,39.210034],[-96.296683,39.210013],[-96.296428,39.210009],[-96.296163,39.210005],[-96.283311,39.209869],[-96.277385,39.209816],[-96.266527,39.209198],[-96.262594,39.209096],[-96.25932,39.209269],[-96.25568,39.209676],[-96.249904,39.210688],[-96.235609,39.213352],[-96.235344,39.213403],[-96.235091,39.213045],[-96.234956,39.212132],[-96.233671,39.212279],[-96.231214,39.211585],[-96.230738,39.211393],[-96.22915,39.210412],[-96.227718,39.209395],[-96.226239,39.208102],[-96.224494,39.205812],[-96.223357,39.203296],[-96.220711,39.201094],[-96.21975,39.200764],[-96.216654,39.200315],[-96.215846,39.200231],[-96.213305,39.199968],[-96.208064,39.199808],[-96.204213,39.199955],[-96.203415,39.20021],[-96.203074,39.200376],[-96.20148,39.201355],[-96.200746,39.201947],[-96.200083,39.202459],[-96.199472,39.203066],[-96.198473,39.20426],[-96.19832,39.204526],[-96.197854,39.20534],[-96.196789,39.20658],[-96.195735,39.207264],[-96.194785,39.20761],[-96.194127,39.207689],[-96.191248,39.207876],[-96.187525,39.207568],[-96.183323,39.206977],[-96.18007,39.205422],[-96.179256,39.204342],[-96.178807,39.2026],[-96.178749,39.201991],[-96.178654,39.199236],[-96.178652,39.198925],[-96.178809,39.195955],[-96.179298,39.192259],[-96.178732,39.189963],[-96.176741,39.188616],[-96.174675,39.18876],[-96.169429,39.190389],[-96.168682,39.190549],[-96.163607,39.191077],[-96.159052,39.192057],[-96.154427,39.192583],[-96.150391,39.192362],[-96.147481,39.192247],[-96.143448,39.191756],[-96.138343,39.19065],[-96.138094,39.19058],[-96.136234,39.190099],[-96.128608,39.187855],[-96.126685,39.18731],[-96.122757,39.187124],[-96.120652,39.187541],[-96.120413,39.187588],[-96.120397,39.187591],[-96.120381,39.187594],[-96.120362,39.187598],[-96.120246,39.187621],[-96.120144,39.187674],[-96.12012,39.187686],[-96.119989,39.187753],[-96.119284,39.188014],[-96.116559,39.189812],[-96.114841,39.192077],[-96.113278,39.197377],[-96.111619,39.200044],[-96.110458,39.20082],[-96.106968,39.201032],[-96.104418,39.200138],[-96.102498,39.198365],[-96.101075,39.196422],[-96.098959,39.193882],[-96.09626,39.191841],[-96.094218,39.19164],[-96.092638,39.191963],[-96.089305,39.193463],[-96.087692,39.193787],[-96.083557,39.193504],[-96.079628,39.190181],[-96.076739,39.186846],[-96.076703,39.186808],[-96.076641,39.186746],[-96.076426,39.186528],[-96.076325,39.186426],[-96.075864,39.185963],[-96.07107,39.181108],[-96.06871,39.179415],[-96.068119,39.176605],[-96.06675,39.173891],[-96.064997,39.171081],[-96.062685,39.168559],[-96.058763,39.164806],[-96.057232,39.162649],[-96.056796,39.160304],[-96.057658,39.158168],[-96.060202,39.157397],[-96.062867,39.157545],[-96.064278,39.158244],[-96.06814,39.161219],[-96.069003,39.161788],[-96.070846,39.162427],[-96.073426,39.162693],[-96.080783,39.16325],[-96.083867,39.163263],[-96.085775,39.162773],[-96.087898,39.161757],[-96.090892,39.158718],[-96.091262,39.155943],[-96.090585,39.153951],[-96.088225,39.152339],[-96.085704,39.151548],[-96.081493,39.150612],[-96.07764,39.150169],[-96.069175,39.146942],[-96.066122,39.144654],[-96.061246,39.142412],[-96.057937,39.141502],[-96.054935,39.141338],[-96.053651,39.141303],[-96.04398,39.141174],[-96.042591,39.14083],[-96.041165,39.139809],[-96.040144,39.137284],[-96.041006,39.132717],[-96.04144,39.131729],[-96.041801,39.129779],[-96.041855,39.129083],[-96.04121,39.127482],[-96.03906,39.126527],[-96.039039,39.127588],[-96.039033,39.127871],[-96.039032,39.127891],[-96.039032,39.127907],[-96.039032,39.127929],[-96.039032,39.127944],[-96.039026,39.128231],[-96.038996,39.129759],[-96.036855,39.129756],[-96.035899,39.129784],[-96.035665,39.144083],[-96.035823,39.148192],[-96.03577,39.158766],[-96.035701,39.180239],[-96.0357,39.180502],[-96.035602,39.202381],[-96.03557,39.209485],[-96.035563,39.210885],[-96.035573,39.21652],[-96.017063,39.216426],[-96.016763,39.216425],[-96.001903,39.216696],[-95.998446,39.216527],[-95.998383,39.216527],[-95.979804,39.216548],[-95.970495,39.216516],[-95.961163,39.216577],[-95.958889,39.216577],[-95.942534,39.216547],[-95.942468,39.216547],[-95.929452,39.216564],[-95.927635,39.216581],[-95.92388,39.216575],[-95.905235,39.216595],[-95.90516,39.216597],[-95.898032,39.216832],[-95.8871,39.216958],[-95.886741,39.21695],[-95.886289,39.216732],[-95.868285,39.216488],[-95.852942,39.216409],[-95.849206,39.216508],[-95.849172,39.216506],[-95.834925,39.216546],[-95.827521,39.216506],[-95.812377,39.216535],[-95.793843,39.21657],[-95.793908,39.221334],[-95.79377,39.225692],[-95.793752,39.245666],[-95.793704,39.256882],[-95.79369,39.260172],[-95.775737,39.260094],[-95.766972,39.25991],[-95.762469,39.259841],[-95.760741,39.259814],[-95.757187,39.2597],[-95.755326,39.259723],[-95.747381,39.259883],[-95.738336,39.260006],[-95.738414,39.265998],[-95.738351,39.266788],[-95.738414,39.274513],[-95.738475,39.289019],[-95.738456,39.303581],[-95.738418,39.318173],[-95.73833,39.332574],[-95.738309,39.339898],[-95.738288,39.347084],[-95.73825,39.361255],[-95.738225,39.36516],[-95.738225,39.366195],[-95.738233,39.367326],[-95.738265,39.376131],[-95.738363,39.388803],[-95.738454,39.390567],[-95.738479,39.396757],[-95.738482,39.397269],[-95.73856,39.405103],[-95.73855,39.421269],[-95.738544,39.422111],[-95.73854,39.422558],[-95.738452,39.434101],[-95.738509,39.442033],[-95.73851,39.442459],[-95.738513,39.443967],[-95.738525,39.454999],[-95.738537,39.455687],[-95.731848,39.455777],[-95.731842,39.456906],[-95.728293,39.457084],[-95.727121,39.45709],[-95.723114,39.457106],[-95.723075,39.459213],[-95.723006,39.462932],[-95.723934,39.46296],[-95.725496,39.462979],[-95.725506,39.464855],[-95.725478,39.466285],[-95.726122,39.466278],[-95.726111,39.469065],[-95.727654,39.468984],[-95.728512,39.469012],[-95.725645,39.470283],[-95.723208,39.470253],[-95.717935,39.469203],[-95.717877,39.469651],[-95.718102,39.471582],[-95.718498,39.472371],[-95.719773,39.471756],[-95.719762,39.473004],[-95.721126,39.473772],[-95.723644,39.473105],[-95.726391,39.474742],[-95.725784,39.473563],[-95.7278,39.473587],[-95.727917,39.47467],[-95.729062,39.474086]]]]}},{"type":"Feature","properties":{"id":62,"NAME":"62","text-color":"#000000","text-size":16,"labelx":-95.820582,"labely":39.739148,"TotalPop":23099,"PopDevPct":-0.01719097,"DemPct":0.208542,"RepPct":0.75441746,"WhitePct":0.89971098,"MinorityPct":0.10028902,"BlackPct":0.01254335,"HispanicPct":0.02179191,"PacificPct":0.00254335,"AsianPct":0.00635838,"NativePct":0.0566474,"TotalVAP":17300,"Margin":-0.291458,"color":"#820000","opacity":"0.5"},"geometry":{"type":"MultiPolygon","coordinates":[[[[-95.565376,40.000241],[-95.56624,40.000243],[-95.568528,40.000217],[-95.583,40.000258],[-95.59588,40.000254],[-95.602023,40.00027],[-95.620868,40.000304],[-95.627061,40.00029],[-95.639765,40.000318],[-95.658696,40.000339],[-95.673002,40.000338],[-95.692119,40.000384],[-95.71114,40.000434],[-95.728572,40.00046],[-95.730313,40.000464],[-95.74898,40.000457],[-95.76821,40.000438],[-95.788111,40.000462],[-95.79828,40.000487],[-95.805151,40.000493],[-95.825972,40.000498],[-95.834441,40.000516],[-95.844792,40.000516],[-95.855823,40.000625],[-95.867546,40.000693],[-95.875271,40.000506],[-95.882585,40.000475],[-95.88767,40.000604],[-95.901558,40.000594],[-95.927493,40.000512],[-95.93038,40.000525],[-95.954087,40.000585],[-95.957838,40.000402],[-95.958335,40.000584],[-95.966923,40.000617],[-95.971424,40.000597],[-95.977063,40.000583],[-95.996011,40.000646],[-96.014712,40.000675],[-96.023883,40.000699],[-96.037615,40.000705],[-96.049695,40.000727],[-96.070853,40.000646],[-96.089962,40.000703],[-96.108701,40.000727],[-96.124997,40.000756],[-96.126118,40.000438],[-96.147167,40.000479],[-96.154405,40.000518],[-96.15497,40.000773],[-96.163854,40.000759],[-96.172595,40.000822],[-96.201525,40.000852],[-96.215257,40.000812],[-96.223777,40.00086],[-96.23216,40.00093],[-96.2392,40.000881],[-96.239034,39.99593],[-96.239308,39.993603],[-96.239299,39.986787],[-96.239317,39.983303],[-96.239378,39.9723],[-96.239328,39.967364],[-96.239465,39.957519],[-96.23941,39.954453],[-96.239441,39.951136],[-96.239451,39.936168],[-96.239342,39.931002],[-96.23946,39.928654],[-96.239479,39.924185],[-96.2395,39.914345],[-96.239448,39.907129],[-96.239516,39.89983],[-96.23954,39.885314],[-96.239608,39.877803],[-96.239579,39.875672],[-96.239471,39.870807],[-96.239546,39.864557],[-96.239554,39.856298],[-96.23956,39.84839],[-96.23956,39.841566],[-96.23959,39.827274],[-96.239583,39.827119],[-96.239583,39.824212],[-96.239609,39.82119],[-96.239606,39.812506],[-96.239595,39.805492],[-96.239568,39.791031],[-96.239567,39.786714],[-96.239618,39.783732],[-96.239568,39.774692],[-96.239703,39.772041],[-96.239575,39.77188],[-96.239603,39.761955],[-96.239638,39.754755],[-96.239625,39.753373],[-96.2397,39.745501],[-96.239627,39.740254],[-96.239682,39.725589],[-96.239772,39.718502],[-96.239724,39.710137],[-96.239629,39.69675],[-96.239639,39.682227],[-96.239691,39.667757],[-96.239705,39.65333],[-96.239705,39.653262],[-96.239621,39.638898],[-96.239471,39.624201],[-96.239395,39.610266],[-96.239195,39.609702],[-96.239351,39.608121],[-96.239262,39.595194],[-96.23929,39.590584],[-96.239136,39.580683],[-96.239066,39.573478],[-96.238969,39.56622],[-96.218738,39.566165],[-96.21859,39.566177],[-96.217623,39.566252],[-96.217238,39.566275],[-96.217219,39.566284],[-96.216395,39.566295],[-96.213771,39.566332],[-96.213025,39.566344],[-96.209004,39.566177],[-96.20292,39.566178],[-96.201589,39.566171],[-96.184387,39.566202],[-96.182788,39.566204],[-96.180951,39.56621],[-96.164232,39.566204],[-96.156258,39.566228],[-96.145294,39.566212],[-96.128184,39.566231],[-96.12694,39.566238],[-96.111879,39.566186],[-96.111494,39.566188],[-96.110277,39.566196],[-96.109863,39.566194],[-96.108657,39.566187],[-96.107741,39.56615],[-96.098323,39.566204],[-96.092586,39.566146],[-96.08909,39.566124],[-96.078578,39.566151],[-96.070572,39.566055],[-96.069594,39.566044],[-96.068158,39.566158],[-96.054504,39.566155],[-96.049814,39.566139],[-96.037537,39.566159],[-96.036606,39.566294],[-96.035952,39.5661],[-96.03588,39.563409],[-96.035809,39.554347],[-96.036033,39.553915],[-96.036064,39.552513],[-96.036181,39.550963],[-96.036166,39.550534],[-96.035893,39.543566],[-96.035846,39.543183],[-96.035771,39.535926],[-96.035676,39.521422],[-96.035876,39.518234],[-96.035644,39.506944],[-96.035506,39.499983],[-96.035574,39.492393],[-96.035502,39.477921],[-96.027182,39.477985],[-96.024005,39.477833],[-96.016619,39.477755],[-96.01219,39.477867],[-96.000271,39.477741],[-95.998325,39.477865],[-95.979615,39.477812],[-95.970188,39.477888],[-95.960923,39.477869],[-95.947186,39.477931],[-95.946741,39.477934],[-95.945409,39.477944],[-95.944966,39.477948],[-95.94439,39.477943],[-95.942666,39.47793],[-95.942091,39.477926],[-95.937421,39.477941],[-95.923439,39.477974],[-95.904682,39.477991],[-95.886492,39.477981],[-95.867804,39.477916],[-95.856423,39.477883],[-95.855841,39.477881],[-95.854554,39.477877],[-95.854098,39.477876],[-95.853517,39.477875],[-95.849073,39.477862],[-95.840978,39.477833],[-95.837666,39.478044],[-95.834763,39.47787],[-95.830331,39.477847],[-95.820338,39.477797],[-95.811563,39.477857],[-95.792864,39.477807],[-95.785556,39.477762],[-95.781551,39.477789],[-95.77574,39.477733],[-95.771923,39.477723],[-95.767143,39.477755],[-95.757131,39.477684],[-95.750244,39.477617],[-95.74763,39.477262],[-95.746885,39.477449],[-95.738455,39.477432],[-95.729061,39.477429],[-95.729062,39.474086],[-95.727917,39.47467],[-95.7278,39.473587],[-95.725784,39.473563],[-95.726391,39.474742],[-95.723644,39.473105],[-95.721126,39.473772],[-95.719762,39.473004],[-95.719773,39.471756],[-95.718498,39.472371],[-95.718102,39.471582],[-95.717877,39.469651],[-95.717935,39.469203],[-95.723208,39.470253],[-95.725645,39.470283],[-95.728512,39.469012],[-95.727654,39.468984],[-95.726111,39.469065],[-95.726122,39.466278],[-95.725478,39.466285],[-95.725506,39.464855],[-95.725496,39.462979],[-95.723934,39.46296],[-95.723006,39.462932],[-95.723075,39.459213],[-95.723114,39.457106],[-95.727121,39.45709],[-95.728293,39.457084],[-95.731842,39.456906],[-95.731848,39.455777],[-95.738537,39.455687],[-95.738525,39.454999],[-95.738513,39.443967],[-95.73851,39.442459],[-95.738509,39.442033],[-95.738452,39.434101],[-95.73854,39.422558],[-95.738544,39.422111],[-95.73855,39.421269],[-95.73856,39.405103],[-95.738482,39.397269],[-95.738479,39.396757],[-95.738454,39.390567],[-95.733293,39.390526],[-95.711087,39.390412],[-95.710417,39.390408],[-95.701053,39.390312],[-95.696549,39.390291],[-95.682427,39.390224],[-95.672937,39.390205],[-95.663626,39.390185],[-95.636139,39.390139],[-95.629317,39.390201],[-95.62836,39.390226],[-95.627649,39.389925],[-95.626374,39.389367],[-95.626363,39.390216],[-95.611673,39.390136],[-95.607756,39.38986],[-95.599131,39.390119],[-95.589081,39.390087],[-95.589041,39.404586],[-95.589295,39.419086],[-95.570351,39.41905],[-95.570325,39.43354],[-95.570337,39.44347],[-95.570342,39.44801],[-95.570308,39.462496],[-95.57027,39.474081],[-95.570261,39.477006],[-95.570259,39.481548],[-95.570257,39.482148],[-95.570137,39.505247],[-95.570135,39.505644],[-95.570134,39.52056],[-95.570131,39.525528],[-95.57013,39.527847],[-95.570125,39.535078],[-95.570107,39.542132],[-95.570087,39.549614],[-95.570233,39.556497],[-95.570239,39.557351],[-95.570348,39.56587],[-95.564314,39.565858],[-95.564287,39.573039],[-95.564254,39.587587],[-95.564215,39.595013],[-95.564195,39.599455],[-95.564182,39.602259],[-95.56415,39.609352],[-95.564111,39.623868],[-95.564132,39.638378],[-95.564126,39.652872],[-95.546157,39.652837],[-95.540874,39.652818],[-95.532471,39.652789],[-95.527512,39.652771],[-95.526621,39.652746],[-95.520485,39.652835],[-95.518534,39.652824],[-95.516859,39.652818],[-95.514111,39.652806],[-95.506682,39.652776],[-95.503224,39.65275],[-95.500175,39.652762],[-95.491162,39.652809],[-95.489299,39.652882],[-95.470811,39.652825],[-95.461056,39.652833],[-95.451956,39.65284],[-95.433848,39.652869],[-95.414997,39.652916],[-95.396177,39.652949],[-95.377455,39.652933],[-95.364047,39.652988],[-95.36323,39.652988],[-95.362022,39.652987],[-95.358588,39.652985],[-95.33974,39.65298],[-95.339735,39.667558],[-95.339759,39.68212],[-95.339692,39.696647],[-95.339659,39.711161],[-95.33965,39.725732],[-95.339646,39.73301],[-95.339641,39.740285],[-95.339704,39.75481],[-95.339634,39.762033],[-95.339635,39.76427],[-95.339753,39.76935],[-95.339745,39.77004],[-95.339713,39.783189],[-95.339797,39.783303],[-95.339765,39.784291],[-95.339745,39.791036],[-95.3398,39.798435],[-95.339775,39.80573],[-95.339824,39.813027],[-95.339827,39.827617],[-95.339887,39.842032],[-95.339826,39.856697],[-95.339783,39.871137],[-95.339758,39.879482],[-95.339693,39.880155],[-95.339734,39.893024],[-95.339657,39.900291],[-95.339667,39.902871],[-95.339707,39.914819],[-95.339733,39.921306],[-95.339755,39.922062],[-95.339749,39.922757],[-95.339735,39.92506],[-95.339777,39.936637],[-95.339761,39.943928],[-95.339807,39.958403],[-95.339866,39.960396],[-95.339881,39.96571],[-95.339943,39.975624],[-95.339945,39.976118],[-95.339948,39.987411],[-95.339896,39.999999],[-95.349296,39.99995],[-95.359207,40],[-95.368644,39.999964],[-95.375257,40],[-95.39633,39.999978],[-95.398352,39.999977],[-95.405734,39.999975],[-95.414714,40.000154],[-95.421318,40.000135],[-95.4264,40.000158],[-95.435991,40.000207],[-95.437316,40.000209],[-95.438506,40.00022],[-95.45205,40.00029],[-95.455283,40.000307],[-95.462226,40.000012],[-95.46307,40.000016],[-95.490075,40.000119],[-95.509045,40.000134],[-95.527654,40.000176],[-95.546329,40.000189],[-95.565376,40.000241]]]]}},{"type":"Feature","properties":{"id":63,"NAME":"63","text-color":"#000000","text-size":16,"labelx":-95.181445,"labely":39.725209,"TotalPop":23858,"PopDevPct":0.01510273,"DemPct":0.29421522,"RepPct":0.66462783,"WhitePct":0.87567858,"MinorityPct":0.12432142,"BlackPct":0.05503897,"HispanicPct":0.03047568,"PacificPct":0.00225746,"AsianPct":0.00886858,"NativePct":0.02477829,"TotalVAP":18605,"Margin":-0.20578478,"color":"#f80d00","opacity":"0.5"},"geometry":{"type":"MultiPolygon","coordinates":[[[[-95.339641,39.740285],[-95.339646,39.73301],[-95.33965,39.725732],[-95.339659,39.711161],[-95.339692,39.696647],[-95.339759,39.68212],[-95.339735,39.667558],[-95.33974,39.65298],[-95.358588,39.652985],[-95.362022,39.652987],[-95.36323,39.652988],[-95.364047,39.652988],[-95.377455,39.652933],[-95.396177,39.652949],[-95.414997,39.652916],[-95.433848,39.652869],[-95.451956,39.65284],[-95.461056,39.652833],[-95.470811,39.652825],[-95.489299,39.652882],[-95.491162,39.652809],[-95.500175,39.652762],[-95.503224,39.65275],[-95.506682,39.652776],[-95.514111,39.652806],[-95.516859,39.652818],[-95.518534,39.652824],[-95.520485,39.652835],[-95.526621,39.652746],[-95.527512,39.652771],[-95.532471,39.652789],[-95.540874,39.652818],[-95.546157,39.652837],[-95.564126,39.652872],[-95.564132,39.638378],[-95.564111,39.623868],[-95.56415,39.609352],[-95.564182,39.602259],[-95.564195,39.599455],[-95.564215,39.595013],[-95.564254,39.587587],[-95.564287,39.573039],[-95.564314,39.565858],[-95.570348,39.56587],[-95.570239,39.557351],[-95.570233,39.556497],[-95.570087,39.549614],[-95.570107,39.542132],[-95.570125,39.535078],[-95.57013,39.527847],[-95.570131,39.525528],[-95.570134,39.52056],[-95.570135,39.505644],[-95.570137,39.505247],[-95.570257,39.482148],[-95.570259,39.481548],[-95.570261,39.477006],[-95.57027,39.474081],[-95.570308,39.462496],[-95.570342,39.44801],[-95.570337,39.44347],[-95.570325,39.43354],[-95.570351,39.41905],[-95.55255,39.41927],[-95.550918,39.419284],[-95.534955,39.419769],[-95.516506,39.420006],[-95.515935,39.420015],[-95.515721,39.420018],[-95.506677,39.420141],[-95.497485,39.420307],[-95.478638,39.420637],[-95.468961,39.420783],[-95.467544,39.420796],[-95.460052,39.420919],[-95.446955,39.420816],[-95.44153,39.420775],[-95.432085,39.420727],[-95.427276,39.420703],[-95.422817,39.42068],[-95.417853,39.42063],[-95.404013,39.420491],[-95.400626,39.420474],[-95.39482,39.420445],[-95.385268,39.420397],[-95.377499,39.420341],[-95.36664,39.420263],[-95.347796,39.419856],[-95.338366,39.419911],[-95.337371,39.419917],[-95.336702,39.419921],[-95.33637,39.419923],[-95.332283,39.419918],[-95.330757,39.419952],[-95.329004,39.419968],[-95.327849,39.419956],[-95.326646,39.419944],[-95.325393,39.419929],[-95.319896,39.419863],[-95.310366,39.419814],[-95.291646,39.419702],[-95.281938,39.419588],[-95.273021,39.419484],[-95.263416,39.419365],[-95.254153,39.419362],[-95.244888,39.419216],[-95.244456,39.419204],[-95.24387,39.419188],[-95.235496,39.419106],[-95.231144,39.419068],[-95.225628,39.419213],[-95.205394,39.41905],[-95.198511,39.419171],[-95.188926,39.419197],[-95.180891,39.419218],[-95.167344,39.41915],[-95.151336,39.419106],[-95.146443,39.419184],[-95.146422,39.419188],[-95.141678,39.419075],[-95.123384,39.419063],[-95.121715,39.419061],[-95.10438,39.419058],[-95.097219,39.418987],[-95.085609,39.419007],[-95.082496,39.418943],[-95.070066,39.418977],[-95.066977,39.418981],[-95.066721,39.41898],[-95.066441,39.41898],[-95.057225,39.418967],[-95.047721,39.418954],[-95.040056,39.418942],[-95.022454,39.418907],[-95.018169,39.418893],[-95.012417,39.418888],[-95.001555,39.418866],[-94.997852,39.418858],[-94.98941,39.418841],[-94.988529,39.418824],[-94.971519,39.418813],[-94.968973,39.418879],[-94.972952,39.421705],[-94.975127,39.424348],[-94.976606,39.426701],[-94.977122,39.428426],[-94.978052,39.43441],[-94.979239,39.436839],[-94.982144,39.440552],[-94.987495,39.444621],[-94.990172,39.446192],[-94.992851,39.447272],[-95.000241,39.449763],[-95.003377,39.450182],[-95.007618,39.451068],[-95.015763,39.453099],[-95.022025,39.455453],[-95.028498,39.458287],[-95.033408,39.460876],[-95.0375,39.463689],[-95.04078,39.466387],[-95.044668,39.471256],[-95.047671,39.477536],[-95.04837,39.48042],[-95.04876,39.485562],[-95.04874,39.488939],[-95.049221,39.491892],[-95.050552,39.497514],[-95.052177,39.499996],[-95.054459,39.502653],[-95.0593,39.506473],[-95.070804,39.510661],[-95.077441,39.513552],[-95.082714,39.516712],[-95.092704,39.524241],[-95.096904,39.52782],[-95.101302,39.531668],[-95.104587,39.535144],[-95.106325,39.537318],[-95.108065,39.539919],[-95.110368,39.544562],[-95.113117,39.55211],[-95.113502,39.553713],[-95.113489,39.556832],[-95.1129,39.559621],[-95.112653,39.560243],[-95.109222,39.56939],[-95.107474,39.573743],[-95.106385,39.575277],[-95.103228,39.577783],[-95.099095,39.579691],[-95.097059,39.580251],[-95.09215,39.581116],[-95.089515,39.581028],[-95.087433,39.580586],[-95.076688,39.576764],[-95.07216,39.576122],[-95.067095,39.576502],[-95.063392,39.577474],[-95.059519,39.579132],[-95.056897,39.580567],[-95.054782,39.582532],[-95.05059,39.587563],[-95.048509,39.591137],[-95.046688,39.596752],[-95.046361,39.599557],[-95.046445,39.601606],[-95.047911,39.606288],[-95.049555,39.608979],[-95.051885,39.611978],[-95.053586,39.615269],[-95.054952,39.620068],[-95.055152,39.621657],[-95.054925,39.624995],[-95.053367,39.630347],[-95.049518,39.637876],[-95.044554,39.64437],[-95.039967,39.648761],[-95.039049,39.649639],[-95.037499,39.652877],[-95.036464,39.654241],[-95.031431,39.660483],[-95.030731,39.661963],[-95.029351,39.663203],[-95.027644,39.665454],[-95.024595,39.668485],[-95.021522,39.67065],[-95.018318,39.672869],[-95.01531,39.674262],[-95.012245,39.675122],[-95.00703,39.67604],[-95.000246,39.676594],[-94.997926,39.676394],[-94.993557,39.67657],[-94.988405,39.677098],[-94.984149,39.67785],[-94.981565,39.678636],[-94.978197,39.68025],[-94.975445,39.682058],[-94.970677,39.687239],[-94.969333,39.69073],[-94.968869,39.694266],[-94.968917,39.696954],[-94.968453,39.707402],[-94.970662,39.720954],[-94.971334,39.725706],[-94.971206,39.729305],[-94.970422,39.732121],[-94.965318,39.739065],[-94.963782,39.740393],[-94.962662,39.741337],[-94.95813,39.744261],[-94.955286,39.745689],[-94.95263,39.745961],[-94.948658,39.745577],[-94.941804,39.743367],[-94.941493,39.74273],[-94.936709,39.74009],[-94.930005,39.73537],[-94.927381,39.733786],[-94.916989,39.728209],[-94.91274,39.726586],[-94.907014,39.725101],[-94.906132,39.724954],[-94.902612,39.724202],[-94.901044,39.724058],[-94.899316,39.724042],[-94.898344,39.724194],[-94.891744,39.724894],[-94.884143,39.726794],[-94.881343,39.727894],[-94.875634,39.730492],[-94.874773,39.731135],[-94.871045,39.73381],[-94.870141,39.734595],[-94.86774,39.736042],[-94.865048,39.738591],[-94.86485,39.739626],[-94.862735,39.742195],[-94.861737,39.744472],[-94.861701,39.745197],[-94.86128,39.746989],[-94.861327,39.747084],[-94.860807,39.748408],[-94.860579,39.748817],[-94.860563,39.749015],[-94.860495,39.749201],[-94.859195,39.753474],[-94.859035,39.754116],[-94.859984,39.75853],[-94.860639,39.762983],[-94.863087,39.767234],[-94.86522,39.77007],[-94.867143,39.771694],[-94.869655,39.772899],[-94.871837,39.772868],[-94.876295,39.772297],[-94.882161,39.771043],[-94.883691,39.770375],[-94.891669,39.764705],[-94.892188,39.765111],[-94.894297,39.763749],[-94.898587,39.761522],[-94.899475,39.761171],[-94.905444,39.759514],[-94.909093,39.759226],[-94.912293,39.759338],[-94.914709,39.76009],[-94.920693,39.762938],[-94.926229,39.76649],[-94.931315,39.770474],[-94.932856,39.771945],[-94.933962,39.77271],[-94.934506,39.772862],[-94.934644,39.773144],[-94.934675,39.774286],[-94.934947,39.77467],[-94.9353,39.775614],[-94.935508,39.777006],[-94.935636,39.778349],[-94.93578,39.778909],[-94.9357,39.780621],[-94.935477,39.782044],[-94.934997,39.783692],[-94.934021,39.785083],[-94.932725,39.786283],[-94.932117,39.786651],[-94.930806,39.78761],[-94.92991,39.788106],[-94.927558,39.78921],[-94.925605,39.789754],[-94.91955,39.790291],[-94.914344,39.790173],[-94.899387,39.790413],[-94.89318,39.790915],[-94.890528,39.791425],[-94.884652,39.793997],[-94.882289,39.795804],[-94.880644,39.797894],[-94.877644,39.803594],[-94.876244,39.807394],[-94.875944,39.813294],[-94.87666,39.822522],[-94.877605,39.82497],[-94.878677,39.826522],[-94.883658,39.831665],[-94.886504,39.833336],[-94.888793,39.834135],[-94.891481,39.834644],[-94.896277,39.834462],[-94.900045,39.834067],[-94.90634,39.833736],[-94.912625,39.834789],[-94.916766,39.835807],[-94.92375,39.839674],[-94.92615,39.841322],[-94.935487,39.84841],[-94.939854,39.852044],[-94.942041,39.855421],[-94.94296,39.859457],[-94.942378,39.862254],[-94.940671,39.865197],[-94.936583,39.868746],[-94.934199,39.870378],[-94.930471,39.873562],[-94.928466,39.876344],[-94.927351,39.879836],[-94.927359,39.883966],[-94.927897,39.886112],[-94.93016,39.889934],[-94.934907,39.893784],[-94.940002,39.896472],[-94.943867,39.89813],[-94.95154,39.900533],[-94.955178,39.901288],[-94.96066,39.901352],[-94.963486,39.90105],[-94.967224,39.899862],[-94.977788,39.89732],[-94.981195,39.896792],[-94.987059,39.89632],[-94.9903,39.896982],[-94.997636,39.899095],[-95.002446,39.900179],[-95.005329,39.900574],[-95.009936,39.900636],[-95.013125,39.900192],[-95.015135,39.899643],[-95.018743,39.897372],[-95.021897,39.893974],[-95.024389,39.891202],[-95.02524,39.8897],[-95.025947,39.886747],[-95.025845,39.883394],[-95.024809,39.879228],[-95.024901,39.877255],[-95.026747,39.872273],[-95.02788,39.87088],[-95.030249,39.868988],[-95.035246,39.865921],[-95.039403,39.864832],[-95.046064,39.864428],[-95.050756,39.864546],[-95.060757,39.86358],[-95.066074,39.862701],[-95.075046,39.861562],[-95.08156,39.861539],[-95.085003,39.861883],[-95.090158,39.86314],[-95.098322,39.866922],[-95.106569,39.869774],[-95.110849,39.870989],[-95.11404,39.871209],[-95.121137,39.872009],[-95.124529,39.872857],[-95.128609,39.874335],[-95.133961,39.876497],[-95.137092,39.878351],[-95.139679,39.880592],[-95.141439,39.882986],[-95.142718,39.885889],[-95.143403,39.889356],[-95.142251,39.897033],[-95.142499,39.899393],[-95.143802,39.901918],[-95.146055,39.904183],[-95.149657,39.905948],[-95.15319,39.906841],[-95.156024,39.907243],[-95.159834,39.906984],[-95.166521,39.904464],[-95.172222,39.901685],[-95.174303,39.900991],[-95.179453,39.900062],[-95.189561,39.900145],[-95.193793,39.900972],[-95.1997,39.903342],[-95.203477,39.905654],[-95.205388,39.90831],[-95.205842,39.909514],[-95.206063,39.912061],[-95.205229,39.916237],[-95.2037,39.919146],[-95.202147,39.921264],[-95.201171,39.923294],[-95.200463,39.925784],[-95.200382,39.931031],[-95.201109,39.934664],[-95.202965,39.937409],[-95.205266,39.93975],[-95.209785,39.941508],[-95.212734,39.942939],[-95.21644,39.943953],[-95.220248,39.944431],[-95.231114,39.943784],[-95.236761,39.943931],[-95.241383,39.944949],[-95.245409,39.946476],[-95.250254,39.948644],[-95.255065,39.952444],[-95.257652,39.954886],[-95.261854,39.960618],[-95.266324,39.965732],[-95.269886,39.969396],[-95.272335,39.971038],[-95.279759,39.974027],[-95.285615,39.9761],[-95.289654,39.977799],[-95.295403,39.980663],[-95.301613,39.984],[-95.305803,39.987899],[-95.307661,39.99069],[-95.308326,39.993796],[-95.308141,39.998945],[-95.30829,39.999998],[-95.309607,39.999998],[-95.326449,39.999999],[-95.33129,39.999994],[-95.339896,39.999999],[-95.339948,39.987411],[-95.339945,39.976118],[-95.339943,39.975624],[-95.339881,39.96571],[-95.339866,39.960396],[-95.339807,39.958403],[-95.339761,39.943928],[-95.339777,39.936637],[-95.339735,39.92506],[-95.339749,39.922757],[-95.339755,39.922062],[-95.339733,39.921306],[-95.339707,39.914819],[-95.339667,39.902871],[-95.339657,39.900291],[-95.339734,39.893024],[-95.339693,39.880155],[-95.339758,39.879482],[-95.339783,39.871137],[-95.339826,39.856697],[-95.339887,39.842032],[-95.339827,39.827617],[-95.339824,39.813027],[-95.339775,39.80573],[-95.3398,39.798435],[-95.339745,39.791036],[-95.339765,39.784291],[-95.339797,39.783303],[-95.339713,39.783189],[-95.339745,39.77004],[-95.339753,39.76935],[-95.339635,39.76427],[-95.339634,39.762033],[-95.339704,39.75481],[-95.339641,39.740285]]]]}},{"type":"Feature","properties":{"id":64,"NAME":"64","text-color":"#000000","text-size":16,"labelx":-97.148992,"labely":39.342694,"TotalPop":23186,"PopDevPct":-0.01348932,"DemPct":0.23313596,"RepPct":0.72529897,"WhitePct":0.80108759,"MinorityPct":0.19891241,"BlackPct":0.07096017,"HispanicPct":0.08071653,"PacificPct":0.00175934,"AsianPct":0.02623021,"NativePct":0.02004585,"TotalVAP":18757,"Margin":-0.26686404,"color":"#820000","opacity":"0.5"},"geometry":{"type":"MultiPolygon","coordinates":[[[[-97.143707,39.56657],[-97.144819,39.566571],[-97.162477,39.566538],[-97.163417,39.566535],[-97.181263,39.566534],[-97.182302,39.566564],[-97.192054,39.566562],[-97.197819,39.566726],[-97.205876,39.566612],[-97.208187,39.566525],[-97.213948,39.566524],[-97.219725,39.566532],[-97.237366,39.5666],[-97.238239,39.566604],[-97.256135,39.566655],[-97.256685,39.56666],[-97.261865,39.566649],[-97.271199,39.566679],[-97.271257,39.566679],[-97.273291,39.566671],[-97.275348,39.566676],[-97.277037,39.566683],[-97.277394,39.566703],[-97.278203,39.566707],[-97.279226,39.566723],[-97.280569,39.566729],[-97.281966,39.566726],[-97.283133,39.566724],[-97.284213,39.566736],[-97.284685,39.566751],[-97.286697,39.566762],[-97.288222,39.566753],[-97.288938,39.566756],[-97.289651,39.56676],[-97.290966,39.566772],[-97.292325,39.566781],[-97.293662,39.5668],[-97.295036,39.566791],[-97.298288,39.56681],[-97.307741,39.566879],[-97.312359,39.566882],[-97.331398,39.566917],[-97.3433,39.567005],[-97.34988,39.566974],[-97.368574,39.567018],[-97.368635,39.575926],[-97.368374,39.577145],[-97.368651,39.584112],[-97.368643,39.585315],[-97.368622,39.596018],[-97.368645,39.610513],[-97.368655,39.612333],[-97.368666,39.625041],[-97.368706,39.636989],[-97.36867,39.654043],[-97.38758,39.653983],[-97.406362,39.653926],[-97.415819,39.65388],[-97.418622,39.653867],[-97.425156,39.653836],[-97.436921,39.6538],[-97.443995,39.653774],[-97.462802,39.653722],[-97.480809,39.653691],[-97.499493,39.653651],[-97.500074,39.653649],[-97.518394,39.6536],[-97.53732,39.6536],[-97.551249,39.653556],[-97.551697,39.653562],[-97.561693,39.65355],[-97.569501,39.653547],[-97.569818,39.653755],[-97.570037,39.653757],[-97.571563,39.653801],[-97.572814,39.653525],[-97.575162,39.653499],[-97.594695,39.653414],[-97.599721,39.65336],[-97.601745,39.653527],[-97.611754,39.653527],[-97.613389,39.653369],[-97.633705,39.653459],[-97.646587,39.65353],[-97.650649,39.65348],[-97.660135,39.653514],[-97.660112,39.638746],[-97.660048,39.624007],[-97.66003,39.615243],[-97.659882,39.609774],[-97.659794,39.606625],[-97.659695,39.602535],[-97.659573,39.598546],[-97.65882,39.592151],[-97.658792,39.591945],[-97.658415,39.589377],[-97.658351,39.588916],[-97.658215,39.588036],[-97.657596,39.582177],[-97.657689,39.581007],[-97.657668,39.580705],[-97.655154,39.580698],[-97.65515,39.577359],[-97.654197,39.577372],[-97.652357,39.577393],[-97.652325,39.578146],[-97.649849,39.57811],[-97.64996,39.576818],[-97.649973,39.575834],[-97.649977,39.57494],[-97.648747,39.575202],[-97.648563,39.57377],[-97.633146,39.573741],[-97.630926,39.574373],[-97.630928,39.576781],[-97.631255,39.579735],[-97.633418,39.579214],[-97.633343,39.580853],[-97.631115,39.580801],[-97.630935,39.581317],[-97.630832,39.576778],[-97.625275,39.576795],[-97.62529,39.573866],[-97.625213,39.573859],[-97.624904,39.573841],[-97.620338,39.573768],[-97.618741,39.573768],[-97.598626,39.573948],[-97.593627,39.573855],[-97.593443,39.573851],[-97.593435,39.573505],[-97.593282,39.566608],[-97.593376,39.566607],[-97.6173,39.566474],[-97.61756,39.566474],[-97.617796,39.566473],[-97.618168,39.566472],[-97.625569,39.566457],[-97.630096,39.566445],[-97.638862,39.566511],[-97.638891,39.564717],[-97.642933,39.564701],[-97.64341,39.562856],[-97.645581,39.562853],[-97.646329,39.563494],[-97.647276,39.563507],[-97.648313,39.563354],[-97.648317,39.562555],[-97.648313,39.561545],[-97.648318,39.560542],[-97.648282,39.559539],[-97.648223,39.557441],[-97.648216,39.557385],[-97.648109,39.553617],[-97.648085,39.550597],[-97.64797,39.539236],[-97.647905,39.52471],[-97.656522,39.524768],[-97.656402,39.522833],[-97.656413,39.510324],[-97.656692,39.505845],[-97.6581,39.501727],[-97.659208,39.499699],[-97.663765,39.493264],[-97.665737,39.489344],[-97.666571,39.485216],[-97.666537,39.466506],[-97.666459,39.452038],[-97.666401,39.437512],[-97.666326,39.423012],[-97.666302,39.416413],[-97.666297,39.408508],[-97.666332,39.394002],[-97.666378,39.379359],[-97.666388,39.370764],[-97.666077,39.364841],[-97.665729,39.358579],[-97.665919,39.355143],[-97.666473,39.350333],[-97.666705,39.345417],[-97.666741,39.335718],[-97.666857,39.321169],[-97.666908,39.31046],[-97.667145,39.306636],[-97.654954,39.306616],[-97.644339,39.306677],[-97.639126,39.306615],[-97.629837,39.306597],[-97.611113,39.306589],[-97.592363,39.306584],[-97.574488,39.306474],[-97.569299,39.306503],[-97.555519,39.306477],[-97.555252,39.306477],[-97.53686,39.306589],[-97.536629,39.306589],[-97.51907,39.306624],[-97.517903,39.306545],[-97.499186,39.306528],[-97.480482,39.306511],[-97.463451,39.306496],[-97.444739,39.306466],[-97.426027,39.306425],[-97.409954,39.306341],[-97.40749,39.306324],[-97.407317,39.306323],[-97.388622,39.306157],[-97.369839,39.306011],[-97.369996,39.291514],[-97.370044,39.284836],[-97.37016,39.277001],[-97.370135,39.273805],[-97.370148,39.272578],[-97.370349,39.248021],[-97.370697,39.21899],[-97.370789,39.21174],[-97.370703,39.20699],[-97.370988,39.182785],[-97.371135,39.175523],[-97.371118,39.161039],[-97.370972,39.156946],[-97.371161,39.146491],[-97.371154,39.131961],[-97.37114,39.115738],[-97.371145,39.10297],[-97.37116,39.073941],[-97.37118,39.059449],[-97.371089,39.049444],[-97.371199,39.044942],[-97.371187,39.0385],[-97.37121,39.030452],[-97.356845,39.030394],[-97.353103,39.030442],[-97.334475,39.030632],[-97.3159,39.030818],[-97.297255,39.031002],[-97.278492,39.031189],[-97.267034,39.031297],[-97.266449,39.031303],[-97.25987,39.031365],[-97.241131,39.031409],[-97.231634,39.031392],[-97.222576,39.031379],[-97.203862,39.031357],[-97.185366,39.031411],[-97.180434,39.031419],[-97.166776,39.031671],[-97.148122,39.032024],[-97.13022,39.031927],[-97.11159,39.031777],[-97.092888,39.031673],[-97.074298,39.031507],[-97.064944,39.031402],[-97.060038,39.031361],[-97.05554,39.031307],[-97.040286,39.031119],[-97.036936,39.031088],[-97.031152,39.031021],[-97.019346,39.031095],[-97.001319,39.031207],[-97.000639,39.031197],[-96.982023,39.03102],[-96.963164,39.030857],[-96.963027,39.045103],[-96.962889,39.053911],[-96.962956,39.059802],[-96.962889,39.074208],[-96.962865,39.086536],[-96.963169,39.087659],[-96.963141,39.089516],[-96.963115,39.091647],[-96.962933,39.099186],[-96.963176,39.104533],[-96.962904,39.105341],[-96.963011,39.117826],[-96.963011,39.118042],[-96.963093,39.12502],[-96.963177,39.1323],[-96.96138,39.132325],[-96.961314,39.143699],[-96.961266,39.146822],[-96.961152,39.1602],[-96.961065,39.161316],[-96.960858,39.176447],[-96.960839,39.18493],[-96.961028,39.197098],[-96.961278,39.208627],[-96.961408,39.210048],[-96.961612,39.216908],[-96.961693,39.220076],[-96.956568,39.220025],[-96.947023,39.220149],[-96.943035,39.220023],[-96.933551,39.219722],[-96.928825,39.219763],[-96.924066,39.219661],[-96.918713,39.219588],[-96.910512,39.219481],[-96.910427,39.21948],[-96.90336,39.219399],[-96.89961,39.219358],[-96.896421,39.21937],[-96.88826,39.219369],[-96.871663,39.21923],[-96.866122,39.219174],[-96.849879,39.219012],[-96.849878,39.209419],[-96.849785,39.201628],[-96.849747,39.191811],[-96.849882,39.189695],[-96.849647,39.181339],[-96.849613,39.175607],[-96.849564,39.168412],[-96.849797,39.161087],[-96.849894,39.151453],[-96.849772,39.146481],[-96.84967,39.13928],[-96.841255,39.139175],[-96.839641,39.1393],[-96.830985,39.139228],[-96.831155,39.131854],[-96.831199,39.131545],[-96.832047,39.128116],[-96.832297,39.127396],[-96.832271,39.119721],[-96.837633,39.116896],[-96.839857,39.115719],[-96.839894,39.11567],[-96.840026,39.1148],[-96.846362,39.106744],[-96.850774,39.101137],[-96.851269,39.10074],[-96.851363,39.092348],[-96.851395,39.089439],[-96.851409,39.088176],[-96.826454,39.088122],[-96.823964,39.088115],[-96.823595,39.088113],[-96.821133,39.088106],[-96.818512,39.088097],[-96.815848,39.088093],[-96.81399,39.088076],[-96.814038,39.088194],[-96.813166,39.088199],[-96.81338,39.0889],[-96.81337,39.08935],[-96.81336,39.08946],[-96.81206,39.09085],[-96.81254,39.09125],[-96.81267,39.09657],[-96.812569,39.098563],[-96.81112,39.1011],[-96.81055,39.10164],[-96.80956,39.101],[-96.80549,39.09889],[-96.80239,39.097274],[-96.80079,39.09644],[-96.79962,39.09599],[-96.79622,39.09588],[-96.7968,39.09967],[-96.79702,39.10095],[-96.797038,39.101097],[-96.797541,39.101468],[-96.798408,39.106813],[-96.79813,39.11041],[-96.79803,39.11078],[-96.79756,39.11284],[-96.79672,39.11975],[-96.796647,39.121423],[-96.794245,39.12196],[-96.790553,39.122085],[-96.788278,39.122744],[-96.785585,39.122753],[-96.781298,39.12165],[-96.777215,39.122221],[-96.771313,39.12428],[-96.770122,39.126167],[-96.766572,39.13017],[-96.76362,39.131473],[-96.763488,39.131816],[-96.76208,39.13274],[-96.76105,39.13417],[-96.753521,39.133988],[-96.749954,39.131816],[-96.74513,39.13159],[-96.73735,39.13154],[-96.72021,39.13143],[-96.71963,39.1317],[-96.719655,39.131513],[-96.718624,39.131582],[-96.707953,39.131609],[-96.70058,39.131585],[-96.687301,39.131461],[-96.686853,39.131457],[-96.687749,39.132022],[-96.687738,39.13605],[-96.685674,39.137612],[-96.68387,39.140613],[-96.682428,39.140605],[-96.682392,39.153056],[-96.681858,39.153101],[-96.681862,39.164774],[-96.681964,39.164773],[-96.681921,39.174804],[-96.678054,39.174789],[-96.676948,39.174785],[-96.647006,39.174676],[-96.647877,39.1775],[-96.645541,39.181917],[-96.64941,39.181892],[-96.649386,39.184265],[-96.649411,39.189226],[-96.647491,39.189171],[-96.644771,39.189127],[-96.644762,39.192244],[-96.644756,39.194314],[-96.645233,39.194604],[-96.645989,39.195013],[-96.645474,39.19641],[-96.645474,39.196572],[-96.645409,39.196571],[-96.644743,39.196571],[-96.644827,39.203614],[-96.653953,39.203882],[-96.653875,39.214271],[-96.653129,39.214263],[-96.648796,39.21824],[-96.648833,39.221105],[-96.647446,39.221794],[-96.644607,39.221567],[-96.644611,39.225583],[-96.642486,39.225597],[-96.639021,39.223302],[-96.635435,39.221346],[-96.635435,39.219604],[-96.635418,39.218342],[-96.630701,39.218375],[-96.626094,39.21841],[-96.623666,39.218417],[-96.624627,39.214318],[-96.622588,39.215202],[-96.622838,39.218352],[-96.618519,39.218389],[-96.618174,39.218385],[-96.618168,39.218755],[-96.618167,39.218814],[-96.618151,39.219865],[-96.618157,39.220501],[-96.618154,39.220748],[-96.618154,39.220899],[-96.618149,39.221319],[-96.618148,39.221437],[-96.618147,39.221599],[-96.618108,39.221605],[-96.61807,39.221606],[-96.618031,39.221604],[-96.617994,39.221597],[-96.617958,39.221585],[-96.61794,39.221577],[-96.617925,39.221571],[-96.617906,39.221559],[-96.617894,39.221552],[-96.61788,39.22154],[-96.617868,39.22153],[-96.617845,39.221505],[-96.61784,39.221496],[-96.617831,39.22148],[-96.617822,39.221464],[-96.617789,39.221431],[-96.617773,39.22131],[-96.617779,39.221012],[-96.617785,39.220711],[-96.617738,39.219839],[-96.617714,39.219648],[-96.617632,39.219312],[-96.617702,39.219303],[-96.617363,39.218831],[-96.617203,39.218706],[-96.616982,39.21855],[-96.61691,39.218521],[-96.616397,39.218363],[-96.616169,39.218354],[-96.614822,39.218307],[-96.613878,39.218307],[-96.613115,39.218307],[-96.612629,39.218304],[-96.611914,39.218302],[-96.611172,39.218267],[-96.610687,39.218245],[-96.610518,39.218245],[-96.610013,39.218249],[-96.609845,39.21825],[-96.609477,39.218247],[-96.608373,39.218238],[-96.608179,39.218237],[-96.608006,39.218232],[-96.607897,39.21823],[-96.607572,39.218224],[-96.607559,39.218224],[-96.607464,39.218216],[-96.607358,39.218202],[-96.607347,39.218493],[-96.604087,39.218509],[-96.601318,39.218525],[-96.598116,39.218543],[-96.588988,39.218577],[-96.585742,39.218586],[-96.57892,39.218606],[-96.578604,39.218436],[-96.578946,39.219076],[-96.584531,39.229474],[-96.58079,39.229772],[-96.578177,39.231099],[-96.575154,39.233208],[-96.572344,39.234388],[-96.571134,39.2358],[-96.571159,39.236655],[-96.571271,39.237355],[-96.571281,39.23763],[-96.571817,39.237576],[-96.573944,39.237592],[-96.574963,39.237535],[-96.576137,39.237316],[-96.577289,39.236792],[-96.578028,39.23632],[-96.578373,39.23596],[-96.578997,39.235013],[-96.57943,39.234593],[-96.579897,39.234341],[-96.580705,39.234181],[-96.581723,39.234212],[-96.582704,39.234608],[-96.583295,39.234977],[-96.583425,39.235233],[-96.583489,39.236276],[-96.583998,39.237049],[-96.584758,39.237636],[-96.585655,39.238122],[-96.587042,39.238468],[-96.587349,39.238791],[-96.587914,39.240297],[-96.588249,39.242573],[-96.587982,39.243101],[-96.586469,39.243751],[-96.58412,39.243937],[-96.580722,39.245885],[-96.577544,39.244544],[-96.574813,39.24383],[-96.572909,39.244394],[-96.571441,39.245619],[-96.570763,39.246796],[-96.57062,39.249069],[-96.571737,39.251294],[-96.574254,39.253395],[-96.576742,39.255209],[-96.576993,39.255395],[-96.578041,39.256084],[-96.579678,39.256148],[-96.580583,39.255549],[-96.580828,39.254394],[-96.579564,39.253315],[-96.576881,39.25278],[-96.575623,39.25099],[-96.5758,39.25],[-96.576895,39.249188],[-96.579343,39.248695],[-96.581432,39.24891],[-96.582728,39.249064],[-96.585699,39.249563],[-96.586956,39.249648],[-96.591002,39.249619],[-96.591446,39.24989],[-96.592921,39.251058],[-96.595251,39.252482],[-96.595331,39.252923],[-96.594841,39.25466],[-96.594418,39.256018],[-96.59449,39.256938],[-96.594565,39.260288],[-96.595423,39.262049],[-96.597199,39.263664],[-96.599076,39.264234],[-96.603369,39.264903],[-96.60552,39.265664],[-96.608004,39.26609],[-96.610331,39.267086],[-96.614617,39.270666],[-96.616796,39.273088],[-96.621745,39.276792],[-96.625282,39.280126],[-96.629083,39.283419],[-96.635602,39.288214],[-96.638328,39.291401],[-96.638605,39.292827],[-96.635241,39.293532],[-96.633607,39.29353],[-96.632354,39.294084],[-96.631772,39.295647],[-96.632306,39.297742],[-96.6337,39.29938],[-96.637327,39.301827],[-96.641696,39.305373],[-96.645233,39.307977],[-96.647311,39.309092],[-96.649597,39.309788],[-96.653067,39.312221],[-96.654589,39.314564],[-96.655498,39.315274],[-96.656665,39.317202],[-96.656322,39.318047],[-96.65452,39.318883],[-96.651746,39.319089],[-96.649033,39.320021],[-96.647519,39.321832],[-96.646449,39.32399],[-96.646178,39.325497],[-96.646828,39.326408],[-96.648495,39.326451],[-96.650463,39.325502],[-96.653714,39.324604],[-96.65595,39.324389],[-96.659779,39.325062],[-96.662065,39.325975],[-96.666244,39.328252],[-96.667702,39.329438],[-96.670938,39.332778],[-96.671743,39.334496],[-96.671172,39.335647],[-96.669743,39.336153],[-96.66827,39.338037],[-96.666727,39.338801],[-96.663288,39.339611],[-96.66203,39.341833],[-96.661721,39.342881],[-96.662847,39.344002],[-96.665066,39.342989],[-96.668409,39.34313],[-96.671596,39.344584],[-96.673747,39.347124],[-96.67564,39.348625],[-96.679796,39.350722],[-96.686824,39.356549],[-96.688676,39.358211],[-96.690144,39.360203],[-96.690144,39.361838],[-96.686702,39.364035],[-96.683891,39.369351],[-96.684551,39.371222],[-96.68714,39.372304],[-96.688994,39.372097],[-96.690797,39.371284],[-96.693334,39.371681],[-96.694824,39.373069],[-96.698974,39.376173],[-96.701988,39.379937],[-96.705475,39.381936],[-96.707396,39.38331],[-96.712425,39.388214],[-96.717544,39.392802],[-96.720354,39.39585],[-96.722914,39.399839],[-96.726667,39.403601],[-96.726835,39.404495],[-96.725695,39.40465],[-96.723713,39.403896],[-96.721764,39.403931],[-96.719982,39.404715],[-96.717139,39.40719],[-96.714886,39.410801],[-96.714599,39.412138],[-96.715399,39.416919],[-96.715148,39.420293],[-96.715803,39.42104],[-96.718284,39.421777],[-96.721612,39.421273],[-96.723085,39.421391],[-96.726148,39.42282],[-96.728272,39.425956],[-96.728327,39.427132],[-96.72669,39.427762],[-96.722485,39.427466],[-96.719367,39.428797],[-96.715522,39.431912],[-96.713094,39.43568],[-96.713251,39.436969],[-96.714404,39.437692],[-96.718961,39.439118],[-96.721052,39.441594],[-96.721691,39.443848],[-96.720959,39.445459],[-96.719888,39.446342],[-96.718464,39.447516],[-96.715816,39.450716],[-96.709384,39.459589],[-96.706722,39.461533],[-96.70314,39.460636],[-96.698039,39.457874],[-96.695311,39.458167],[-96.690033,39.459905],[-96.688137,39.461002],[-96.6876,39.462122],[-96.689358,39.46435],[-96.689699,39.468536],[-96.687662,39.472524],[-96.684939,39.477306],[-96.684551,39.477987],[-96.68409,39.478797],[-96.6827,39.481949],[-96.681477,39.482957],[-96.67989,39.483442],[-96.67828,39.483041],[-96.678235,39.481238],[-96.680577,39.479399],[-96.681379,39.477755],[-96.681257,39.476855],[-96.6788,39.475056],[-96.675325,39.473231],[-96.674023,39.472932],[-96.669088,39.474276],[-96.667793,39.475324],[-96.666406,39.47762],[-96.665632,39.479746],[-96.665047,39.4832],[-96.663633,39.487686],[-96.660995,39.493405],[-96.659689,39.49467],[-96.65675,39.499997],[-96.656318,39.500873],[-96.655114,39.502174],[-96.652698,39.503371],[-96.651965,39.504179],[-96.651402,39.504851],[-96.649327,39.507117],[-96.647892,39.507445],[-96.647121,39.507241],[-96.644195,39.505603],[-96.641626,39.506444],[-96.641024,39.50773],[-96.639822,39.508853],[-96.639738,39.510206],[-96.640376,39.51168],[-96.641857,39.513747],[-96.644151,39.515805],[-96.644383,39.518926],[-96.641655,39.521716],[-96.638817,39.523724],[-96.63743,39.524609],[-96.636492,39.525517],[-96.636321,39.525872],[-96.634318,39.527934],[-96.632121,39.529632],[-96.630536,39.531083],[-96.629219,39.53208],[-96.628725,39.532932],[-96.62815,39.533648],[-96.626593,39.534855],[-96.62402,39.53663],[-96.620675,39.538355],[-96.619336,39.538854],[-96.618833,39.5389],[-96.618375,39.538769],[-96.618015,39.538439],[-96.618121,39.537873],[-96.618768,39.537376],[-96.619974,39.536814],[-96.620139,39.536668],[-96.62063,39.536185],[-96.620788,39.535553],[-96.62068,39.535043],[-96.62014,39.533931],[-96.619376,39.5331],[-96.618528,39.532515],[-96.617884,39.532206],[-96.616769,39.531873],[-96.615616,39.531773],[-96.615028,39.531851],[-96.613907,39.532159],[-96.613221,39.532523],[-96.612295,39.533141],[-96.610364,39.534862],[-96.609742,39.535368],[-96.608357,39.536211],[-96.605703,39.537583],[-96.598806,39.540896],[-96.595653,39.542027],[-96.594067,39.542734],[-96.592122,39.543832],[-96.591001,39.544602],[-96.590337,39.54492],[-96.58923,39.54566],[-96.588718,39.546507],[-96.588805,39.54761],[-96.589206,39.548115],[-96.590711,39.549647],[-96.591386,39.551019],[-96.591075,39.552937],[-96.58982,39.555013],[-96.58755,39.558032],[-96.585479,39.560903],[-96.581332,39.564787],[-96.580362,39.566332],[-96.580933,39.566335],[-96.581453,39.566333],[-96.587682,39.566332],[-96.592838,39.566236],[-96.619596,39.566294],[-96.632372,39.566337],[-96.638223,39.566375],[-96.652314,39.566445],[-96.656688,39.566484],[-96.657536,39.566342],[-96.663947,39.566402],[-96.67269,39.566421],[-96.673431,39.566536],[-96.681026,39.566406],[-96.681129,39.566407],[-96.693971,39.566441],[-96.704851,39.566418],[-96.707752,39.566579],[-96.712839,39.566564],[-96.717816,39.566478],[-96.718845,39.566493],[-96.719561,39.566493],[-96.720441,39.566476],[-96.731646,39.566525],[-96.735913,39.566476],[-96.736683,39.566492],[-96.740888,39.566493],[-96.752942,39.566475],[-96.755601,39.566458],[-96.769034,39.566469],[-96.774494,39.566441],[-96.787819,39.566361],[-96.790936,39.56635],[-96.806544,39.566423],[-96.810073,39.566436],[-96.825293,39.566434],[-96.828849,39.566414],[-96.844083,39.566404],[-96.857584,39.566431],[-96.862755,39.566404],[-96.881517,39.566397],[-96.884554,39.56638],[-96.900242,39.566434],[-96.908167,39.566475],[-96.909466,39.566401],[-96.918751,39.566419],[-96.930422,39.566538],[-96.93182,39.566439],[-96.934487,39.566429],[-96.938659,39.566606],[-96.939994,39.566435],[-96.94631,39.566424],[-96.958719,39.566401],[-96.975149,39.566362],[-96.977478,39.566401],[-96.995066,39.566397],[-96.997563,39.566461],[-97.012568,39.56646],[-97.014919,39.566459],[-97.026499,39.566465],[-97.031307,39.566509],[-97.033151,39.566532],[-97.040268,39.566508],[-97.050054,39.566541],[-97.051872,39.566559],[-97.068747,39.566546],[-97.070594,39.566555],[-97.087502,39.566568],[-97.089276,39.566576],[-97.09653,39.566586],[-97.106206,39.566578],[-97.108006,39.566578],[-97.117435,39.566595],[-97.126733,39.5666],[-97.143707,39.56657]]]]}},{"type":"Feature","properties":{"id":65,"NAME":"65","text-color":"#000000","text-size":16,"labelx":-96.903608,"labely":39.059937,"TotalPop":23511,"PopDevPct":0.00033868,"DemPct":0.40681246,"RepPct":0.54596478,"WhitePct":0.5673881,"MinorityPct":0.4326119,"BlackPct":0.21360059,"HispanicPct":0.13545253,"PacificPct":0.01684702,"AsianPct":0.05736596,"NativePct":0.03227988,"TotalVAP":16264,"Margin":-0.09318754,"color":"#820000","opacity":"0.5"},"geometry":{"type":"MultiPolygon","coordinates":[[[[-96.962956,39.059802],[-96.962889,39.053911],[-96.963027,39.045103],[-96.963164,39.030857],[-96.963241,39.016211],[-96.963288,39.009301],[-96.963428,39.001692],[-96.963461,38.994448],[-96.944659,38.99708],[-96.926942,38.999563],[-96.919288,39.000634],[-96.919096,39.000622],[-96.917609,39.000528],[-96.916332,39.000603],[-96.914334,39.000663],[-96.900318,39.000564],[-96.893884,39.000543],[-96.875644,39.000317],[-96.872277,39.000008],[-96.86479,38.999329],[-96.861443,38.999313],[-96.861572,38.999551],[-96.863095,39.002199],[-96.860781,39.002652],[-96.861591,39.004581],[-96.861378,39.00548],[-96.859556,39.006202],[-96.858209,39.008112],[-96.858252,39.010159],[-96.852604,39.010135],[-96.852142,39.010579],[-96.851227,39.01191],[-96.849729,39.014049],[-96.849338,39.014611],[-96.848824,39.015392],[-96.848815,39.017025],[-96.846912,39.017082],[-96.846944,39.01743],[-96.844511,39.01763],[-96.844299,39.017632],[-96.843162,39.017668],[-96.842107,39.019141],[-96.841039,39.019164],[-96.83906,39.018838],[-96.837162,39.018855],[-96.835223,39.018852],[-96.833369,39.018851],[-96.831423,39.018849],[-96.831442,39.019347],[-96.831438,39.019876],[-96.831434,39.020417],[-96.83143,39.020918],[-96.831425,39.021436],[-96.831417,39.021968],[-96.831408,39.022477],[-96.8314,39.022989],[-96.831392,39.02352],[-96.831405,39.024051],[-96.831418,39.024555],[-96.83142,39.025085],[-96.831421,39.025612],[-96.831432,39.026148],[-96.831433,39.026658],[-96.831434,39.027204],[-96.831435,39.027721],[-96.831437,39.028241],[-96.831438,39.028773],[-96.831439,39.029296],[-96.83144,39.029816],[-96.831436,39.030342],[-96.831432,39.030864],[-96.831429,39.031411],[-96.831425,39.031934],[-96.831426,39.032437],[-96.831427,39.032978],[-96.831428,39.033501],[-96.831428,39.034513],[-96.831428,39.035007],[-96.831428,39.035554],[-96.831429,39.036075],[-96.831429,39.036594],[-96.831429,39.037105],[-96.83143,39.037646],[-96.831418,39.038693],[-96.83143,39.039205],[-96.831448,39.039733],[-96.831447,39.040638],[-96.831432,39.041122],[-96.831416,39.041594],[-96.83052,39.041594],[-96.830458,39.041594],[-96.829484,39.041619],[-96.82949,39.042253],[-96.829492,39.042402],[-96.829325,39.04312],[-96.829259,39.043421],[-96.829215,39.043712],[-96.828487,39.047631],[-96.82847,39.057236],[-96.828564,39.060903],[-96.82848,39.062091],[-96.828467,39.062249],[-96.82835,39.06329],[-96.828176,39.064924],[-96.828061,39.066106],[-96.827947,39.067281],[-96.827925,39.067513],[-96.828855,39.068341],[-96.829474,39.068749],[-96.831547,39.070156],[-96.833422,39.071657],[-96.833657,39.073785],[-96.830463,39.076802],[-96.829643,39.078373],[-96.828472,39.082891],[-96.826454,39.088122],[-96.851409,39.088176],[-96.851395,39.089439],[-96.851363,39.092348],[-96.851269,39.10074],[-96.850774,39.101137],[-96.846362,39.106744],[-96.840026,39.1148],[-96.839894,39.11567],[-96.839857,39.115719],[-96.837633,39.116896],[-96.832271,39.119721],[-96.832297,39.127396],[-96.832047,39.128116],[-96.831199,39.131545],[-96.831155,39.131854],[-96.830985,39.139228],[-96.839641,39.1393],[-96.841255,39.139175],[-96.84967,39.13928],[-96.849772,39.146481],[-96.849894,39.151453],[-96.849797,39.161087],[-96.849564,39.168412],[-96.849613,39.175607],[-96.849647,39.181339],[-96.849882,39.189695],[-96.849747,39.191811],[-96.849785,39.201628],[-96.849878,39.209419],[-96.849879,39.219012],[-96.866122,39.219174],[-96.871663,39.21923],[-96.88826,39.219369],[-96.896421,39.21937],[-96.89961,39.219358],[-96.90336,39.219399],[-96.910427,39.21948],[-96.910512,39.219481],[-96.918713,39.219588],[-96.924066,39.219661],[-96.928825,39.219763],[-96.933551,39.219722],[-96.943035,39.220023],[-96.947023,39.220149],[-96.956568,39.220025],[-96.961693,39.220076],[-96.961612,39.216908],[-96.961408,39.210048],[-96.961278,39.208627],[-96.961028,39.197098],[-96.960839,39.18493],[-96.960858,39.176447],[-96.961065,39.161316],[-96.961152,39.1602],[-96.961266,39.146822],[-96.961314,39.143699],[-96.96138,39.132325],[-96.963177,39.1323],[-96.963093,39.12502],[-96.963011,39.118042],[-96.963011,39.117826],[-96.962904,39.105341],[-96.963176,39.104533],[-96.962933,39.099186],[-96.963115,39.091647],[-96.963141,39.089516],[-96.963169,39.087659],[-96.962865,39.086536],[-96.962889,39.074208],[-96.962956,39.059802]]]]}},{"type":"Feature","properties":{"id":66,"NAME":"66","text-color":"#000000","text-size":16,"labelx":-96.581148,"labely":39.198988,"TotalPop":24145,"PopDevPct":0.02731391,"DemPct":0.58169935,"RepPct":0.35724114,"WhitePct":0.75699857,"MinorityPct":0.24300143,"BlackPct":0.06198404,"HispanicPct":0.08140018,"PacificPct":0.00525758,"AsianPct":0.07051607,"NativePct":0.02139925,"TotalVAP":21683,"Margin":0.08169935,"color":"#0000f8","opacity":"0.5"},"geometry":{"type":"MultiPolygon","coordinates":[[[[-96.586771,39.172849],[-96.580121,39.172767],[-96.576778,39.172735],[-96.576604,39.172638],[-96.576623,39.172284],[-96.57409,39.171614],[-96.571964,39.171557],[-96.569974,39.171039],[-96.562768,39.171018],[-96.56156,39.171463],[-96.556014,39.171419],[-96.555062,39.174793],[-96.555009,39.17492],[-96.554655,39.177163],[-96.553866,39.17895],[-96.555437,39.179497],[-96.555919,39.179721],[-96.556493,39.180138],[-96.557395,39.181082],[-96.557598,39.181445],[-96.557892,39.181974],[-96.558194,39.182983],[-96.55831,39.183884],[-96.558404,39.186669],[-96.558794,39.189278],[-96.560059,39.194524],[-96.560972,39.196235],[-96.56059,39.197723],[-96.559006,39.198485],[-96.559215,39.198948],[-96.560191,39.201746],[-96.56053,39.201749],[-96.560575,39.204086],[-96.560946,39.204086],[-96.560757,39.20575],[-96.56206,39.20594],[-96.562087,39.207708],[-96.561889,39.207708],[-96.560628,39.207706],[-96.559198,39.207704],[-96.557436,39.207702],[-96.557455,39.208567],[-96.557487,39.210058],[-96.558879,39.210311],[-96.559035,39.210339],[-96.55966,39.210453],[-96.559697,39.210459],[-96.560567,39.210618],[-96.561391,39.210768],[-96.562343,39.210918],[-96.563255,39.210983],[-96.563574,39.210988],[-96.563671,39.21099],[-96.564089,39.210983],[-96.564533,39.210959],[-96.564545,39.210959],[-96.564704,39.210947],[-96.564852,39.210929],[-96.566036,39.210757],[-96.567119,39.210638],[-96.567176,39.210638],[-96.568498,39.210848],[-96.569596,39.211462],[-96.569783,39.21169],[-96.570088,39.212177],[-96.570155,39.212924],[-96.570489,39.212834],[-96.570757,39.214017],[-96.570442,39.215101],[-96.570172,39.215792],[-96.569674,39.215746],[-96.566872,39.215872],[-96.567003,39.218653],[-96.56897,39.218672],[-96.572983,39.218663],[-96.574402,39.218668],[-96.576808,39.21878],[-96.578533,39.219116],[-96.578946,39.219076],[-96.578604,39.218436],[-96.57892,39.218606],[-96.585742,39.218586],[-96.588988,39.218577],[-96.598116,39.218543],[-96.601318,39.218525],[-96.604087,39.218509],[-96.607347,39.218493],[-96.607358,39.218202],[-96.607464,39.218216],[-96.607461,39.218128],[-96.60746,39.218058],[-96.607458,39.217866],[-96.607458,39.217779],[-96.607454,39.217328],[-96.607453,39.217067],[-96.607456,39.215978],[-96.607458,39.215528],[-96.607458,39.21535],[-96.60746,39.214817],[-96.607461,39.21464],[-96.607461,39.21438],[-96.607462,39.213317],[-96.607469,39.211446],[-96.607349,39.21144],[-96.607343,39.211008],[-96.602797,39.211064],[-96.601654,39.211058],[-96.598135,39.211144],[-96.598156,39.208835],[-96.59817,39.204961],[-96.598176,39.203883],[-96.598159,39.200227],[-96.598159,39.200094],[-96.598159,39.199346],[-96.598156,39.198594],[-96.598155,39.197172],[-96.598155,39.196608],[-96.598145,39.195427],[-96.598136,39.192973],[-96.598127,39.190612],[-96.598127,39.18933],[-96.599784,39.189472],[-96.598264,39.187886],[-96.59659,39.186362],[-96.595859,39.186194],[-96.595849,39.18426],[-96.595851,39.1838],[-96.595845,39.1832],[-96.595832,39.182266],[-96.594752,39.182225],[-96.593633,39.182247],[-96.592578,39.182267],[-96.591928,39.184073],[-96.588791,39.183799],[-96.588789,39.183108],[-96.588788,39.182236],[-96.588777,39.180762],[-96.589131,39.17961],[-96.590077,39.179472],[-96.591309,39.178098],[-96.590979,39.175147],[-96.590875,39.174604],[-96.590707,39.173822],[-96.590652,39.17341],[-96.592059,39.172607],[-96.593603,39.170818],[-96.593894,39.170265],[-96.593793,39.170064],[-96.593617,39.169792],[-96.593292,39.16957],[-96.590662,39.171012],[-96.590917,39.172011],[-96.586871,39.172453],[-96.586771,39.172849]]]]}},{"type":"Feature","properties":{"id":67,"NAME":"67","text-color":"#000000","text-size":16,"labelx":-96.620434,"labely":39.176595,"TotalPop":23696,"PopDevPct":0.00821,"DemPct":0.47377481,"RepPct":0.47954638,"WhitePct":0.76667024,"MinorityPct":0.23332976,"BlackPct":0.06936106,"HispanicPct":0.0728452,"PacificPct":0.00284091,"AsianPct":0.0651801,"NativePct":0.02476415,"TotalVAP":18656,"Margin":-0.02622519,"color":"#4343ff","opacity":"0.5"},"geometry":{"type":"MultiPolygon","coordinates":[[[[-96.603937,39.140566],[-96.60032,39.138802],[-96.597974,39.13668],[-96.597351,39.135617],[-96.595392,39.133979],[-96.594084,39.130609],[-96.590731,39.12904],[-96.586877,39.128997],[-96.583645,39.129807],[-96.582371,39.130853],[-96.582389,39.130947],[-96.582308,39.13279],[-96.580918,39.135736],[-96.578707,39.138655],[-96.574764,39.141273],[-96.573559,39.141474],[-96.572034,39.140875],[-96.568627,39.141344],[-96.563693,39.141283],[-96.56055,39.141684],[-96.559872,39.142345],[-96.559776,39.144539],[-96.561209,39.146534],[-96.565423,39.15087],[-96.567445,39.152478],[-96.569053,39.154884],[-96.570196,39.155734],[-96.570807,39.157086],[-96.569535,39.159643],[-96.567861,39.160323],[-96.566333,39.160113],[-96.563986,39.159236],[-96.56149,39.159503],[-96.558348,39.159497],[-96.55779,39.160316],[-96.556877,39.16553],[-96.556014,39.171419],[-96.56156,39.171463],[-96.562768,39.171018],[-96.569974,39.171039],[-96.571964,39.171557],[-96.57409,39.171614],[-96.576623,39.172284],[-96.576604,39.172638],[-96.576778,39.172735],[-96.580121,39.172767],[-96.586771,39.172849],[-96.586871,39.172453],[-96.590917,39.172011],[-96.590662,39.171012],[-96.593292,39.16957],[-96.593617,39.169792],[-96.593793,39.170064],[-96.593894,39.170265],[-96.593603,39.170818],[-96.592059,39.172607],[-96.590652,39.17341],[-96.590707,39.173822],[-96.590875,39.174604],[-96.590979,39.175147],[-96.591309,39.178098],[-96.590077,39.179472],[-96.589131,39.17961],[-96.588777,39.180762],[-96.588788,39.182236],[-96.588789,39.183108],[-96.588791,39.183799],[-96.591928,39.184073],[-96.592578,39.182267],[-96.593633,39.182247],[-96.594752,39.182225],[-96.595832,39.182266],[-96.595845,39.1832],[-96.595851,39.1838],[-96.595849,39.18426],[-96.595859,39.186194],[-96.59659,39.186362],[-96.598264,39.187886],[-96.599784,39.189472],[-96.598127,39.18933],[-96.598127,39.190612],[-96.598136,39.192973],[-96.598145,39.195427],[-96.598155,39.196608],[-96.598155,39.197172],[-96.598156,39.198594],[-96.598159,39.199346],[-96.598159,39.200094],[-96.598159,39.200227],[-96.598176,39.203883],[-96.59817,39.204961],[-96.598156,39.208835],[-96.598135,39.211144],[-96.601654,39.211058],[-96.602797,39.211064],[-96.607343,39.211008],[-96.607349,39.21144],[-96.607469,39.211446],[-96.607462,39.213317],[-96.607461,39.21438],[-96.607461,39.21464],[-96.60746,39.214817],[-96.607458,39.21535],[-96.607458,39.215528],[-96.607456,39.215978],[-96.607453,39.217067],[-96.607454,39.217328],[-96.607458,39.217779],[-96.607458,39.217866],[-96.60746,39.218058],[-96.607461,39.218128],[-96.607464,39.218216],[-96.607559,39.218224],[-96.607572,39.218224],[-96.607897,39.21823],[-96.608006,39.218232],[-96.608179,39.218237],[-96.608373,39.218238],[-96.609477,39.218247],[-96.609845,39.21825],[-96.610013,39.218249],[-96.610518,39.218245],[-96.610687,39.218245],[-96.611172,39.218267],[-96.611914,39.218302],[-96.612629,39.218304],[-96.613115,39.218307],[-96.613878,39.218307],[-96.614822,39.218307],[-96.616169,39.218354],[-96.616397,39.218363],[-96.61691,39.218521],[-96.616982,39.21855],[-96.617203,39.218706],[-96.617363,39.218831],[-96.617702,39.219303],[-96.617632,39.219312],[-96.617714,39.219648],[-96.617738,39.219839],[-96.617785,39.220711],[-96.617779,39.221012],[-96.617773,39.22131],[-96.617789,39.221431],[-96.617822,39.221464],[-96.617831,39.22148],[-96.61784,39.221496],[-96.617845,39.221505],[-96.617868,39.22153],[-96.61788,39.22154],[-96.617894,39.221552],[-96.617906,39.221559],[-96.617925,39.221571],[-96.61794,39.221577],[-96.617958,39.221585],[-96.617994,39.221597],[-96.618031,39.221604],[-96.61807,39.221606],[-96.618108,39.221605],[-96.618147,39.221599],[-96.618148,39.221437],[-96.618149,39.221319],[-96.618154,39.220899],[-96.618154,39.220748],[-96.618157,39.220501],[-96.618151,39.219865],[-96.618167,39.218814],[-96.618168,39.218755],[-96.618174,39.218385],[-96.618519,39.218389],[-96.622838,39.218352],[-96.622588,39.215202],[-96.624627,39.214318],[-96.623666,39.218417],[-96.626094,39.21841],[-96.630701,39.218375],[-96.635418,39.218342],[-96.635435,39.219604],[-96.635435,39.221346],[-96.639021,39.223302],[-96.642486,39.225597],[-96.644611,39.225583],[-96.644607,39.221567],[-96.647446,39.221794],[-96.648833,39.221105],[-96.648796,39.21824],[-96.653129,39.214263],[-96.653875,39.214271],[-96.653953,39.203882],[-96.644827,39.203614],[-96.644743,39.196571],[-96.645409,39.196571],[-96.645474,39.196572],[-96.645474,39.19641],[-96.645989,39.195013],[-96.645233,39.194604],[-96.644756,39.194314],[-96.644762,39.192244],[-96.644771,39.189127],[-96.647491,39.189171],[-96.649411,39.189226],[-96.649386,39.184265],[-96.64941,39.181892],[-96.645541,39.181917],[-96.647877,39.1775],[-96.647006,39.174676],[-96.64678,39.174676],[-96.646523,39.174677],[-96.645106,39.174717],[-96.644693,39.174714],[-96.644712,39.171661],[-96.644599,39.161621],[-96.644451,39.158398],[-96.644404,39.15582],[-96.644612,39.155453],[-96.644436,39.155203],[-96.644461,39.155125],[-96.644368,39.153827],[-96.644288,39.153528],[-96.644356,39.149763],[-96.644249,39.149161],[-96.644086,39.146664],[-96.640874,39.148862],[-96.63619,39.150096],[-96.635314,39.150043],[-96.633522,39.152785],[-96.631771,39.153775],[-96.628911,39.153786],[-96.626697,39.152693],[-96.626193,39.151842],[-96.621148,39.149886],[-96.621148,39.148459],[-96.618272,39.148554],[-96.616965,39.148699],[-96.615075,39.149247],[-96.613626,39.14892],[-96.610621,39.147133],[-96.609548,39.146066],[-96.607321,39.145536],[-96.60698,39.143429],[-96.603835,39.141735],[-96.603937,39.140566]]]]}},{"type":"Feature","properties":{"id":68,"NAME":"68","text-color":"#000000","text-size":16,"labelx":-96.69272,"labely":38.734241,"TotalPop":23694,"PopDevPct":0.00812491,"DemPct":0.30533426,"RepPct":0.64894354,"WhitePct":0.67005163,"MinorityPct":0.32994837,"BlackPct":0.1300278,"HispanicPct":0.12157486,"PacificPct":0.01344528,"AsianPct":0.04390991,"NativePct":0.03505985,"TotalVAP":17627,"Margin":-0.19466574,"color":"#820000","opacity":"0.5"},"geometry":{"type":"MultiPolygon","coordinates":[[[[-96.597554,38.521974],[-96.55749,38.521821],[-96.538186,38.521749],[-96.533991,38.521676],[-96.520142,38.521658],[-96.476599,38.521567],[-96.464802,38.521559],[-96.462285,38.521638],[-96.446647,38.5216],[-96.439276,38.521637],[-96.435479,38.521674],[-96.428466,38.521734],[-96.413107,38.52165],[-96.411717,38.521629],[-96.409346,38.521596],[-96.385147,38.521623],[-96.37555,38.521668],[-96.368179,38.52188],[-96.35378,38.521657],[-96.35378,38.536382],[-96.353776,38.53725],[-96.353735,38.543551],[-96.353621,38.549585],[-96.35362,38.549675],[-96.353699,38.551323],[-96.353563,38.565327],[-96.35354,38.568592],[-96.353444,38.579854],[-96.35332,38.594286],[-96.353188,38.594388],[-96.353088,38.608893],[-96.353338,38.623473],[-96.353366,38.625008],[-96.353095,38.641226],[-96.353092,38.641426],[-96.353108,38.645124],[-96.353178,38.652329],[-96.353205,38.666806],[-96.353206,38.687504],[-96.353009,38.689011],[-96.353004,38.689087],[-96.352999,38.689158],[-96.352983,38.6894],[-96.353,38.690272],[-96.353,38.690287],[-96.353047,38.692343],[-96.353056,38.695479],[-96.353136,38.702557],[-96.35291,38.724473],[-96.352751,38.728761],[-96.352613,38.739021],[-96.352767,38.739262],[-96.371328,38.73917],[-96.375348,38.739006],[-96.389749,38.738984],[-96.390075,38.751931],[-96.38979,38.753594],[-96.389839,38.76817],[-96.389929,38.782663],[-96.389823,38.792862],[-96.389819,38.792999],[-96.389836,38.797245],[-96.38985,38.804235],[-96.390022,38.811325],[-96.390398,38.825858],[-96.408511,38.826032],[-96.42697,38.825507],[-96.436211,38.825673],[-96.445546,38.825835],[-96.464205,38.826028],[-96.468819,38.826034],[-96.476084,38.825994],[-96.482829,38.825967],[-96.501397,38.826188],[-96.501432,38.840646],[-96.501373,38.851804],[-96.501653,38.855142],[-96.501634,38.857901],[-96.501603,38.862382],[-96.501556,38.869704],[-96.50172,38.876846],[-96.50168,38.912856],[-96.501679,38.91332],[-96.501664,38.927508],[-96.501662,38.927678],[-96.501633,38.957055],[-96.50162,38.971431],[-96.501459,38.985908],[-96.501297,38.998915],[-96.501214,39.014897],[-96.50117,39.02001],[-96.501166,39.043666],[-96.501006,39.066543],[-96.501003,39.066811],[-96.500995,39.06809],[-96.500962,39.072681],[-96.519668,39.072872],[-96.519641,39.101628],[-96.519554,39.115955],[-96.519415,39.125127],[-96.519451,39.130405],[-96.538051,39.130361],[-96.538346,39.130362],[-96.544732,39.130321],[-96.563788,39.130425],[-96.564214,39.130618],[-96.56477,39.130871],[-96.564887,39.130895],[-96.565008,39.130905],[-96.565279,39.130914],[-96.571986,39.130757],[-96.582325,39.13095],[-96.582389,39.130947],[-96.582371,39.130853],[-96.583645,39.129807],[-96.586877,39.128997],[-96.590731,39.12904],[-96.594084,39.130609],[-96.595392,39.133979],[-96.597351,39.135617],[-96.597974,39.13668],[-96.60032,39.138802],[-96.603937,39.140566],[-96.603835,39.141735],[-96.60698,39.143429],[-96.607321,39.145536],[-96.609548,39.146066],[-96.610621,39.147133],[-96.613626,39.14892],[-96.615075,39.149247],[-96.616965,39.148699],[-96.618272,39.148554],[-96.621148,39.148459],[-96.621148,39.149886],[-96.626193,39.151842],[-96.626697,39.152693],[-96.628911,39.153786],[-96.631771,39.153775],[-96.633522,39.152785],[-96.635314,39.150043],[-96.63619,39.150096],[-96.640874,39.148862],[-96.644086,39.146664],[-96.644249,39.149161],[-96.644356,39.149763],[-96.644288,39.153528],[-96.644368,39.153827],[-96.644461,39.155125],[-96.644436,39.155203],[-96.644612,39.155453],[-96.644404,39.15582],[-96.644451,39.158398],[-96.644599,39.161621],[-96.644712,39.171661],[-96.644693,39.174714],[-96.645106,39.174717],[-96.646523,39.174677],[-96.64678,39.174676],[-96.647006,39.174676],[-96.676948,39.174785],[-96.678054,39.174789],[-96.681921,39.174804],[-96.681964,39.164773],[-96.681862,39.164774],[-96.681858,39.153101],[-96.682392,39.153056],[-96.682428,39.140605],[-96.68387,39.140613],[-96.685674,39.137612],[-96.687738,39.13605],[-96.687749,39.132022],[-96.686853,39.131457],[-96.687301,39.131461],[-96.70058,39.131585],[-96.707953,39.131609],[-96.718624,39.131582],[-96.719655,39.131513],[-96.71963,39.1317],[-96.72021,39.13143],[-96.73735,39.13154],[-96.74513,39.13159],[-96.749954,39.131816],[-96.753521,39.133988],[-96.76105,39.13417],[-96.76208,39.13274],[-96.763488,39.131816],[-96.76362,39.131473],[-96.766572,39.13017],[-96.770122,39.126167],[-96.771313,39.12428],[-96.777215,39.122221],[-96.781298,39.12165],[-96.785585,39.122753],[-96.788278,39.122744],[-96.790553,39.122085],[-96.794245,39.12196],[-96.796647,39.121423],[-96.79672,39.11975],[-96.79756,39.11284],[-96.79803,39.11078],[-96.79813,39.11041],[-96.798408,39.106813],[-96.797541,39.101468],[-96.797038,39.101097],[-96.79702,39.10095],[-96.7968,39.09967],[-96.79622,39.09588],[-96.79962,39.09599],[-96.80079,39.09644],[-96.80239,39.097274],[-96.80549,39.09889],[-96.80956,39.101],[-96.81055,39.10164],[-96.81112,39.1011],[-96.812569,39.098563],[-96.81267,39.09657],[-96.81254,39.09125],[-96.81206,39.09085],[-96.81336,39.08946],[-96.81337,39.08935],[-96.81338,39.0889],[-96.813166,39.088199],[-96.814038,39.088194],[-96.81399,39.088076],[-96.815848,39.088093],[-96.818512,39.088097],[-96.821133,39.088106],[-96.823595,39.088113],[-96.823964,39.088115],[-96.826454,39.088122],[-96.828472,39.082891],[-96.829643,39.078373],[-96.830463,39.076802],[-96.833657,39.073785],[-96.833422,39.071657],[-96.831547,39.070156],[-96.829474,39.068749],[-96.828855,39.068341],[-96.827925,39.067513],[-96.827947,39.067281],[-96.828061,39.066106],[-96.828176,39.064924],[-96.82835,39.06329],[-96.828467,39.062249],[-96.82848,39.062091],[-96.828564,39.060903],[-96.82847,39.057236],[-96.828487,39.047631],[-96.829215,39.043712],[-96.829259,39.043421],[-96.829325,39.04312],[-96.829492,39.042402],[-96.82949,39.042253],[-96.829484,39.041619],[-96.830458,39.041594],[-96.83052,39.041594],[-96.831416,39.041594],[-96.831432,39.041122],[-96.831447,39.040638],[-96.831448,39.039733],[-96.83143,39.039205],[-96.831418,39.038693],[-96.83143,39.037646],[-96.831429,39.037105],[-96.831429,39.036594],[-96.831429,39.036075],[-96.831428,39.035554],[-96.831428,39.035007],[-96.831428,39.034513],[-96.831428,39.033501],[-96.831427,39.032978],[-96.831426,39.032437],[-96.831425,39.031934],[-96.831429,39.031411],[-96.831432,39.030864],[-96.831436,39.030342],[-96.83144,39.029816],[-96.831439,39.029296],[-96.831438,39.028773],[-96.831437,39.028241],[-96.831435,39.027721],[-96.831434,39.027204],[-96.831433,39.026658],[-96.831432,39.026148],[-96.831421,39.025612],[-96.83142,39.025085],[-96.831418,39.024555],[-96.831405,39.024051],[-96.831392,39.02352],[-96.8314,39.022989],[-96.831408,39.022477],[-96.831417,39.021968],[-96.831425,39.021436],[-96.83143,39.020918],[-96.831434,39.020417],[-96.831438,39.019876],[-96.831442,39.019347],[-96.831423,39.018849],[-96.833369,39.018851],[-96.835223,39.018852],[-96.837162,39.018855],[-96.83906,39.018838],[-96.841039,39.019164],[-96.842107,39.019141],[-96.843162,39.017668],[-96.844299,39.017632],[-96.844511,39.01763],[-96.846944,39.01743],[-96.846912,39.017082],[-96.848815,39.017025],[-96.848824,39.015392],[-96.849338,39.014611],[-96.849729,39.014049],[-96.851227,39.01191],[-96.852142,39.010579],[-96.852604,39.010135],[-96.858252,39.010159],[-96.858209,39.008112],[-96.859556,39.006202],[-96.861378,39.00548],[-96.861591,39.004581],[-96.860781,39.002652],[-96.863095,39.002199],[-96.861572,38.999551],[-96.861443,38.999313],[-96.86479,38.999329],[-96.872277,39.000008],[-96.875644,39.000317],[-96.893884,39.000543],[-96.900318,39.000564],[-96.914334,39.000663],[-96.916332,39.000603],[-96.917609,39.000528],[-96.919096,39.000622],[-96.919288,39.000634],[-96.926942,38.999563],[-96.944659,38.99708],[-96.963461,38.994448],[-96.963464,38.994204],[-96.963561,38.987373],[-96.963566,38.987112],[-96.963545,38.986188],[-96.963688,38.981247],[-96.963659,38.980329],[-96.963571,38.975062],[-96.963347,38.973391],[-96.963487,38.965155],[-96.96347,38.964901],[-96.962099,38.965173],[-96.960289,38.965716],[-96.957668,38.966782],[-96.956486,38.967392],[-96.955241,38.968148],[-96.954918,38.96837],[-96.953296,38.96921],[-96.952262,38.969842],[-96.951886,38.970103],[-96.95169,38.970281],[-96.951205,38.970532],[-96.950533,38.971048],[-96.950393,38.971274],[-96.950241,38.971908],[-96.950131,38.972041],[-96.950082,38.972353],[-96.950125,38.972541],[-96.950155,38.972964],[-96.95038,38.973205],[-96.951287,38.973826],[-96.951318,38.97403],[-96.951372,38.974956],[-96.951322,38.975687],[-96.950862,38.976455],[-96.950607,38.976751],[-96.950058,38.976895],[-96.949653,38.976951],[-96.949056,38.976972],[-96.947768,38.976849],[-96.946889,38.976436],[-96.946647,38.97602],[-96.946228,38.974855],[-96.946446,38.974258],[-96.947062,38.973661],[-96.947443,38.97358],[-96.948028,38.97306],[-96.948215,38.972474],[-96.948646,38.972267],[-96.948796,38.971853],[-96.948765,38.971574],[-96.948577,38.971244],[-96.948132,38.970856],[-96.947627,38.970603],[-96.947341,38.97057],[-96.946806,38.970694],[-96.946116,38.970972],[-96.945878,38.971046],[-96.945516,38.971284],[-96.945309,38.971482],[-96.945215,38.971629],[-96.945133,38.971936],[-96.945121,38.972119],[-96.944833,38.972293],[-96.943713,38.973343],[-96.942903,38.974093],[-96.942686,38.974283],[-96.942609,38.974402],[-96.94159,38.97552],[-96.941188,38.976199],[-96.940922,38.976339],[-96.940366,38.976463],[-96.940006,38.976638],[-96.939729,38.976718],[-96.939374,38.97677],[-96.939082,38.976622],[-96.938799,38.976425],[-96.938624,38.976247],[-96.938421,38.976131],[-96.938133,38.975599],[-96.937972,38.974852],[-96.937833,38.974129],[-96.937598,38.973407],[-96.937267,38.973033],[-96.936765,38.972593],[-96.936678,38.97248],[-96.935739,38.972451],[-96.935495,38.97258],[-96.934857,38.972807],[-96.934176,38.972826],[-96.933579,38.972773],[-96.932835,38.972857],[-96.932496,38.973176],[-96.931605,38.973992],[-96.931299,38.976102],[-96.932718,38.976443],[-96.935041,38.976177],[-96.935202,38.977291],[-96.933478,38.978553],[-96.931043,38.97834],[-96.92711,38.978625],[-96.926208,38.978885],[-96.926151,38.97452],[-96.92756,38.973797],[-96.92802,38.97361],[-96.927879,38.970926],[-96.926529,38.970296],[-96.92628,38.970194],[-96.926277,38.969995],[-96.926388,38.957808],[-96.926393,38.957619],[-96.926468,38.943057],[-96.926504,38.928517],[-96.926525,38.917614],[-96.926565,38.913941],[-96.926588,38.903986],[-96.926429,38.903745],[-96.926587,38.899466],[-96.926535,38.895431],[-96.926778,38.893044],[-96.926805,38.892692],[-96.926838,38.892258],[-96.926566,38.89197],[-96.926805,38.889038],[-96.926595,38.886767],[-96.926599,38.884856],[-96.926675,38.877113],[-96.926558,38.875548],[-96.92671,38.87035],[-96.922486,38.870403],[-96.921424,38.870389],[-96.921327,38.870385],[-96.919765,38.870335],[-96.91956,38.870334],[-96.917241,38.870318],[-96.916969,38.870317],[-96.902593,38.870247],[-96.898879,38.870255],[-96.897389,38.869967],[-96.892721,38.870268],[-96.890245,38.870067],[-96.89029,38.855762],[-96.890364,38.841177],[-96.890052,38.841052],[-96.890042,38.82666],[-96.890237,38.818131],[-96.890054,38.8158],[-96.890171,38.812169],[-96.896221,38.812168],[-96.908596,38.812155],[-96.927234,38.81216],[-96.927162,38.797633],[-96.92714,38.78964],[-96.927225,38.78314],[-96.927237,38.775836],[-96.927284,38.768616],[-96.927431,38.754123],[-96.927672,38.745292],[-96.927488,38.739567],[-96.927509,38.72505],[-96.927557,38.720724],[-96.928434,38.712443],[-96.927461,38.712279],[-96.927447,38.710519],[-96.927427,38.708741],[-96.927374,38.696005],[-96.930072,38.696008],[-96.930409,38.696009],[-96.930335,38.692919],[-96.930399,38.683619],[-96.93041,38.681863],[-96.930413,38.679393],[-96.930448,38.678288],[-96.93065,38.676103],[-96.931768,38.667397],[-96.933022,38.657858],[-96.933924,38.65535],[-96.931282,38.653898],[-96.930542,38.652925],[-96.929697,38.651749],[-96.930303,38.650491],[-96.930376,38.638426],[-96.930181,38.623934],[-96.930076,38.616602],[-96.930336,38.614961],[-96.930286,38.609362],[-96.93016,38.594949],[-96.930075,38.580431],[-96.930009,38.565689],[-96.929982,38.551448],[-96.929958,38.536941],[-96.929969,38.522412],[-96.911828,38.522437],[-96.893383,38.522463],[-96.87493,38.522488],[-96.856461,38.522503],[-96.837991,38.522529],[-96.819509,38.522449],[-96.806459,38.522349],[-96.745575,38.522129],[-96.734015,38.522077],[-96.725322,38.522038],[-96.717215,38.522007],[-96.716808,38.522005],[-96.712174,38.521998],[-96.709102,38.522022],[-96.689576,38.521952],[-96.666711,38.521952],[-96.614427,38.521961],[-96.600926,38.521971],[-96.597554,38.521974]]]]}},{"type":"Feature","properties":{"id":69,"NAME":"69","text-color":"#000000","text-size":16,"labelx":-97.678325,"labely":38.716621,"TotalPop":24131,"PopDevPct":0.02671825,"DemPct":0.32342253,"RepPct":0.62184781,"WhitePct":0.76766619,"MinorityPct":0.23233381,"BlackPct":0.0415059,"HispanicPct":0.12622644,"PacificPct":0.00248043,"AsianPct":0.036986,"NativePct":0.03009591,"TotalVAP":18142,"Margin":-0.17657747,"color":"#f80d00","opacity":"0.5"},"geometry":{"type":"MultiPolygon","coordinates":[[[[-97.592945,38.608978],[-97.584785,38.608999],[-97.575021,38.609013],[-97.564995,38.609016],[-97.548827,38.609108],[-97.519434,38.60918],[-97.49004,38.609176],[-97.489683,38.609175],[-97.482467,38.609219],[-97.464578,38.609209],[-97.446055,38.609228],[-97.43782,38.6092],[-97.436056,38.609381],[-97.43566,38.609264],[-97.42756,38.609186],[-97.409078,38.609128],[-97.390437,38.609212],[-97.376736,38.609272],[-97.371911,38.609353],[-97.371937,38.623781],[-97.371983,38.631917],[-97.371948,38.638296],[-97.372023,38.652793],[-97.37204,38.667301],[-97.372035,38.681813],[-97.372026,38.696294],[-97.372027,38.710825],[-97.372001,38.725626],[-97.371976,38.739867],[-97.371902,38.754371],[-97.371962,38.760053],[-97.37189,38.768896],[-97.371828,38.783421],[-97.390401,38.783472],[-97.408973,38.783494],[-97.427554,38.783546],[-97.432938,38.783725],[-97.433178,38.783725],[-97.433899,38.783725],[-97.43414,38.783725],[-97.434906,38.783678],[-97.439806,38.783569],[-97.440172,38.783514],[-97.440499,38.783483],[-97.440542,38.78348],[-97.440889,38.783477],[-97.441421,38.78352],[-97.44158,38.783511],[-97.441784,38.783484],[-97.441905,38.783468],[-97.442246,38.783452],[-97.442513,38.783445],[-97.442589,38.783458],[-97.442792,38.783495],[-97.443229,38.783601],[-97.44327,38.783616],[-97.446046,38.783627],[-97.451778,38.783669],[-97.452796,38.783677],[-97.45407,38.78367],[-97.455328,38.783676],[-97.457559,38.783669],[-97.46459,38.783649],[-97.483283,38.783714],[-97.501808,38.783731],[-97.520334,38.783758],[-97.538901,38.783767],[-97.5575,38.783673],[-97.566897,38.78362],[-97.567683,38.783613],[-97.576132,38.783484],[-97.58537,38.783463],[-97.589938,38.783452],[-97.594027,38.783441],[-97.594435,38.784539],[-97.594356,38.788511],[-97.594338,38.789431],[-97.594314,38.790667],[-97.594288,38.791981],[-97.594308,38.793965],[-97.594254,38.798007],[-97.594261,38.799382],[-97.594266,38.800469],[-97.59427,38.801378],[-97.594278,38.802274],[-97.594288,38.803459],[-97.594288,38.803526],[-97.594299,38.804879],[-97.594295,38.805256],[-97.594279,38.806625],[-97.594268,38.807553],[-97.594253,38.808894],[-97.594232,38.810915],[-97.594217,38.812538],[-97.596102,38.812541],[-97.596531,38.812542],[-97.597196,38.812543],[-97.598871,38.812558],[-97.600894,38.812577],[-97.601243,38.81258],[-97.602912,38.812596],[-97.603523,38.812601],[-97.604947,38.812615],[-97.607006,38.81262],[-97.607117,38.81262],[-97.607299,38.812621],[-97.607262,38.814433],[-97.609371,38.81444],[-97.609354,38.815371],[-97.609343,38.816276],[-97.609338,38.817149],[-97.609333,38.818059],[-97.609328,38.81895],[-97.60931,38.81983],[-97.60928,38.822234],[-97.609249,38.824731],[-97.609219,38.827113],[-97.610953,38.827135],[-97.612608,38.827155],[-97.613838,38.827155],[-97.614294,38.827155],[-97.614939,38.827154],[-97.615995,38.827154],[-97.616574,38.827154],[-97.617643,38.827154],[-97.617721,38.827154],[-97.618848,38.827154],[-97.619343,38.827153],[-97.620022,38.827153],[-97.621004,38.827153],[-97.621162,38.827153],[-97.621692,38.827153],[-97.62191,38.827153],[-97.622405,38.827153],[-97.625043,38.827152],[-97.627211,38.827156],[-97.628345,38.827158],[-97.629465,38.82716],[-97.630028,38.827161],[-97.630428,38.827162],[-97.631076,38.827163],[-97.634043,38.827168],[-97.635187,38.82717],[-97.635266,38.82717],[-97.636717,38.827169],[-97.63718,38.827169],[-97.637419,38.827169],[-97.637882,38.827164],[-97.639625,38.827147],[-97.639897,38.827147],[-97.640471,38.827147],[-97.645065,38.827147],[-97.649619,38.827147],[-97.668244,38.827182],[-97.686654,38.82716],[-97.694168,38.827197],[-97.695312,38.827203],[-97.696498,38.827205],[-97.696498,38.826658],[-97.705768,38.822398],[-97.724338,38.813859],[-97.72675,38.81275],[-97.742986,38.805279],[-97.743001,38.805272],[-97.753376,38.800484],[-97.757243,38.798592],[-97.759459,38.797566],[-97.761389,38.796744],[-97.763194,38.79598],[-97.779896,38.788287],[-97.78966,38.783787],[-97.789678,38.783779],[-97.798778,38.779585],[-97.812106,38.773439],[-97.817553,38.775028],[-97.836079,38.780395],[-97.846466,38.78372],[-97.854745,38.785926],[-97.873226,38.791243],[-97.890441,38.796086],[-97.928503,38.806513],[-97.928398,38.795891],[-97.92847,38.783964],[-97.92849,38.763421],[-97.928348,38.755599],[-97.928446,38.753429],[-97.928428,38.711454],[-97.92846,38.696974],[-97.92516,38.69682],[-97.925068,38.682279],[-97.924808,38.650467],[-97.924789,38.638695],[-97.924859,38.638546],[-97.924813,38.624338],[-97.924795,38.60988],[-97.917171,38.609832],[-97.888009,38.609936],[-97.878839,38.610018],[-97.875324,38.610094],[-97.874058,38.609571],[-97.856148,38.60961],[-97.84021,38.609625],[-97.832721,38.609517],[-97.819392,38.609559],[-97.814224,38.609455],[-97.801152,38.609446],[-97.788979,38.609353],[-97.776263,38.609377],[-97.768305,38.609295],[-97.759069,38.609314],[-97.740777,38.609172],[-97.721974,38.609168],[-97.7037,38.609101],[-97.70353,38.609101],[-97.695084,38.609076],[-97.685548,38.609078],[-97.66702,38.608984],[-97.648495,38.608958],[-97.639241,38.608956],[-97.634008,38.608962],[-97.629902,38.608959],[-97.624886,38.608931],[-97.624454,38.608928],[-97.621526,38.608931],[-97.621215,38.608933],[-97.610717,38.608968],[-97.610572,38.608972],[-97.610417,38.608977],[-97.606633,38.608968],[-97.592945,38.608978]]]]}},{"type":"Feature","properties":{"id":70,"NAME":"70","text-color":"#000000","text-size":16,"labelx":-97.149601,"labely":38.808983,"TotalPop":22912,"PopDevPct":-0.02514739,"DemPct":0.23200776,"RepPct":0.72337536,"WhitePct":0.92071582,"MinorityPct":0.07928418,"BlackPct":0.00974063,"HispanicPct":0.03550799,"PacificPct":0.00130253,"AsianPct":0.00639937,"NativePct":0.02287915,"TotalVAP":17658,"Margin":-0.26799224,"color":"#f80d00","opacity":"0.5"},"geometry":{"type":"MultiPolygon","coordinates":[[[[-96.837801,38.27583],[-96.8378,38.276138],[-96.837759,38.290327],[-96.837708,38.30481],[-96.837709,38.304956],[-96.837722,38.319323],[-96.837721,38.326789],[-96.837724,38.333862],[-96.837654,38.348636],[-96.820579,38.348571],[-96.819475,38.348502],[-96.81959,38.362888],[-96.819625,38.378863],[-96.819617,38.406557],[-96.819628,38.418705],[-96.819628,38.421045],[-96.819628,38.429088],[-96.819802,38.434282],[-96.819787,38.450046],[-96.819781,38.457021],[-96.819774,38.464528],[-96.819847,38.478876],[-96.819745,38.485992],[-96.819891,38.500012],[-96.819716,38.515952],[-96.819509,38.522449],[-96.837991,38.522529],[-96.856461,38.522503],[-96.87493,38.522488],[-96.893383,38.522463],[-96.911828,38.522437],[-96.929969,38.522412],[-96.929958,38.536941],[-96.929982,38.551448],[-96.930009,38.565689],[-96.930075,38.580431],[-96.93016,38.594949],[-96.930286,38.609362],[-96.930336,38.614961],[-96.930076,38.616602],[-96.930181,38.623934],[-96.930376,38.638426],[-96.930303,38.650491],[-96.929697,38.651749],[-96.930542,38.652925],[-96.931282,38.653898],[-96.933924,38.65535],[-96.933022,38.657858],[-96.931768,38.667397],[-96.93065,38.676103],[-96.930448,38.678288],[-96.930413,38.679393],[-96.93041,38.681863],[-96.930399,38.683619],[-96.930335,38.692919],[-96.930409,38.696009],[-96.930072,38.696008],[-96.927374,38.696005],[-96.927427,38.708741],[-96.927447,38.710519],[-96.927461,38.712279],[-96.928434,38.712443],[-96.927557,38.720724],[-96.927509,38.72505],[-96.927488,38.739567],[-96.927672,38.745292],[-96.927431,38.754123],[-96.927284,38.768616],[-96.927237,38.775836],[-96.927225,38.78314],[-96.92714,38.78964],[-96.927162,38.797633],[-96.927234,38.81216],[-96.908596,38.812155],[-96.896221,38.812168],[-96.890171,38.812169],[-96.890054,38.8158],[-96.890237,38.818131],[-96.890042,38.82666],[-96.890052,38.841052],[-96.890364,38.841177],[-96.89029,38.855762],[-96.890245,38.870067],[-96.892721,38.870268],[-96.897389,38.869967],[-96.898879,38.870255],[-96.902593,38.870247],[-96.916969,38.870317],[-96.917241,38.870318],[-96.91956,38.870334],[-96.919765,38.870335],[-96.921327,38.870385],[-96.921424,38.870389],[-96.922486,38.870403],[-96.92671,38.87035],[-96.926558,38.875548],[-96.926675,38.877113],[-96.926599,38.884856],[-96.926595,38.886767],[-96.926805,38.889038],[-96.926566,38.89197],[-96.926838,38.892258],[-96.926805,38.892692],[-96.926778,38.893044],[-96.926535,38.895431],[-96.926587,38.899466],[-96.926429,38.903745],[-96.926588,38.903986],[-96.926565,38.913941],[-96.926525,38.917614],[-96.926504,38.928517],[-96.926468,38.943057],[-96.926393,38.957619],[-96.926388,38.957808],[-96.926277,38.969995],[-96.92628,38.970194],[-96.926529,38.970296],[-96.927879,38.970926],[-96.92802,38.97361],[-96.92756,38.973797],[-96.926151,38.97452],[-96.926208,38.978885],[-96.92711,38.978625],[-96.931043,38.97834],[-96.933478,38.978553],[-96.935202,38.977291],[-96.935041,38.976177],[-96.932718,38.976443],[-96.931299,38.976102],[-96.931605,38.973992],[-96.932496,38.973176],[-96.932835,38.972857],[-96.933579,38.972773],[-96.934176,38.972826],[-96.934857,38.972807],[-96.935495,38.97258],[-96.935739,38.972451],[-96.936678,38.97248],[-96.936765,38.972593],[-96.937267,38.973033],[-96.937598,38.973407],[-96.937833,38.974129],[-96.937972,38.974852],[-96.938133,38.975599],[-96.938421,38.976131],[-96.938624,38.976247],[-96.938799,38.976425],[-96.939082,38.976622],[-96.939374,38.97677],[-96.939729,38.976718],[-96.940006,38.976638],[-96.940366,38.976463],[-96.940922,38.976339],[-96.941188,38.976199],[-96.94159,38.97552],[-96.942609,38.974402],[-96.942686,38.974283],[-96.942903,38.974093],[-96.943713,38.973343],[-96.944833,38.972293],[-96.945121,38.972119],[-96.945133,38.971936],[-96.945215,38.971629],[-96.945309,38.971482],[-96.945516,38.971284],[-96.945878,38.971046],[-96.946116,38.970972],[-96.946806,38.970694],[-96.947341,38.97057],[-96.947627,38.970603],[-96.948132,38.970856],[-96.948577,38.971244],[-96.948765,38.971574],[-96.948796,38.971853],[-96.948646,38.972267],[-96.948215,38.972474],[-96.948028,38.97306],[-96.947443,38.97358],[-96.947062,38.973661],[-96.946446,38.974258],[-96.946228,38.974855],[-96.946647,38.97602],[-96.946889,38.976436],[-96.947768,38.976849],[-96.949056,38.976972],[-96.949653,38.976951],[-96.950058,38.976895],[-96.950607,38.976751],[-96.950862,38.976455],[-96.951322,38.975687],[-96.951372,38.974956],[-96.951318,38.97403],[-96.951287,38.973826],[-96.95038,38.973205],[-96.950155,38.972964],[-96.950125,38.972541],[-96.950082,38.972353],[-96.950131,38.972041],[-96.950241,38.971908],[-96.950393,38.971274],[-96.950533,38.971048],[-96.951205,38.970532],[-96.95169,38.970281],[-96.951886,38.970103],[-96.952262,38.969842],[-96.953296,38.96921],[-96.954918,38.96837],[-96.955241,38.968148],[-96.956486,38.967392],[-96.957668,38.966782],[-96.960289,38.965716],[-96.962099,38.965173],[-96.96347,38.964901],[-96.963487,38.965155],[-96.963347,38.973391],[-96.963571,38.975062],[-96.963659,38.980329],[-96.963688,38.981247],[-96.963545,38.986188],[-96.963566,38.987112],[-96.963561,38.987373],[-96.963464,38.994204],[-96.963461,38.994448],[-96.963428,39.001692],[-96.963288,39.009301],[-96.963241,39.016211],[-96.963164,39.030857],[-96.982023,39.03102],[-97.000639,39.031197],[-97.001319,39.031207],[-97.019346,39.031095],[-97.031152,39.031021],[-97.036936,39.031088],[-97.040286,39.031119],[-97.05554,39.031307],[-97.060038,39.031361],[-97.064944,39.031402],[-97.074298,39.031507],[-97.092888,39.031673],[-97.11159,39.031777],[-97.13022,39.031927],[-97.148122,39.032024],[-97.166776,39.031671],[-97.180434,39.031419],[-97.185366,39.031411],[-97.203862,39.031357],[-97.222576,39.031379],[-97.231634,39.031392],[-97.241131,39.031409],[-97.25987,39.031365],[-97.266449,39.031303],[-97.267034,39.031297],[-97.278492,39.031189],[-97.297255,39.031002],[-97.3159,39.030818],[-97.334475,39.030632],[-97.353103,39.030442],[-97.356845,39.030394],[-97.37121,39.030452],[-97.371217,39.015945],[-97.371199,39.001607],[-97.371188,38.997654],[-97.371293,38.996789],[-97.371335,38.986899],[-97.371435,38.972405],[-97.371614,38.957852],[-97.371762,38.943315],[-97.371869,38.932708],[-97.371727,38.928925],[-97.381205,38.9289],[-97.381206,38.928658],[-97.381208,38.921533],[-97.381206,38.920487],[-97.381207,38.919943],[-97.381206,38.919374],[-97.381207,38.918366],[-97.381207,38.918019],[-97.381207,38.917227],[-97.381214,38.915333],[-97.381209,38.914319],[-97.3744,38.914254],[-97.372786,38.914263],[-97.372124,38.914127],[-97.37213,38.904354],[-97.372131,38.904309],[-97.372132,38.904049],[-97.372244,38.89227],[-97.372244,38.892088],[-97.372251,38.886622],[-97.372239,38.88627],[-97.372098,38.883406],[-97.372093,38.870776],[-97.372081,38.856221],[-97.37212,38.841676],[-97.372067,38.827544],[-97.372067,38.827161],[-97.372015,38.81262],[-97.371906,38.798116],[-97.371828,38.783421],[-97.37189,38.768896],[-97.371962,38.760053],[-97.371902,38.754371],[-97.371976,38.739867],[-97.372001,38.725626],[-97.372027,38.710825],[-97.372026,38.696294],[-97.372035,38.681813],[-97.37204,38.667301],[-97.372023,38.652793],[-97.371948,38.638296],[-97.371983,38.631917],[-97.371937,38.623781],[-97.371911,38.609353],[-97.376736,38.609272],[-97.390437,38.609212],[-97.409078,38.609128],[-97.42756,38.609186],[-97.43566,38.609264],[-97.436056,38.609381],[-97.43782,38.6092],[-97.446055,38.609228],[-97.464578,38.609209],[-97.482467,38.609219],[-97.482511,38.59478],[-97.482473,38.580061],[-97.482422,38.571762],[-97.482487,38.56553],[-97.482476,38.551002],[-97.482431,38.537212],[-97.482426,38.536437],[-97.482415,38.531962],[-97.482368,38.521855],[-97.482502,38.519632],[-97.48313,38.517411],[-97.482436,38.516881],[-97.482412,38.516468],[-97.482375,38.515979],[-97.482346,38.515488],[-97.482308,38.507353],[-97.482347,38.491324],[-97.482306,38.478389],[-97.482218,38.449362],[-97.48211,38.434876],[-97.46393,38.434898],[-97.427117,38.43499],[-97.408748,38.435062],[-97.390262,38.435087],[-97.374187,38.435045],[-97.37188,38.435041],[-97.35345,38.435035],[-97.335087,38.435054],[-97.325887,38.43506],[-97.316545,38.435012],[-97.315466,38.435031],[-97.314655,38.434994],[-97.298092,38.435006],[-97.279662,38.434992],[-97.261206,38.434966],[-97.242971,38.435011],[-97.224507,38.435042],[-97.20708,38.435107],[-97.206348,38.435087],[-97.205887,38.43511],[-97.204994,38.43507],[-97.187566,38.435156],[-97.169328,38.435205],[-97.159188,38.435195],[-97.151341,38.435187],[-97.15071,38.428342],[-97.15071,38.427905],[-97.150717,38.424325],[-97.150719,38.423452],[-97.150733,38.416482],[-97.150783,38.410336],[-97.150816,38.406168],[-97.150784,38.394346],[-97.150742,38.391279],[-97.150556,38.386608],[-97.150773,38.382558],[-97.150756,38.377104],[-97.150749,38.362414],[-97.150727,38.355298],[-97.150725,38.348046],[-97.132299,38.348068],[-97.113881,38.348054],[-97.095435,38.348122],[-97.08474,38.348127],[-97.076967,38.348133],[-97.058629,38.34817],[-97.040617,38.34822],[-97.040167,38.34822],[-97.040149,38.333699],[-97.040137,38.332436],[-97.040136,38.327698],[-97.040143,38.319247],[-97.040187,38.304719],[-97.040198,38.290172],[-97.040207,38.275662],[-97.040172,38.261429],[-97.040245,38.261228],[-97.042193,38.261132],[-97.042197,38.24612],[-97.042189,38.240167],[-97.042191,38.239001],[-97.042208,38.231603],[-97.042252,38.224402],[-97.042281,38.21706],[-97.042253,38.1923],[-97.04238,38.19032],[-97.042324,38.189621],[-97.04221,38.188042],[-97.041918,38.186865],[-97.042156,38.173526],[-97.042147,38.159033],[-97.042152,38.144557],[-97.042178,38.130015],[-97.042187,38.115548],[-97.0421,38.107593],[-97.042317,38.104635],[-97.042224,38.101024],[-97.042204,38.098831],[-97.042207,38.086524],[-97.031074,38.0864],[-97.023979,38.086362],[-97.01163,38.086282],[-97.005576,38.086245],[-96.98721,38.08611],[-96.971731,38.086002],[-96.968904,38.086008],[-96.959489,38.086028],[-96.95052,38.085891],[-96.932131,38.085774],[-96.914187,38.085751],[-96.895836,38.085723],[-96.893539,38.085711],[-96.887298,38.085693],[-96.88638,38.085685],[-96.885365,38.085682],[-96.88471,38.08568],[-96.882365,38.085682],[-96.877494,38.085705],[-96.874709,38.085659],[-96.840772,38.085622],[-96.840704,38.100158],[-96.840564,38.114674],[-96.840462,38.129067],[-96.840365,38.143651],[-96.840344,38.146359],[-96.840645,38.158237],[-96.840772,38.169005],[-96.840828,38.172772],[-96.840784,38.183022],[-96.840628,38.18728],[-96.840792,38.197959],[-96.840833,38.201654],[-96.841154,38.20186],[-96.840971,38.230832],[-96.841179,38.253115],[-96.841177,38.253168],[-96.841177,38.253179],[-96.841175,38.253243],[-96.841154,38.253997],[-96.840968,38.25906],[-96.840956,38.259718],[-96.840929,38.261284],[-96.838256,38.261405],[-96.836979,38.262147],[-96.837785,38.262853],[-96.837798,38.268677],[-96.837826,38.269059],[-96.837801,38.27583]]]]}},{"type":"Feature","properties":{"id":71,"NAME":"71","text-color":"#000000","text-size":16,"labelx":-97.4648,"labely":38.870926,"TotalPop":24005,"PopDevPct":0.02135724,"DemPct":0.32983335,"RepPct":0.6202678,"WhitePct":0.83936699,"MinorityPct":0.16063301,"BlackPct":0.0457288,"HispanicPct":0.06573515,"PacificPct":0.00121732,"AsianPct":0.01979464,"NativePct":0.0277866,"TotalVAP":18894,"Margin":-0.17016665,"color":"#f80d00","opacity":"0.5"},"geometry":{"type":"MultiPolygon","coordinates":[[[[-97.439806,38.783569],[-97.434906,38.783678],[-97.43414,38.783725],[-97.433899,38.783725],[-97.433178,38.783725],[-97.432938,38.783725],[-97.427554,38.783546],[-97.408973,38.783494],[-97.390401,38.783472],[-97.371828,38.783421],[-97.371906,38.798116],[-97.372015,38.81262],[-97.372067,38.827161],[-97.372067,38.827544],[-97.37212,38.841676],[-97.372081,38.856221],[-97.372093,38.870776],[-97.372098,38.883406],[-97.372239,38.88627],[-97.372251,38.886622],[-97.372244,38.892088],[-97.372244,38.89227],[-97.372132,38.904049],[-97.372131,38.904309],[-97.37213,38.904354],[-97.372124,38.914127],[-97.372786,38.914263],[-97.3744,38.914254],[-97.381209,38.914319],[-97.381214,38.915333],[-97.381207,38.917227],[-97.381207,38.918019],[-97.381207,38.918366],[-97.381206,38.919374],[-97.381207,38.919943],[-97.381206,38.920487],[-97.381208,38.921533],[-97.381206,38.928658],[-97.381205,38.9289],[-97.371727,38.928925],[-97.371869,38.932708],[-97.371762,38.943315],[-97.371614,38.957852],[-97.390213,38.958047],[-97.395071,38.958101],[-97.408814,38.95815],[-97.427435,38.958114],[-97.446094,38.958102],[-97.45247,38.958186],[-97.455423,38.95819],[-97.4656,38.958202],[-97.47805,38.958217],[-97.482553,38.95815],[-97.501094,38.958065],[-97.519694,38.958084],[-97.538277,38.958052],[-97.556802,38.957999],[-97.575384,38.957942],[-97.593353,38.957916],[-97.61201,38.957954],[-97.612056,38.944883],[-97.612,38.943367],[-97.612107,38.927049],[-97.612161,38.915975],[-97.612152,38.914321],[-97.612194,38.907014],[-97.612232,38.900304],[-97.612269,38.893755],[-97.612227,38.889349],[-97.612243,38.885182],[-97.612275,38.879474],[-97.612297,38.878506],[-97.61229,38.876506],[-97.612291,38.876269],[-97.616907,38.875964],[-97.616928,38.873819],[-97.61291,38.873691],[-97.613882,38.870702],[-97.614022,38.867081],[-97.617036,38.867119],[-97.61705,38.864232],[-97.617063,38.863358],[-97.615229,38.863366],[-97.615228,38.86173],[-97.614973,38.860782],[-97.617345,38.860641],[-97.616762,38.859799],[-97.616918,38.857447],[-97.617398,38.858392],[-97.618751,38.858696],[-97.61873,38.856973],[-97.61731,38.856165],[-97.618816,38.856163],[-97.619208,38.853512],[-97.619673,38.852567],[-97.620403,38.851307],[-97.621499,38.85205],[-97.623259,38.849795],[-97.623509,38.848902],[-97.623705,38.848127],[-97.626044,38.846077],[-97.62649,38.844992],[-97.628219,38.84438],[-97.628005,38.844212],[-97.630834,38.84334],[-97.630869,38.841658],[-97.630521,38.841658],[-97.625623,38.841635],[-97.624833,38.841631],[-97.623562,38.841632],[-97.623346,38.841632],[-97.62227,38.841633],[-97.62182,38.841634],[-97.621443,38.841634],[-97.621186,38.841634],[-97.619862,38.841635],[-97.618576,38.841631],[-97.617287,38.84164],[-97.615992,38.841634],[-97.615701,38.841633],[-97.614752,38.841629],[-97.613618,38.841624],[-97.613545,38.841624],[-97.612424,38.841619],[-97.612424,38.840535],[-97.611461,38.840537],[-97.610301,38.840539],[-97.609104,38.840542],[-97.609136,38.838207],[-97.609167,38.835929],[-97.60918,38.83435],[-97.609204,38.830275],[-97.609219,38.827113],[-97.609249,38.824731],[-97.60928,38.822234],[-97.60931,38.81983],[-97.609328,38.81895],[-97.609333,38.818059],[-97.609338,38.817149],[-97.609343,38.816276],[-97.609354,38.815371],[-97.609371,38.81444],[-97.607262,38.814433],[-97.607299,38.812621],[-97.607117,38.81262],[-97.607006,38.81262],[-97.604947,38.812615],[-97.603523,38.812601],[-97.602912,38.812596],[-97.601243,38.81258],[-97.600894,38.812577],[-97.598871,38.812558],[-97.597196,38.812543],[-97.596531,38.812542],[-97.596102,38.812541],[-97.594217,38.812538],[-97.594232,38.810915],[-97.594253,38.808894],[-97.594268,38.807553],[-97.594279,38.806625],[-97.594295,38.805256],[-97.594299,38.804879],[-97.594288,38.803526],[-97.594288,38.803459],[-97.594278,38.802274],[-97.59427,38.801378],[-97.594266,38.800469],[-97.594261,38.799382],[-97.594254,38.798007],[-97.594308,38.793965],[-97.594288,38.791981],[-97.594314,38.790667],[-97.594338,38.789431],[-97.594356,38.788511],[-97.594435,38.784539],[-97.594027,38.783441],[-97.589938,38.783452],[-97.58537,38.783463],[-97.576132,38.783484],[-97.567683,38.783613],[-97.566897,38.78362],[-97.5575,38.783673],[-97.538901,38.783767],[-97.520334,38.783758],[-97.501808,38.783731],[-97.483283,38.783714],[-97.46459,38.783649],[-97.457559,38.783669],[-97.455328,38.783676],[-97.45407,38.78367],[-97.452796,38.783677],[-97.451778,38.783669],[-97.446046,38.783627],[-97.44327,38.783616],[-97.443229,38.783601],[-97.442792,38.783495],[-97.442589,38.783458],[-97.442513,38.783445],[-97.442246,38.783452],[-97.441905,38.783468],[-97.441784,38.783484],[-97.44158,38.783511],[-97.441421,38.78352],[-97.440889,38.783477],[-97.440542,38.78348],[-97.440499,38.783483],[-97.440172,38.783514],[-97.439806,38.783569]]]]}},{"type":"Feature","properties":{"id":72,"NAME":"72","text-color":"#000000","text-size":16,"labelx":-97.241381,"labely":37.998167,"TotalPop":23363,"PopDevPct":-0.00595838,"DemPct":0.37171342,"RepPct":0.57902453,"WhitePct":0.79684318,"MinorityPct":0.20315682,"BlackPct":0.03071962,"HispanicPct":0.12808328,"PacificPct":0.00084861,"AsianPct":0.01023987,"NativePct":0.03603757,"TotalVAP":17676,"Margin":-0.12828658,"color":"#f80d00","opacity":"0.5"},"geometry":{"type":"MultiPolygon","coordinates":[[[[-97.408655,37.999381],[-97.408762,37.985085],[-97.408769,37.98133],[-97.408791,37.970524],[-97.408769,37.955948],[-97.408767,37.950112],[-97.408765,37.943834],[-97.411043,37.941397],[-97.411803,37.940158],[-97.41548,37.935765],[-97.416228,37.934129],[-97.416621,37.933369],[-97.419724,37.927377],[-97.419935,37.926809],[-97.422465,37.926829],[-97.422488,37.926826],[-97.422479,37.927838],[-97.426701,37.927847],[-97.42761,37.927319],[-97.427047,37.926574],[-97.42527,37.926224],[-97.424389,37.925237],[-97.4259,37.924451],[-97.42546,37.923395],[-97.424234,37.923415],[-97.424076,37.922633],[-97.425563,37.92143],[-97.427118,37.921855],[-97.428253,37.922698],[-97.429544,37.921628],[-97.430932,37.921145],[-97.432281,37.921611],[-97.433311,37.920897],[-97.432621,37.919046],[-97.434037,37.91772],[-97.435711,37.917968],[-97.436278,37.91768],[-97.436312,37.915686],[-97.436365,37.912394],[-97.429413,37.912344],[-97.430259,37.911701],[-97.427109,37.911342],[-97.427106,37.909791],[-97.427057,37.903267],[-97.417969,37.903231],[-97.419711,37.906205],[-97.42203,37.910137],[-97.422505,37.912289],[-97.422239,37.912289],[-97.421966,37.912288],[-97.421683,37.911115],[-97.419137,37.911467],[-97.415468,37.911464],[-97.415468,37.91227],[-97.408869,37.912262],[-97.408745,37.912262],[-97.404215,37.912253],[-97.390379,37.91223],[-97.37202,37.912202],[-97.372001,37.912202],[-97.363531,37.912186],[-97.355012,37.912196],[-97.353219,37.912101],[-97.349724,37.91221],[-97.34122,37.912231],[-97.336593,37.912235],[-97.331736,37.912241],[-97.328327,37.912246],[-97.32681,37.912252],[-97.326505,37.912253],[-97.318223,37.912263],[-97.313798,37.912266],[-97.304355,37.912297],[-97.299882,37.912301],[-97.290581,37.912279],[-97.281518,37.912276],[-97.263186,37.912313],[-97.263471,37.904139],[-97.263373,37.897729],[-97.263132,37.883185],[-97.262799,37.868633],[-97.262772,37.86655],[-97.262628,37.857229],[-97.26257,37.854115],[-97.262394,37.844989],[-97.26234,37.839543],[-97.262214,37.833979],[-97.262076,37.825005],[-97.254609,37.825007],[-97.248333,37.825016],[-97.245046,37.825022],[-97.243753,37.825023],[-97.240714,37.825025],[-97.235939,37.825022],[-97.226707,37.825055],[-97.225422,37.825059],[-97.216674,37.825078],[-97.216016,37.825079],[-97.207761,37.825099],[-97.19008,37.825125],[-97.188828,37.825118],[-97.17176,37.825132],[-97.170483,37.825139],[-97.166146,37.825164],[-97.161408,37.825153],[-97.157926,37.825165],[-97.15345,37.825166],[-97.152145,37.825175],[-97.152253,37.832109],[-97.152308,37.839771],[-97.152338,37.84685],[-97.152341,37.847686],[-97.152342,37.854358],[-97.152379,37.868976],[-97.152393,37.878648],[-97.152377,37.879495],[-97.152365,37.880167],[-97.15234,37.880975],[-97.152321,37.881351],[-97.152305,37.883543],[-97.152407,37.898135],[-97.152476,37.912733],[-97.152535,37.925176],[-97.152696,37.927271],[-97.152676,37.92742],[-97.152681,37.927489],[-97.152741,37.928267],[-97.152771,37.928592],[-97.152612,37.928794],[-97.152791,37.934261],[-97.152531,37.93622],[-97.152565,37.941881],[-97.152563,37.942847],[-97.15273,37.947648],[-97.152558,37.948725],[-97.152576,37.949505],[-97.152585,37.950086],[-97.152589,37.950408],[-97.152548,37.955962],[-97.152591,37.956509],[-97.151892,37.956513],[-97.149501,37.956514],[-97.148111,37.956517],[-97.148125,37.958992],[-97.148134,37.960046],[-97.146796,37.960059],[-97.141708,37.960162],[-97.141041,37.961665],[-97.138975,37.961669],[-97.13903,37.963752],[-97.136243,37.963731],[-97.13625,37.964982],[-97.138407,37.965145],[-97.13841,37.966422],[-97.141673,37.966419],[-97.141705,37.965632],[-97.143607,37.965617],[-97.143627,37.96958],[-97.145534,37.969578],[-97.147395,37.969577],[-97.148119,37.968689],[-97.148987,37.967461],[-97.149357,37.967462],[-97.15057,37.966164],[-97.152612,37.966315],[-97.152689,37.971141],[-97.152714,37.98571],[-97.152805,37.999989],[-97.152807,38.000371],[-97.152839,38.014913],[-97.152788,38.029466],[-97.152785,38.044044],[-97.15281,38.058588],[-97.152842,38.073125],[-97.152913,38.087704],[-97.171985,38.086943],[-97.176541,38.086933],[-97.190375,38.0869],[-97.208762,38.086819],[-97.221346,38.086775],[-97.227099,38.086762],[-97.245474,38.086751],[-97.263826,38.086717],[-97.281684,38.086412],[-97.288904,38.086403],[-97.294808,38.078711],[-97.298433,38.074226],[-97.30008,38.073004],[-97.300068,38.071825],[-97.301684,38.071835],[-97.302559,38.071841],[-97.318417,38.071878],[-97.326969,38.071843],[-97.327346,38.071843],[-97.335266,38.071842],[-97.336778,38.071824],[-97.336784,38.071741],[-97.336669,38.071728],[-97.336667,38.071338],[-97.336664,38.070528],[-97.336654,38.067505],[-97.33665,38.066545],[-97.336792,38.066482],[-97.336882,38.071781],[-97.339562,38.071776],[-97.339609,38.070563],[-97.340981,38.070579],[-97.342506,38.070571],[-97.34437,38.070565],[-97.345048,38.070562],[-97.34507,38.065896],[-97.344221,38.065873],[-97.343258,38.064452],[-97.343805,38.063291],[-97.345221,38.064591],[-97.350503,38.069161],[-97.352085,38.070548],[-97.3535,38.071794],[-97.354129,38.071791],[-97.355125,38.071816],[-97.355287,38.071818],[-97.371938,38.072044],[-97.390523,38.072104],[-97.399674,38.072169],[-97.40658,38.072217],[-97.408941,38.072234],[-97.408911,38.064995],[-97.408881,38.057608],[-97.408966,38.043089],[-97.40885,38.028494],[-97.408848,38.028261],[-97.408787,38.021206],[-97.408766,38.018745],[-97.408725,38.013961],[-97.408673,38.006407],[-97.408655,37.999381]]]]}},{"type":"Feature","properties":{"id":73,"NAME":"73","text-color":"#000000","text-size":16,"labelx":-97.750047,"labely":38.434941,"TotalPop":23632,"PopDevPct":0.00548695,"DemPct":0.298999,"RepPct":0.65505506,"WhitePct":0.87640998,"MinorityPct":0.12359002,"BlackPct":0.02809111,"HispanicPct":0.05092191,"PacificPct":0.00200651,"AsianPct":0.01247289,"NativePct":0.0255423,"TotalVAP":18440,"Margin":-0.201001,"color":"#f80d00","opacity":"0.5"},"geometry":{"type":"MultiPolygon","coordinates":[[[[-97.593051,38.260745],[-97.592651,38.260745],[-97.592248,38.260746],[-97.590758,38.260752],[-97.590373,38.260751],[-97.574539,38.26074],[-97.574106,38.260742],[-97.559064,38.260753],[-97.556781,38.260597],[-97.555011,38.260662],[-97.554589,38.260679],[-97.552802,38.26075],[-97.546854,38.26074],[-97.537638,38.260745],[-97.537223,38.260748],[-97.519137,38.2608],[-97.500736,38.260806],[-97.500286,38.260806],[-97.482291,38.260785],[-97.482267,38.275358],[-97.482282,38.2899],[-97.482253,38.297278],[-97.482214,38.304458],[-97.482157,38.31903],[-97.482123,38.333545],[-97.482086,38.348052],[-97.482042,38.362532],[-97.482044,38.376973],[-97.48203,38.384627],[-97.482056,38.391446],[-97.482086,38.405923],[-97.482072,38.420397],[-97.48211,38.434876],[-97.482218,38.449362],[-97.482306,38.478389],[-97.482347,38.491324],[-97.482308,38.507353],[-97.482346,38.515488],[-97.482375,38.515979],[-97.482412,38.516468],[-97.482436,38.516881],[-97.48313,38.517411],[-97.482502,38.519632],[-97.482368,38.521855],[-97.482415,38.531962],[-97.482426,38.536437],[-97.482431,38.537212],[-97.482476,38.551002],[-97.482487,38.56553],[-97.482422,38.571762],[-97.482473,38.580061],[-97.482511,38.59478],[-97.482467,38.609219],[-97.489683,38.609175],[-97.49004,38.609176],[-97.519434,38.60918],[-97.548827,38.609108],[-97.564995,38.609016],[-97.575021,38.609013],[-97.584785,38.608999],[-97.592945,38.608978],[-97.606633,38.608968],[-97.610417,38.608977],[-97.610572,38.608972],[-97.610717,38.608968],[-97.621215,38.608933],[-97.621526,38.608931],[-97.624454,38.608928],[-97.624886,38.608931],[-97.629902,38.608959],[-97.634008,38.608962],[-97.639241,38.608956],[-97.648495,38.608958],[-97.66702,38.608984],[-97.685548,38.609078],[-97.695084,38.609076],[-97.70353,38.609101],[-97.7037,38.609101],[-97.721974,38.609168],[-97.740777,38.609172],[-97.759069,38.609314],[-97.768305,38.609295],[-97.776263,38.609377],[-97.788979,38.609353],[-97.801152,38.609446],[-97.814224,38.609455],[-97.819392,38.609559],[-97.832721,38.609517],[-97.84021,38.609625],[-97.856148,38.60961],[-97.874058,38.609571],[-97.875324,38.610094],[-97.878839,38.610018],[-97.888009,38.609936],[-97.917171,38.609832],[-97.924795,38.60988],[-97.92483,38.599542],[-97.924637,38.599152],[-97.924716,38.59814],[-97.92472,38.598091],[-97.924722,38.598038],[-97.92483,38.595294],[-97.924832,38.5952],[-97.924848,38.580664],[-97.924892,38.566098],[-97.924668,38.555962],[-97.924551,38.551476],[-97.924269,38.522755],[-97.924224,38.515307],[-97.924334,38.507827],[-97.924542,38.500048],[-97.924423,38.493327],[-97.924614,38.478816],[-97.924667,38.464261],[-97.924727,38.458719],[-97.924641,38.449701],[-97.924558,38.435184],[-97.924558,38.428001],[-97.924735,38.420653],[-97.924678,38.406101],[-97.924622,38.391556],[-97.924483,38.376995],[-97.924451,38.375999],[-97.924611,38.374991],[-97.924444,38.37455],[-97.924298,38.374553],[-97.924306,38.373144],[-97.924445,38.373127],[-97.924552,38.370564],[-97.924541,38.362451],[-97.924427,38.34789],[-97.924722,38.333263],[-97.924783,38.318683],[-97.924932,38.304158],[-97.925196,38.289578],[-97.925139,38.282036],[-97.925117,38.275081],[-97.9252,38.260495],[-97.925055,38.260494],[-97.923856,38.260488],[-97.92244,38.260449],[-97.921743,38.260574],[-97.912806,38.260529],[-97.906753,38.260522],[-97.903964,38.260521],[-97.888287,38.26054],[-97.885264,38.260542],[-97.869786,38.260573],[-97.866915,38.260585],[-97.857821,38.260548],[-97.850661,38.260613],[-97.849939,38.260742],[-97.84721,38.260557],[-97.832917,38.260551],[-97.82993,38.260562],[-97.81448,38.260543],[-97.811924,38.260544],[-97.802089,38.260594],[-97.79602,38.260618],[-97.794416,38.260623],[-97.776733,38.260641],[-97.759983,38.260639],[-97.756761,38.260643],[-97.756222,38.260644],[-97.755565,38.260644],[-97.755054,38.260645],[-97.75244,38.260647],[-97.739112,38.260622],[-97.724401,38.260655],[-97.72219,38.26067],[-97.72062,38.260678],[-97.703731,38.260681],[-97.702039,38.260685],[-97.685275,38.26066],[-97.684355,38.260657],[-97.666717,38.260663],[-97.657776,38.260674],[-97.656751,38.260677],[-97.650835,38.260691],[-97.648409,38.2607],[-97.629934,38.260751],[-97.629528,38.260752],[-97.627879,38.260753],[-97.611461,38.260752],[-97.610619,38.260751],[-97.593051,38.260745]]]]}},{"type":"Feature","properties":{"id":74,"NAME":"74","text-color":"#000000","text-size":16,"labelx":-97.30748,"labely":38.260205,"TotalPop":22927,"PopDevPct":-0.02450917,"DemPct":0.32,"RepPct":0.63922705,"WhitePct":0.91425025,"MinorityPct":0.08574975,"BlackPct":0.01918086,"HispanicPct":0.0327203,"PacificPct":0.0007898,"AsianPct":0.00795442,"NativePct":0.02211441,"TotalVAP":17726,"Margin":-0.18,"color":"#f80d00","opacity":"0.5"},"geometry":{"type":"MultiPolygon","coordinates":[[[[-97.150725,38.348046],[-97.150727,38.355298],[-97.150749,38.362414],[-97.150756,38.377104],[-97.150773,38.382558],[-97.150556,38.386608],[-97.150742,38.391279],[-97.150784,38.394346],[-97.150816,38.406168],[-97.150783,38.410336],[-97.150733,38.416482],[-97.150719,38.423452],[-97.150717,38.424325],[-97.15071,38.427905],[-97.15071,38.428342],[-97.151341,38.435187],[-97.159188,38.435195],[-97.169328,38.435205],[-97.187566,38.435156],[-97.204994,38.43507],[-97.205887,38.43511],[-97.206348,38.435087],[-97.20708,38.435107],[-97.224507,38.435042],[-97.242971,38.435011],[-97.261206,38.434966],[-97.279662,38.434992],[-97.298092,38.435006],[-97.314655,38.434994],[-97.315466,38.435031],[-97.316545,38.435012],[-97.325887,38.43506],[-97.335087,38.435054],[-97.35345,38.435035],[-97.37188,38.435041],[-97.374187,38.435045],[-97.390262,38.435087],[-97.408748,38.435062],[-97.427117,38.43499],[-97.46393,38.434898],[-97.48211,38.434876],[-97.482072,38.420397],[-97.482086,38.405923],[-97.482056,38.391446],[-97.48203,38.384627],[-97.482044,38.376973],[-97.482042,38.362532],[-97.482086,38.348052],[-97.482123,38.333545],[-97.482157,38.31903],[-97.482214,38.304458],[-97.482253,38.297278],[-97.482282,38.2899],[-97.482267,38.275358],[-97.482291,38.260785],[-97.500286,38.260806],[-97.500736,38.260806],[-97.519137,38.2608],[-97.537223,38.260748],[-97.537638,38.260745],[-97.546854,38.26074],[-97.552802,38.26075],[-97.554589,38.260679],[-97.555011,38.260662],[-97.556781,38.260597],[-97.559064,38.260753],[-97.574106,38.260742],[-97.574539,38.26074],[-97.590373,38.260751],[-97.590758,38.260752],[-97.592248,38.260746],[-97.592651,38.260745],[-97.593051,38.260745],[-97.610619,38.260751],[-97.611461,38.260752],[-97.627879,38.260753],[-97.629528,38.260752],[-97.629934,38.260751],[-97.648409,38.2607],[-97.650835,38.260691],[-97.656751,38.260677],[-97.657776,38.260674],[-97.666717,38.260663],[-97.684355,38.260657],[-97.685275,38.26066],[-97.702039,38.260685],[-97.701987,38.246456],[-97.701946,38.231957],[-97.701953,38.217424],[-97.701891,38.202868],[-97.701853,38.188314],[-97.701841,38.173814],[-97.701854,38.1593],[-97.70188,38.144794],[-97.701868,38.143577],[-97.701818,38.131551],[-97.701815,38.130285],[-97.70181,38.115754],[-97.701837,38.101181],[-97.701797,38.096105],[-97.701721,38.086698],[-97.702213,38.07365],[-97.702006,38.072221],[-97.701904,38.064726],[-97.701935,38.05776],[-97.701894,38.043205],[-97.7019,38.028917],[-97.701896,38.027375],[-97.701905,38.014098],[-97.702162,37.999662],[-97.702163,37.999611],[-97.702133,37.996393],[-97.702006,37.985053],[-97.701994,37.981548],[-97.701961,37.970546],[-97.701962,37.965195],[-97.701962,37.96399],[-97.701963,37.95984],[-97.701964,37.956034],[-97.702009,37.941519],[-97.701997,37.940484],[-97.701971,37.934853],[-97.701947,37.926909],[-97.701949,37.919669],[-97.701969,37.911325],[-97.701905,37.912456],[-97.683744,37.912465],[-97.681641,37.912462],[-97.665433,37.912392],[-97.647106,37.912399],[-97.647089,37.912399],[-97.628751,37.91238],[-97.610429,37.912408],[-97.610408,37.912409],[-97.592106,37.912391],[-97.592073,37.912391],[-97.582682,37.912373],[-97.573757,37.912371],[-97.573735,37.912373],[-97.571447,37.91238],[-97.555404,37.912325],[-97.55539,37.912325],[-97.537298,37.912182],[-97.537021,37.912183],[-97.524487,37.912278],[-97.51884,37.912299],[-97.518805,37.9123],[-97.50041,37.912311],[-97.497101,37.912299],[-97.482045,37.91228],[-97.482017,37.91228],[-97.463784,37.912313],[-97.454177,37.912315],[-97.446135,37.912305],[-97.445457,37.912194],[-97.445402,37.912177],[-97.445169,37.912307],[-97.438644,37.91237],[-97.436365,37.912394],[-97.436312,37.915686],[-97.436278,37.91768],[-97.435711,37.917968],[-97.434037,37.91772],[-97.432621,37.919046],[-97.433311,37.920897],[-97.432281,37.921611],[-97.430932,37.921145],[-97.429544,37.921628],[-97.428253,37.922698],[-97.427118,37.921855],[-97.425563,37.92143],[-97.424076,37.922633],[-97.424234,37.923415],[-97.42546,37.923395],[-97.4259,37.924451],[-97.424389,37.925237],[-97.42527,37.926224],[-97.427047,37.926574],[-97.42761,37.927319],[-97.426701,37.927847],[-97.422479,37.927838],[-97.422488,37.926826],[-97.422465,37.926829],[-97.419935,37.926809],[-97.419724,37.927377],[-97.416621,37.933369],[-97.416228,37.934129],[-97.41548,37.935765],[-97.411803,37.940158],[-97.411043,37.941397],[-97.408765,37.943834],[-97.408767,37.950112],[-97.408769,37.955948],[-97.408791,37.970524],[-97.408769,37.98133],[-97.408762,37.985085],[-97.408655,37.999381],[-97.408673,38.006407],[-97.408725,38.013961],[-97.408766,38.018745],[-97.408787,38.021206],[-97.408848,38.028261],[-97.40885,38.028494],[-97.408966,38.043089],[-97.408881,38.057608],[-97.408911,38.064995],[-97.408941,38.072234],[-97.40658,38.072217],[-97.399674,38.072169],[-97.390523,38.072104],[-97.371938,38.072044],[-97.355287,38.071818],[-97.355125,38.071816],[-97.354129,38.071791],[-97.3535,38.071794],[-97.352085,38.070548],[-97.350503,38.069161],[-97.345221,38.064591],[-97.343805,38.063291],[-97.343258,38.064452],[-97.344221,38.065873],[-97.34507,38.065896],[-97.345048,38.070562],[-97.34437,38.070565],[-97.342506,38.070571],[-97.340981,38.070579],[-97.339609,38.070563],[-97.339562,38.071776],[-97.336882,38.071781],[-97.336792,38.066482],[-97.33665,38.066545],[-97.336654,38.067505],[-97.336664,38.070528],[-97.336667,38.071338],[-97.336669,38.071728],[-97.336784,38.071741],[-97.336778,38.071824],[-97.335266,38.071842],[-97.327346,38.071843],[-97.326969,38.071843],[-97.318417,38.071878],[-97.302559,38.071841],[-97.301684,38.071835],[-97.300068,38.071825],[-97.30008,38.073004],[-97.298433,38.074226],[-97.294808,38.078711],[-97.288904,38.086403],[-97.281684,38.086412],[-97.263826,38.086717],[-97.245474,38.086751],[-97.227099,38.086762],[-97.221346,38.086775],[-97.208762,38.086819],[-97.190375,38.0869],[-97.176541,38.086933],[-97.171985,38.086943],[-97.152913,38.087704],[-97.134376,38.087464],[-97.125245,38.087365],[-97.115998,38.087256],[-97.106271,38.087163],[-97.097534,38.087062],[-97.088184,38.086989],[-97.0791,38.086926],[-97.060703,38.086887],[-97.042207,38.086524],[-97.042204,38.098831],[-97.042224,38.101024],[-97.042317,38.104635],[-97.0421,38.107593],[-97.042187,38.115548],[-97.042178,38.130015],[-97.042152,38.144557],[-97.042147,38.159033],[-97.042156,38.173526],[-97.041918,38.186865],[-97.04221,38.188042],[-97.042324,38.189621],[-97.04238,38.19032],[-97.042253,38.1923],[-97.042281,38.21706],[-97.042252,38.224402],[-97.042208,38.231603],[-97.042191,38.239001],[-97.042189,38.240167],[-97.042197,38.24612],[-97.042193,38.261132],[-97.040245,38.261228],[-97.040172,38.261429],[-97.040207,38.275662],[-97.040198,38.290172],[-97.040187,38.304719],[-97.040143,38.319247],[-97.040136,38.327698],[-97.040137,38.332436],[-97.040149,38.333699],[-97.040167,38.34822],[-97.040617,38.34822],[-97.058629,38.34817],[-97.076967,38.348133],[-97.08474,38.348127],[-97.095435,38.348122],[-97.113881,38.348054],[-97.132299,38.348068],[-97.150725,38.348046]]]]}},{"type":"Feature","properties":{"id":75,"NAME":"75","text-color":"#000000","text-size":16,"labelx":-96.960644,"labely":37.911807,"TotalPop":23998,"PopDevPct":0.0210594,"DemPct":0.27237107,"RepPct":0.678492,"WhitePct":0.84942664,"MinorityPct":0.15057336,"BlackPct":0.05519237,"HispanicPct":0.04656521,"PacificPct":0.0017683,"AsianPct":0.00782338,"NativePct":0.03734862,"TotalVAP":18662,"Margin":-0.22762893,"color":"#f80d00","opacity":"0.5"},"geometry":{"type":"MultiPolygon","coordinates":[[[[-96.844138,37.737476],[-96.825917,37.73751],[-96.825532,37.737654],[-96.825266,37.737652],[-96.807249,37.737526],[-96.789027,37.737431],[-96.770687,37.737366],[-96.752318,37.73739],[-96.751055,37.737468],[-96.734103,37.737369],[-96.715875,37.737246],[-96.715875,37.737407],[-96.715947,37.741319],[-96.715876,37.751962],[-96.715792,37.761237],[-96.715856,37.766503],[-96.715927,37.781243],[-96.715916,37.782922],[-96.715887,37.793938],[-96.715902,37.795778],[-96.716042,37.810154],[-96.71652,37.810518],[-96.716057,37.810511],[-96.716128,37.824963],[-96.712302,37.824961],[-96.706637,37.824962],[-96.698412,37.824981],[-96.680029,37.824993],[-96.675549,37.825007],[-96.661606,37.824988],[-96.657206,37.824993],[-96.634251,37.825009],[-96.620535,37.82502],[-96.615865,37.825046],[-96.602198,37.82502],[-96.601273,37.824978],[-96.591779,37.824992],[-96.577792,37.825012],[-96.552922,37.825228],[-96.545975,37.825058],[-96.525712,37.825089],[-96.525702,37.829255],[-96.525436,37.855201],[-96.525316,37.868642],[-96.525132,37.882584],[-96.525281,37.883274],[-96.524696,37.9122],[-96.524543,37.921414],[-96.524523,37.935806],[-96.523751,37.955359],[-96.523755,37.955899],[-96.523853,37.970642],[-96.523298,37.988712],[-96.523413,37.989444],[-96.523395,38.004897],[-96.523242,38.025299],[-96.523108,38.043049],[-96.522782,38.08637],[-96.532184,38.086358],[-96.539105,38.086349],[-96.540424,38.086394],[-96.543188,38.086386],[-96.585612,38.08622],[-96.585824,38.08622],[-96.60975,38.086151],[-96.622084,38.086106],[-96.625479,38.086128],[-96.625924,38.086285],[-96.639426,38.086348],[-96.644216,38.086371],[-96.676264,38.086263],[-96.694676,38.0862],[-96.703752,38.086171],[-96.712361,38.086142],[-96.730569,38.086081],[-96.730858,38.08608],[-96.739761,38.086051],[-96.749146,38.086194],[-96.767525,38.086037],[-96.775417,38.086018],[-96.785829,38.085921],[-96.788287,38.085757],[-96.810281,38.085554],[-96.810396,38.085645],[-96.822434,38.085597],[-96.840772,38.085622],[-96.874709,38.085659],[-96.877494,38.085705],[-96.882365,38.085682],[-96.88471,38.08568],[-96.885365,38.085682],[-96.88638,38.085685],[-96.887298,38.085693],[-96.893539,38.085711],[-96.895836,38.085723],[-96.914187,38.085751],[-96.932131,38.085774],[-96.95052,38.085891],[-96.959489,38.086028],[-96.968904,38.086008],[-96.971731,38.086002],[-96.98721,38.08611],[-97.005576,38.086245],[-97.01163,38.086282],[-97.023979,38.086362],[-97.031074,38.0864],[-97.042207,38.086524],[-97.060703,38.086887],[-97.0791,38.086926],[-97.088184,38.086989],[-97.097534,38.087062],[-97.106271,38.087163],[-97.115998,38.087256],[-97.125245,38.087365],[-97.134376,38.087464],[-97.152913,38.087704],[-97.152842,38.073125],[-97.15281,38.058588],[-97.152785,38.044044],[-97.152788,38.029466],[-97.152839,38.014913],[-97.152807,38.000371],[-97.152805,37.999989],[-97.152714,37.98571],[-97.152689,37.971141],[-97.152612,37.966315],[-97.15057,37.966164],[-97.149357,37.967462],[-97.148987,37.967461],[-97.148119,37.968689],[-97.147395,37.969577],[-97.145534,37.969578],[-97.143627,37.96958],[-97.143607,37.965617],[-97.141705,37.965632],[-97.141673,37.966419],[-97.13841,37.966422],[-97.138407,37.965145],[-97.13625,37.964982],[-97.136243,37.963731],[-97.13903,37.963752],[-97.138975,37.961669],[-97.141041,37.961665],[-97.141708,37.960162],[-97.146796,37.960059],[-97.148134,37.960046],[-97.148125,37.958992],[-97.148111,37.956517],[-97.149501,37.956514],[-97.151892,37.956513],[-97.152591,37.956509],[-97.152548,37.955962],[-97.152589,37.950408],[-97.152585,37.950086],[-97.152576,37.949505],[-97.152558,37.948725],[-97.15273,37.947648],[-97.152563,37.942847],[-97.152565,37.941881],[-97.152531,37.93622],[-97.152791,37.934261],[-97.152612,37.928794],[-97.152771,37.928592],[-97.152741,37.928267],[-97.152681,37.927489],[-97.152676,37.92742],[-97.152696,37.927271],[-97.152535,37.925176],[-97.152476,37.912733],[-97.152407,37.898135],[-97.152305,37.883543],[-97.152321,37.881351],[-97.15234,37.880975],[-97.152365,37.880167],[-97.152377,37.879495],[-97.152393,37.878648],[-97.152379,37.868976],[-97.152342,37.854358],[-97.152341,37.847686],[-97.152338,37.84685],[-97.152308,37.839771],[-97.152253,37.832109],[-97.152145,37.825175],[-97.15345,37.825166],[-97.153418,37.820281],[-97.153283,37.812175],[-97.153263,37.810638],[-97.153142,37.796199],[-97.153142,37.795979],[-97.153112,37.788704],[-97.15311,37.781563],[-97.135418,37.781576],[-97.117035,37.781576],[-97.115798,37.781578],[-97.113407,37.781582],[-97.112576,37.781587],[-97.111493,37.781594],[-97.109404,37.781582],[-97.108048,37.781587],[-97.098732,37.781605],[-97.098751,37.767032],[-97.098616,37.759917],[-97.097662,37.75951],[-97.09763,37.752471],[-97.097628,37.751065],[-97.097604,37.743326],[-97.09685,37.741848],[-97.09636,37.73804],[-97.085836,37.738083],[-97.075807,37.73801],[-97.067617,37.737934],[-97.065777,37.737919],[-97.065466,37.737924],[-97.06257,37.73797],[-97.057465,37.73787],[-97.052863,37.737844],[-97.052829,37.737844],[-97.051751,37.737846],[-97.043724,37.737807],[-97.02621,37.737827],[-97.017113,37.737634],[-97.004928,37.737408],[-96.99882,37.73753],[-96.989641,37.737533],[-96.971311,37.737573],[-96.967295,37.737593],[-96.964879,37.7376],[-96.959899,37.737584],[-96.952997,37.737565],[-96.934623,37.73756],[-96.916941,37.737546],[-96.908484,37.737601],[-96.906505,37.737707],[-96.900032,37.737991],[-96.897832,37.737815],[-96.895405,37.737676],[-96.894153,37.737508],[-96.880449,37.737585],[-96.866727,37.737597],[-96.863857,37.737571],[-96.862111,37.737591],[-96.844507,37.737479],[-96.844138,37.737476]]]]}},{"type":"Feature","properties":{"id":76,"NAME":"76","text-color":"#000000","text-size":16,"labelx":-95.78875,"labely":38.393872,"TotalPop":23181,"PopDevPct":-0.01370206,"DemPct":0.2583921,"RepPct":0.69186648,"WhitePct":0.90139813,"MinorityPct":0.09860187,"BlackPct":0.00699064,"HispanicPct":0.0507949,"PacificPct":0.00084564,"AsianPct":0.00772353,"NativePct":0.02649679,"TotalVAP":17738,"Margin":-0.2416079,"color":"#f80d00","opacity":"0.5"},"geometry":{"type":"MultiPolygon","coordinates":[[[[-96.207661,38.448672],[-96.207672,38.447421],[-96.207671,38.447287],[-96.207702,38.443897],[-96.207689,38.441131],[-96.207707,38.437441],[-96.207721,38.436495],[-96.207722,38.436433],[-96.207722,38.436342],[-96.207733,38.434967],[-96.207736,38.434698],[-96.206798,38.433952],[-96.19878,38.434037],[-96.198615,38.434038],[-96.198462,38.434039],[-96.189348,38.434105],[-96.189011,38.434108],[-96.188476,38.433844],[-96.179036,38.433833],[-96.174498,38.433724],[-96.173972,38.433427],[-96.172728,38.434072],[-96.172456,38.433855],[-96.163263,38.433928],[-96.160807,38.43403],[-96.160339,38.433815],[-96.152444,38.433828],[-96.150817,38.433826],[-96.121198,38.433831],[-96.120736,38.433759],[-96.118946,38.433873],[-96.118245,38.433885],[-96.118912,38.432907],[-96.122031,38.42604],[-96.122114,38.425905],[-96.124166,38.423631],[-96.127106,38.422457],[-96.136307,38.41934],[-96.133973,38.419345],[-96.133959,38.411685],[-96.133967,38.411021],[-96.133962,38.410775],[-96.134016,38.408511],[-96.138366,38.404861],[-96.145997,38.398262],[-96.146549,38.39769],[-96.152632,38.397776],[-96.161824,38.397741],[-96.166357,38.397724],[-96.16806,38.397712],[-96.170923,38.397694],[-96.171011,38.397699],[-96.172365,38.397708],[-96.172568,38.397707],[-96.173715,38.397702],[-96.175081,38.3977],[-96.176376,38.397714],[-96.177614,38.397727],[-96.178866,38.397726],[-96.180184,38.397727],[-96.180183,38.396556],[-96.180207,38.395365],[-96.180219,38.394176],[-96.180222,38.393005],[-96.18023,38.391824],[-96.180242,38.390502],[-96.180305,38.386882],[-96.181198,38.385372],[-96.181316,38.385223],[-96.181359,38.385169],[-96.182394,38.383186],[-96.18235,38.382186],[-96.180667,38.378743],[-96.180243,38.376202],[-96.180243,38.375915],[-96.180239,38.366283],[-96.180384,38.361391],[-96.180399,38.36047],[-96.180406,38.354128],[-96.180281,38.346856],[-96.171007,38.34684],[-96.17106,38.3325],[-96.171093,38.325222],[-96.171122,38.317973],[-96.171125,38.316108],[-96.171122,38.31443],[-96.171196,38.303427],[-96.171228,38.293136],[-96.171239,38.28897],[-96.171258,38.2744],[-96.171279,38.270823],[-96.171286,38.267173],[-96.172402,38.26717],[-96.174026,38.267166],[-96.174394,38.264967],[-96.172069,38.26497],[-96.171928,38.263383],[-96.173582,38.263379],[-96.171272,38.261679],[-96.171271,38.260365],[-96.169998,38.259946],[-96.17127,38.259947],[-96.172471,38.259941],[-96.172482,38.258958],[-96.171274,38.258955],[-96.171258,38.257758],[-96.169847,38.25783],[-96.168639,38.257832],[-96.167433,38.257832],[-96.167437,38.259713],[-96.165458,38.258596],[-96.16346,38.256724],[-96.162912,38.254934],[-96.161711,38.254431],[-96.161851,38.25349],[-96.160316,38.253328],[-96.159906,38.254084],[-96.158476,38.253789],[-96.158936,38.25538],[-96.156227,38.255018],[-96.156275,38.244613],[-96.156347,38.230132],[-96.156422,38.215636],[-96.156544,38.201155],[-96.156706,38.18665],[-96.156846,38.172241],[-96.14701,38.172171],[-96.138642,38.17211],[-96.138117,38.172086],[-96.122101,38.172041],[-96.112436,38.172036],[-96.103803,38.171874],[-96.085471,38.171867],[-96.067117,38.171867],[-96.048763,38.171744],[-96.030436,38.171671],[-96.014156,38.171452],[-95.995739,38.171274],[-95.977347,38.171109],[-95.958862,38.170939],[-95.95858,38.161613],[-95.95856,38.156256],[-95.958559,38.151821],[-95.958593,38.141757],[-95.958749,38.127278],[-95.958916,38.112782],[-95.959089,38.098304],[-95.959308,38.083813],[-95.959232,38.069386],[-95.959097,38.054724],[-95.959112,38.054707],[-95.959046,38.040195],[-95.949769,38.040103],[-95.94086,38.039999],[-95.935553,38.040141],[-95.922323,38.039967],[-95.90417,38.039911],[-95.88567,38.040039],[-95.881493,38.040038],[-95.867109,38.039969],[-95.848645,38.039637],[-95.830319,38.03968],[-95.811923,38.039728],[-95.794197,38.039411],[-95.775965,38.039307],[-95.748919,38.039271],[-95.738904,38.039136],[-95.725695,38.039126],[-95.721777,38.039161],[-95.702459,38.039342],[-95.701616,38.039013],[-95.691419,38.039002],[-95.68365,38.039085],[-95.671571,38.039075],[-95.665608,38.039056],[-95.665074,38.039057],[-95.649265,38.03914],[-95.646743,38.039149],[-95.64212,38.039204],[-95.639097,38.039124],[-95.6282,38.038754],[-95.626864,38.038807],[-95.61214,38.038537],[-95.611924,38.038542],[-95.611677,38.038532],[-95.609764,38.038457],[-95.605181,38.038527],[-95.603227,38.038544],[-95.600341,38.038578],[-95.596402,38.038536],[-95.591447,38.038384],[-95.574759,38.038175],[-95.574228,38.038239],[-95.573709,38.038322],[-95.564816,38.038131],[-95.552545,38.038017],[-95.545994,38.03803],[-95.537813,38.038176],[-95.531917,38.038106],[-95.528061,38.038251],[-95.51897,38.03823],[-95.518875,38.042324],[-95.518891,38.052681],[-95.51879,38.067174],[-95.518666,38.081845],[-95.518549,38.096367],[-95.518728,38.103718],[-95.518681,38.110895],[-95.518194,38.125426],[-95.518097,38.13993],[-95.51794,38.154436],[-95.517802,38.169308],[-95.51777,38.173005],[-95.517799,38.173404],[-95.517593,38.181894],[-95.517812,38.183849],[-95.517774,38.189059],[-95.51749,38.198368],[-95.517406,38.206818],[-95.517544,38.211109],[-95.517346,38.227448],[-95.517112,38.24199],[-95.516819,38.251943],[-95.516757,38.259296],[-95.507474,38.259248],[-95.507606,38.266204],[-95.507642,38.2683],[-95.507728,38.273796],[-95.507647,38.274245],[-95.507759,38.285817],[-95.507774,38.288332],[-95.507849,38.314045],[-95.507851,38.317416],[-95.507789,38.331875],[-95.507948,38.345789],[-95.507968,38.346583],[-95.507986,38.356295],[-95.507907,38.36119],[-95.50819,38.365407],[-95.508256,38.375758],[-95.50848,38.380651],[-95.508306,38.382676],[-95.508328,38.390278],[-95.508282,38.397902],[-95.508257,38.404833],[-95.508166,38.41953],[-95.508239,38.431892],[-95.508267,38.433933],[-95.508326,38.442009],[-95.508199,38.448453],[-95.508335,38.448562],[-95.508374,38.462911],[-95.508386,38.470191],[-95.508433,38.476043],[-95.508435,38.476307],[-95.508439,38.477445],[-95.508457,38.487015],[-95.508464,38.491985],[-95.508496,38.49381],[-95.508569,38.506514],[-95.50853,38.51555],[-95.50849,38.521452],[-95.508631,38.52424],[-95.508549,38.528832],[-95.508645,38.536025],[-95.50858,38.541812],[-95.508623,38.551747],[-95.508712,38.555369],[-95.508714,38.584507],[-95.508712,38.586513],[-95.508714,38.586913],[-95.508525,38.589501],[-95.508517,38.589944],[-95.508541,38.594077],[-95.508564,38.597794],[-95.508566,38.598082],[-95.508568,38.598317],[-95.508591,38.601558],[-95.508602,38.604333],[-95.508794,38.607539],[-95.50888,38.609097],[-95.508797,38.618472],[-95.508667,38.623101],[-95.508626,38.626805],[-95.508783,38.637647],[-95.508904,38.652188],[-95.509014,38.658965],[-95.508666,38.662341],[-95.508614,38.666706],[-95.508508,38.681276],[-95.508042,38.695268],[-95.501223,38.695263],[-95.501084,38.709729],[-95.500828,38.71794],[-95.500804,38.724252],[-95.510443,38.724283],[-95.514693,38.724296],[-95.519292,38.72431],[-95.537846,38.724255],[-95.538387,38.723838],[-95.540024,38.724262],[-95.547531,38.724239],[-95.5543,38.724217],[-95.555769,38.724618],[-95.556678,38.72421],[-95.556802,38.724209],[-95.565664,38.724297],[-95.56999,38.72432],[-95.574943,38.724365],[-95.577597,38.724364],[-95.585646,38.724349],[-95.593658,38.724313],[-95.602832,38.724377],[-95.612093,38.72445],[-95.629394,38.724276],[-95.630785,38.7224],[-95.630161,38.718818],[-95.628849,38.718363],[-95.629437,38.717511],[-95.630786,38.717823],[-95.631217,38.716084],[-95.63061,38.715419],[-95.628347,38.714513],[-95.626655,38.712751],[-95.627413,38.712218],[-95.627282,38.709826],[-95.630673,38.709823],[-95.636728,38.709825],[-95.639783,38.710928],[-95.639878,38.695295],[-95.637747,38.695302],[-95.636447,38.694007],[-95.636897,38.68198],[-95.636467,38.68121],[-95.636855,38.680894],[-95.65556,38.681126],[-95.683093,38.681154],[-95.682554,38.676076],[-95.683357,38.676045],[-95.683317,38.675729],[-95.683107,38.674016],[-95.686508,38.673934],[-95.710015,38.674134],[-95.725498,38.674133],[-95.725515,38.681396],[-95.728394,38.681416],[-95.737591,38.681368],[-95.746896,38.681294],[-95.750508,38.681278],[-95.779277,38.681181],[-95.78379,38.680943],[-95.783839,38.681174],[-95.801198,38.680731],[-95.810424,38.680728],[-95.810483,38.673456],[-95.816296,38.673389],[-95.818934,38.673462],[-95.819068,38.673456],[-95.819688,38.673427],[-95.837412,38.673474],[-95.83836,38.673538],[-95.838329,38.680668],[-95.839379,38.680679],[-95.856946,38.680836],[-95.875757,38.680892],[-95.89396,38.680663],[-95.912624,38.680691],[-95.931037,38.680682],[-95.949641,38.680753],[-95.949654,38.695385],[-95.945661,38.695363],[-95.946023,38.710022],[-95.946178,38.724547],[-95.945959,38.733701],[-95.945924,38.739112],[-95.952394,38.739132],[-95.952607,38.739132],[-95.964698,38.739259],[-95.974881,38.739168],[-95.983274,38.739123],[-95.984695,38.739119],[-96.001888,38.739106],[-96.019959,38.738918],[-96.03827,38.7389],[-96.038552,38.73896],[-96.056765,38.739044],[-96.069706,38.738921],[-96.075276,38.738956],[-96.094016,38.739025],[-96.104915,38.739],[-96.105072,38.739],[-96.112172,38.739105],[-96.131137,38.739069],[-96.14957,38.73903],[-96.166786,38.739006],[-96.186638,38.73898],[-96.195902,38.738969],[-96.197817,38.738967],[-96.21444,38.738937],[-96.223767,38.738773],[-96.24229,38.738885],[-96.261021,38.738861],[-96.265807,38.738884],[-96.279683,38.738949],[-96.288419,38.739096],[-96.313784,38.739151],[-96.330526,38.739263],[-96.334772,38.739228],[-96.348806,38.738933],[-96.352613,38.739021],[-96.352751,38.728761],[-96.35291,38.724473],[-96.353136,38.702557],[-96.353056,38.695479],[-96.353047,38.692343],[-96.353,38.690287],[-96.353,38.690272],[-96.352983,38.6894],[-96.352999,38.689158],[-96.353004,38.689087],[-96.353009,38.689011],[-96.353206,38.687504],[-96.353205,38.666806],[-96.353178,38.652329],[-96.353108,38.645124],[-96.353092,38.641426],[-96.353095,38.641226],[-96.353366,38.625008],[-96.353338,38.623473],[-96.353088,38.608893],[-96.334918,38.60878],[-96.316496,38.608674],[-96.29789,38.608511],[-96.279371,38.60832],[-96.260889,38.608134],[-96.242317,38.608],[-96.234114,38.607953],[-96.228463,38.60793],[-96.224762,38.607863],[-96.206576,38.607831],[-96.206809,38.59394],[-96.206821,38.589978],[-96.206881,38.579322],[-96.206936,38.564749],[-96.206955,38.550062],[-96.206834,38.535473],[-96.206961,38.520955],[-96.207376,38.507646],[-96.207375,38.506962],[-96.207374,38.506086],[-96.207365,38.500667],[-96.207328,38.495386],[-96.207439,38.492237],[-96.207519,38.489515],[-96.207554,38.485671],[-96.207558,38.485007],[-96.207646,38.477731],[-96.20772,38.47042],[-96.20763,38.47042],[-96.207656,38.4631],[-96.207656,38.454409],[-96.207661,38.448672]]]]}},{"type":"Feature","properties":{"id":77,"NAME":"77","text-color":"#000000","text-size":16,"labelx":-97.071442,"labely":37.574497,"TotalPop":24094,"PopDevPct":0.02514398,"DemPct":0.26988497,"RepPct":0.67839937,"WhitePct":0.88302675,"MinorityPct":0.11697325,"BlackPct":0.01032615,"HispanicPct":0.03571832,"PacificPct":0.0014671,"AsianPct":0.01873378,"NativePct":0.0450852,"TotalVAP":17722,"Margin":-0.23011503,"color":"#f80d00","opacity":"0.5"},"geometry":{"type":"MultiPolygon","coordinates":[[[[-97.043724,37.737807],[-97.051751,37.737846],[-97.052829,37.737844],[-97.052863,37.737844],[-97.057465,37.73787],[-97.06257,37.73797],[-97.065466,37.737924],[-97.065777,37.737919],[-97.067617,37.737934],[-97.075807,37.73801],[-97.075782,37.734478],[-97.075773,37.734359],[-97.075645,37.723143],[-97.07654,37.723154],[-97.080044,37.723139],[-97.08019,37.722445],[-97.080182,37.715932],[-97.08019,37.708597],[-97.080196,37.694047],[-97.080168,37.692935],[-97.080181,37.68945],[-97.0802,37.688566],[-97.080204,37.68753],[-97.080209,37.686877],[-97.080205,37.685944],[-97.080247,37.684187],[-97.080218,37.68159],[-97.080231,37.679697],[-97.098531,37.679607],[-97.10141,37.679557],[-97.104237,37.679564],[-97.110879,37.679571],[-97.11354,37.679554],[-97.116885,37.679583],[-97.119331,37.679567],[-97.119487,37.679571],[-97.119932,37.679573],[-97.121055,37.679581],[-97.121094,37.679581],[-97.12136,37.679587],[-97.121686,37.679589],[-97.121834,37.679586],[-97.122175,37.679579],[-97.122845,37.679575],[-97.123204,37.679573],[-97.123419,37.679572],[-97.123531,37.679571],[-97.123618,37.679571],[-97.123744,37.679574],[-97.124295,37.679587],[-97.124988,37.67958],[-97.125963,37.679559],[-97.126249,37.67956],[-97.126696,37.679564],[-97.131656,37.679537],[-97.135102,37.679513],[-97.135292,37.679512],[-97.135295,37.679482],[-97.135299,37.679448],[-97.135306,37.679397],[-97.135287,37.677945],[-97.135294,37.674887],[-97.135293,37.674161],[-97.135325,37.671423],[-97.135296,37.670385],[-97.135305,37.67017],[-97.135307,37.669464],[-97.135326,37.666731],[-97.135307,37.66495],[-97.135309,37.66126],[-97.135326,37.659151],[-97.135338,37.657715],[-97.135351,37.653955],[-97.135339,37.650317],[-97.135372,37.645221],[-97.135373,37.645082],[-97.135442,37.638539],[-97.135449,37.637766],[-97.135465,37.636028],[-97.135815,37.636028],[-97.138042,37.635969],[-97.142296,37.635886],[-97.144416,37.635851],[-97.144616,37.635849],[-97.153048,37.635768],[-97.153063,37.62824],[-97.153057,37.626945],[-97.153043,37.621215],[-97.153047,37.616892],[-97.153041,37.615093],[-97.15303,37.613928],[-97.152947,37.606686],[-97.152965,37.604226],[-97.152921,37.600322],[-97.152903,37.597596],[-97.152913,37.593968],[-97.152903,37.592153],[-97.152823,37.577622],[-97.152812,37.573957],[-97.152806,37.572219],[-97.152801,37.571032],[-97.152796,37.570355],[-97.152751,37.563043],[-97.152799,37.555785],[-97.1528,37.555703],[-97.152837,37.551193],[-97.152852,37.549191],[-97.152852,37.548419],[-97.152852,37.548108],[-97.152902,37.542458],[-97.152903,37.542058],[-97.152939,37.533851],[-97.153013,37.523117],[-97.153022,37.519258],[-97.153108,37.504717],[-97.153183,37.491047],[-97.153179,37.490149],[-97.153331,37.475544],[-97.135176,37.475508],[-97.117006,37.475498],[-97.116879,37.475497],[-97.108438,37.475487],[-97.107791,37.475486],[-97.104192,37.475479],[-97.098763,37.475468],[-97.095221,37.475494],[-97.09091,37.475526],[-97.081951,37.475591],[-97.080549,37.475601],[-97.070729,37.475757],[-97.062225,37.475796],[-97.06046,37.475802],[-97.043882,37.475805],[-97.039391,37.475839],[-97.026391,37.475842],[-97.017337,37.475809],[-97.016721,37.475807],[-97.016459,37.475798],[-97.015955,37.47578],[-97.012893,37.47582],[-97.008105,37.475785],[-96.997195,37.475715],[-96.997517,37.477671],[-96.997005,37.47933],[-96.999099,37.478792],[-96.998439,37.481401],[-96.997678,37.482233],[-96.996098,37.482089],[-96.994339,37.483632],[-96.992446,37.483631],[-96.991467,37.484631],[-96.992286,37.486239],[-96.990957,37.486222],[-96.989691,37.487122],[-96.991782,37.48758],[-96.992042,37.488276],[-96.98945,37.488844],[-96.989244,37.490332],[-96.987989,37.491576],[-96.988448,37.493545],[-96.988111,37.498007],[-96.987096,37.49889],[-96.986535,37.498449],[-96.987366,37.4975],[-96.986381,37.497249],[-96.984519,37.49855],[-96.982545,37.4988],[-96.983238,37.500156],[-96.982662,37.505116],[-96.982073,37.506509],[-96.980569,37.506739],[-96.981117,37.507542],[-96.979798,37.508285],[-96.979504,37.507288],[-96.977475,37.507281],[-96.977012,37.507968],[-96.975654,37.507505],[-96.974879,37.508513],[-96.975987,37.508986],[-96.975406,37.511413],[-96.976143,37.512049],[-96.977248,37.512276],[-96.990147,37.512254],[-96.990246,37.519568],[-96.990284,37.534133],[-96.997456,37.534146],[-96.994056,37.541723],[-96.991899,37.544898],[-96.989714,37.548034],[-96.990372,37.548471],[-96.990156,37.559625],[-96.990091,37.563012],[-96.990047,37.566755],[-96.990081,37.577714],[-96.990147,37.588614],[-96.990081,37.606768],[-96.981001,37.606756],[-96.971786,37.606717],[-96.95348,37.606604],[-96.935296,37.606649],[-96.935206,37.621156],[-96.935172,37.628415],[-96.935125,37.635636],[-96.935083,37.650153],[-96.935037,37.657435],[-96.935018,37.664724],[-96.934959,37.671244],[-96.934968,37.671771],[-96.934968,37.671988],[-96.935014,37.679312],[-96.935003,37.682989],[-96.935289,37.685081],[-96.935305,37.687739],[-96.935083,37.693922],[-96.934878,37.70123],[-96.934799,37.708165],[-96.934805,37.708428],[-96.934813,37.708698],[-96.934769,37.723036],[-96.934716,37.730445],[-96.934623,37.73756],[-96.952997,37.737565],[-96.959899,37.737584],[-96.964879,37.7376],[-96.967295,37.737593],[-96.971311,37.737573],[-96.989641,37.737533],[-96.99882,37.73753],[-97.004928,37.737408],[-97.017113,37.737634],[-97.02621,37.737827],[-97.043724,37.737807]]]]}},{"type":"Feature","properties":{"id":78,"NAME":"78","text-color":"#000000","text-size":16,"labelx":-94.775163,"labely":38.853637,"TotalPop":23056,"PopDevPct":-0.01902052,"DemPct":0.42368489,"RepPct":0.522156,"WhitePct":0.80527507,"MinorityPct":0.19472493,"BlackPct":0.05354629,"HispanicPct":0.06437795,"PacificPct":0.00097913,"AsianPct":0.04681476,"NativePct":0.02484548,"TotalVAP":16341,"Margin":-0.07631511,"color":"#ffafab","opacity":"0.5"},"geometry":{"type":"MultiPolygon","coordinates":[[[[-94.761101,38.858897],[-94.761068,38.861063],[-94.761028,38.863641],[-94.761003,38.865529],[-94.760992,38.866372],[-94.760947,38.869082],[-94.764145,38.869087],[-94.768273,38.869087],[-94.77275,38.869093],[-94.773731,38.869094],[-94.774715,38.869095],[-94.775714,38.869095],[-94.777124,38.869097],[-94.779562,38.869098],[-94.782778,38.869101],[-94.785535,38.869106],[-94.786939,38.869107],[-94.787897,38.869108],[-94.788339,38.869108],[-94.791256,38.869302],[-94.792516,38.870188],[-94.794215,38.871945],[-94.795173,38.872347],[-94.796338,38.870976],[-94.806644,38.86224],[-94.81584,38.854958],[-94.81584,38.854835],[-94.811433,38.855005],[-94.808984,38.855031],[-94.807702,38.855045],[-94.804957,38.855074],[-94.802312,38.854851],[-94.797268,38.854608],[-94.794761,38.854627],[-94.792191,38.854659],[-94.790016,38.854688],[-94.789124,38.854695],[-94.789583,38.852339],[-94.790382,38.850655],[-94.791124,38.849135],[-94.791686,38.84526],[-94.790866,38.845068],[-94.789525,38.844753],[-94.788528,38.844512],[-94.787275,38.843607],[-94.785025,38.843696],[-94.784787,38.84247],[-94.784344,38.842482],[-94.784284,38.840225],[-94.782627,38.840234],[-94.779579,38.840245],[-94.779609,38.837602],[-94.779612,38.837137],[-94.779619,38.836594],[-94.779651,38.833935],[-94.779658,38.832681],[-94.780678,38.83099],[-94.779415,38.829131],[-94.77852,38.827653],[-94.779525,38.826295],[-94.779598,38.826278],[-94.779709,38.825909],[-94.779712,38.825661],[-94.779713,38.825548],[-94.779664,38.825668],[-94.777409,38.826001],[-94.772791,38.82546],[-94.770594,38.825669],[-94.770482,38.825668],[-94.761236,38.825719],[-94.761229,38.827344],[-94.761227,38.827749],[-94.761219,38.829651],[-94.761218,38.830102],[-94.761206,38.832425],[-94.761203,38.832702],[-94.761188,38.836106],[-94.761181,38.837804],[-94.761195,38.840261],[-94.761189,38.841608],[-94.761182,38.842275],[-94.761174,38.843093],[-94.761158,38.846633],[-94.761159,38.847538],[-94.761162,38.847724],[-94.761162,38.848579],[-94.761163,38.850115],[-94.761156,38.852587],[-94.761161,38.854828],[-94.761147,38.856009],[-94.761138,38.85682],[-94.761138,38.857626],[-94.761101,38.858897]]]]}},{"type":"Feature","properties":{"id":79,"NAME":"79","text-color":"#000000","text-size":16,"labelx":-97.076976,"labely":37.332404,"TotalPop":23609,"PopDevPct":0.00450835,"DemPct":0.29849331,"RepPct":0.65535771,"WhitePct":0.84415162,"MinorityPct":0.15584838,"BlackPct":0.03063825,"HispanicPct":0.05097337,"PacificPct":0.00390434,"AsianPct":0.02282956,"NativePct":0.044195,"TotalVAP":18441,"Margin":-0.20150669,"color":"#f80d00","opacity":"0.5"},"geometry":{"type":"MultiPolygon","coordinates":[[[[-97.151999,37.216482],[-97.149971,37.21266],[-97.150052,37.209222],[-97.149991,37.201658],[-97.149541,37.201633],[-97.149412,37.186966],[-97.149383,37.17225],[-97.14941,37.167919],[-97.149544,37.165145],[-97.14967,37.158318],[-97.149517,37.152505],[-97.1494,37.142949],[-97.149296,37.137323],[-97.149233,37.128605],[-97.141851,37.12866],[-97.141471,37.128659],[-97.140702,37.128657],[-97.131223,37.128664],[-97.12218,37.128672],[-97.113075,37.128654],[-97.104249,37.128693],[-97.094939,37.128735],[-97.076777,37.128745],[-97.058659,37.128809],[-97.040516,37.128879],[-97.039361,37.128873],[-97.037268,37.128864],[-97.035792,37.128858],[-97.035377,37.128856],[-97.035248,37.128856],[-97.035099,37.128855],[-97.032483,37.128855],[-97.022828,37.128851],[-97.004679,37.12883],[-97.00455,37.125044],[-97.005251,37.105139],[-97.005348,37.101064],[-97.005398,37.09951],[-96.998436,37.099744],[-96.995633,37.099626],[-96.98674,37.099687],[-96.968737,37.099606],[-96.955485,37.099365],[-96.932678,37.099519],[-96.932938,37.100494],[-96.932946,37.101189],[-96.932972,37.103276],[-96.932981,37.103972],[-96.933072,37.114611],[-96.932923,37.12022],[-96.932911,37.121202],[-96.929564,37.121222],[-96.92588,37.121248],[-96.925611,37.121238],[-96.925367,37.121229],[-96.925293,37.12122],[-96.921729,37.121348],[-96.921403,37.121307],[-96.915479,37.12139],[-96.914551,37.121437],[-96.914768,37.12852],[-96.914789,37.129499],[-96.914896,37.134935],[-96.914868,37.141957],[-96.914742,37.160813],[-96.914668,37.164825],[-96.914706,37.170657],[-96.914948,37.178656],[-96.915122,37.180185],[-96.915207,37.186498],[-96.915204,37.193695],[-96.915496,37.200907],[-96.915626,37.21539],[-96.915526,37.230078],[-96.91554,37.241155],[-96.915553,37.241249],[-96.915592,37.241532],[-96.915606,37.241627],[-96.915588,37.241842],[-96.915551,37.242289],[-96.915522,37.242488],[-96.915492,37.242703],[-96.91549,37.242748],[-96.915488,37.242885],[-96.915488,37.242931],[-96.915605,37.244547],[-96.915824,37.259034],[-96.915842,37.266235],[-96.915841,37.273539],[-96.915871,37.280803],[-96.915908,37.288077],[-96.915897,37.301385],[-96.915891,37.302468],[-96.9253,37.302262],[-96.925496,37.302262],[-96.926085,37.302265],[-96.926282,37.302267],[-96.934002,37.302246],[-96.942204,37.302346],[-96.940476,37.30318],[-96.934032,37.307079],[-96.934105,37.309806],[-96.933702,37.309808],[-96.933685,37.317107],[-96.93353,37.326261],[-96.933548,37.333805],[-96.933733,37.342384],[-96.933796,37.345999],[-96.93377,37.348494],[-96.933701,37.351925],[-96.933813,37.360444],[-96.93404,37.375023],[-96.933837,37.375023],[-96.933766,37.380176],[-96.933753,37.381996],[-96.933729,37.389494],[-96.932256,37.389495],[-96.931237,37.389496],[-96.931697,37.403986],[-96.932073,37.411332],[-96.932412,37.418508],[-96.932657,37.428788],[-96.932821,37.433003],[-96.933082,37.439963],[-96.933365,37.447489],[-96.933757,37.454527],[-96.934233,37.461343],[-96.934409,37.463759],[-96.934809,37.469246],[-96.935028,37.474797],[-96.936629,37.475703],[-96.941348,37.475669],[-96.947294,37.475658],[-96.953481,37.475637],[-96.954829,37.47564],[-96.961721,37.475658],[-96.966265,37.475669],[-96.97171,37.475683],[-96.989968,37.475692],[-96.997195,37.475715],[-97.008105,37.475785],[-97.012893,37.47582],[-97.015955,37.47578],[-97.016459,37.475798],[-97.016721,37.475807],[-97.017337,37.475809],[-97.026391,37.475842],[-97.039391,37.475839],[-97.043882,37.475805],[-97.06046,37.475802],[-97.062225,37.475796],[-97.070729,37.475757],[-97.080549,37.475601],[-97.081951,37.475591],[-97.09091,37.475526],[-97.095221,37.475494],[-97.098763,37.475468],[-97.104192,37.475479],[-97.107791,37.475486],[-97.108438,37.475487],[-97.116879,37.475497],[-97.117006,37.475498],[-97.135176,37.475508],[-97.153331,37.475544],[-97.153166,37.473164],[-97.152362,37.463034],[-97.151751,37.448562],[-97.151748,37.448485],[-97.165661,37.448965],[-97.169738,37.449106],[-97.174537,37.449177],[-97.182757,37.449291],[-97.185354,37.449325],[-97.186314,37.44934],[-97.192264,37.449293],[-97.197,37.449245],[-97.205328,37.449202],[-97.210981,37.449237],[-97.217367,37.449239],[-97.232803,37.449424],[-97.23666,37.44947],[-97.240874,37.449533],[-97.241621,37.45024],[-97.242176,37.450295],[-97.244783,37.452502],[-97.248938,37.453785],[-97.251236,37.45481],[-97.253277,37.455238],[-97.254326,37.455363],[-97.258701,37.457113],[-97.261097,37.458502],[-97.261895,37.460146],[-97.259969,37.46418],[-97.260125,37.469147],[-97.260585,37.468626],[-97.261187,37.467946],[-97.2621,37.467158],[-97.263143,37.467275],[-97.263657,37.469864],[-97.263812,37.472084],[-97.277464,37.47211],[-97.277577,37.473345],[-97.277805,37.475817],[-97.278025,37.475819],[-97.281383,37.475874],[-97.296238,37.476154],[-97.303828,37.476291],[-97.305307,37.476316],[-97.314389,37.476469],[-97.322833,37.47662],[-97.322877,37.476621],[-97.322982,37.476623],[-97.323467,37.476632],[-97.328698,37.476707],[-97.332597,37.476766],[-97.341686,37.476898],[-97.350789,37.477031],[-97.358419,37.477133],[-97.364427,37.477213],[-97.366335,37.477241],[-97.369013,37.477274],[-97.369751,37.477273],[-97.370965,37.477265],[-97.371605,37.477261],[-97.372925,37.477252],[-97.374375,37.477229],[-97.387105,37.476995],[-97.38718,37.476993],[-97.39958,37.476752],[-97.405316,37.476668],[-97.423533,37.476411],[-97.429577,37.476303],[-97.433708,37.476249],[-97.441704,37.476102],[-97.459866,37.475827],[-97.460887,37.475818],[-97.47815,37.475761],[-97.484222,37.475376],[-97.486689,37.475345],[-97.488837,37.475413],[-97.496609,37.475642],[-97.499199,37.475726],[-97.514691,37.475556],[-97.532442,37.475446],[-97.540608,37.475444],[-97.551237,37.475322],[-97.569532,37.475281],[-97.587794,37.475166],[-97.597139,37.475117],[-97.606202,37.475072],[-97.606595,37.475067],[-97.624521,37.474985],[-97.642969,37.474861],[-97.661081,37.474772],[-97.670049,37.474717],[-97.673364,37.474699],[-97.679386,37.47464],[-97.697704,37.474509],[-97.715996,37.474429],[-97.725064,37.474411],[-97.72908,37.474403],[-97.734312,37.474414],[-97.752647,37.474375],[-97.770977,37.474299],[-97.789268,37.474259],[-97.8076,37.474184],[-97.807486,37.459286],[-97.807349,37.444661],[-97.807425,37.443667],[-97.807341,37.435333],[-97.807312,37.430024],[-97.80725,37.415461],[-97.807169,37.400892],[-97.787453,37.400913],[-97.769173,37.400931],[-97.751731,37.401039],[-97.750723,37.401044],[-97.732634,37.401375],[-97.714347,37.401473],[-97.695991,37.401649],[-97.678061,37.401708],[-97.669114,37.401904],[-97.661827,37.401961],[-97.659877,37.401945],[-97.650862,37.401793],[-97.641682,37.401824],[-97.635697,37.401848],[-97.627525,37.401853],[-97.623208,37.401866],[-97.620383,37.401959],[-97.614756,37.402026],[-97.605054,37.401781],[-97.586831,37.401951],[-97.586576,37.387478],[-97.58531,37.387481],[-97.585204,37.372944],[-97.585203,37.372868],[-97.585169,37.368877],[-97.58515,37.35846],[-97.585122,37.343867],[-97.585153,37.329283],[-97.585243,37.314686],[-97.585263,37.300286],[-97.585206,37.285904],[-97.585118,37.278087],[-97.584888,37.271367],[-97.584584,37.260716],[-97.584484,37.257207],[-97.583996,37.242807],[-97.583691,37.228314],[-97.583461,37.213757],[-97.583499,37.199375],[-97.583468,37.184877],[-97.583507,37.177528],[-97.58348,37.170358],[-97.57473,37.170373],[-97.565263,37.170483],[-97.557982,37.170801],[-97.547192,37.17095],[-97.529193,37.17118],[-97.510518,37.171321],[-97.509809,37.171338],[-97.507101,37.171394],[-97.504677,37.171457],[-97.501803,37.171536],[-97.493003,37.17172],[-97.475046,37.171619],[-97.466027,37.171422],[-97.456923,37.172022],[-97.437534,37.172479],[-97.420214,37.172835],[-97.420031,37.18742],[-97.420258,37.194262],[-97.420648,37.201879],[-97.420505,37.216288],[-97.420537,37.230833],[-97.420728,37.245275],[-97.420862,37.253833],[-97.420884,37.254486],[-97.416846,37.256597],[-97.411923,37.259917],[-97.414164,37.2587],[-97.414194,37.25987],[-97.415411,37.259173],[-97.41843,37.259554],[-97.419401,37.259346],[-97.420967,37.260906],[-97.421474,37.262172],[-97.422083,37.263606],[-97.423321,37.263456],[-97.423423,37.264357],[-97.422266,37.264481],[-97.42235,37.267023],[-97.423538,37.268638],[-97.422915,37.271395],[-97.421178,37.271636],[-97.421183,37.271907],[-97.421231,37.274349],[-97.425,37.27421],[-97.425051,37.276418],[-97.423793,37.276867],[-97.423833,37.278683],[-97.422671,37.279324],[-97.421325,37.279341],[-97.421278,37.276957],[-97.421242,37.275452],[-97.417111,37.27522],[-97.417102,37.27636],[-97.414527,37.276387],[-97.414534,37.276818],[-97.412278,37.277354],[-97.412485,37.289077],[-97.412483,37.290008],[-97.411453,37.290034],[-97.411465,37.289102],[-97.407928,37.289192],[-97.407926,37.292831],[-97.40342,37.292948],[-97.403408,37.289333],[-97.400071,37.289398],[-97.399148,37.293643],[-97.39806,37.293908],[-97.397801,37.296646],[-97.395993,37.296687],[-97.395068,37.303862],[-97.39423,37.303881],[-97.389405,37.304033],[-97.385494,37.304131],[-97.384992,37.304142],[-97.376126,37.30428],[-97.366914,37.30437],[-97.357933,37.304426],[-97.357862,37.304426],[-97.348944,37.304449],[-97.340481,37.304535],[-97.340378,37.304535],[-97.330756,37.304556],[-97.312587,37.304658],[-97.294485,37.304733],[-97.285614,37.304764],[-97.276313,37.304854],[-97.25807,37.3049],[-97.258238,37.290362],[-97.258203,37.275815],[-97.258147,37.261192],[-97.258065,37.246655],[-97.258056,37.23214],[-97.258071,37.217566],[-97.241613,37.217654],[-97.240363,37.217672],[-97.229841,37.217914],[-97.222216,37.21776],[-97.212869,37.217569],[-97.204134,37.217373],[-97.185914,37.217053],[-97.167899,37.216576],[-97.1589,37.216428],[-97.153143,37.216463],[-97.151999,37.216482]]]]}},{"type":"Feature","properties":{"id":80,"NAME":"80","text-color":"#000000","text-size":16,"labelx":-97.317363,"labely":37.116259,"TotalPop":23973,"PopDevPct":0.01999571,"DemPct":0.31359568,"RepPct":0.63810224,"WhitePct":0.77837259,"MinorityPct":0.22162741,"BlackPct":0.0312183,"HispanicPct":0.11963259,"PacificPct":0.00540967,"AsianPct":0.00783275,"NativePct":0.06204215,"TotalVAP":17746,"Margin":-0.18640432,"color":"#ff463c","opacity":"0.5"},"geometry":{"type":"MultiPolygon","coordinates":[[[[-97.395068,37.303862],[-97.395993,37.296687],[-97.397801,37.296646],[-97.39806,37.293908],[-97.399148,37.293643],[-97.400071,37.289398],[-97.403408,37.289333],[-97.40342,37.292948],[-97.407926,37.292831],[-97.407928,37.289192],[-97.411465,37.289102],[-97.411453,37.290034],[-97.412483,37.290008],[-97.412485,37.289077],[-97.412278,37.277354],[-97.414534,37.276818],[-97.414527,37.276387],[-97.417102,37.27636],[-97.417111,37.27522],[-97.421242,37.275452],[-97.421278,37.276957],[-97.421325,37.279341],[-97.422671,37.279324],[-97.423833,37.278683],[-97.423793,37.276867],[-97.425051,37.276418],[-97.425,37.27421],[-97.421231,37.274349],[-97.421183,37.271907],[-97.421178,37.271636],[-97.422915,37.271395],[-97.423538,37.268638],[-97.42235,37.267023],[-97.422266,37.264481],[-97.423423,37.264357],[-97.423321,37.263456],[-97.422083,37.263606],[-97.421474,37.262172],[-97.420967,37.260906],[-97.419401,37.259346],[-97.41843,37.259554],[-97.415411,37.259173],[-97.414194,37.25987],[-97.414164,37.2587],[-97.411923,37.259917],[-97.416846,37.256597],[-97.420884,37.254486],[-97.420862,37.253833],[-97.420728,37.245275],[-97.420537,37.230833],[-97.420505,37.216288],[-97.420648,37.201879],[-97.420258,37.194262],[-97.420031,37.18742],[-97.420214,37.172835],[-97.437534,37.172479],[-97.456923,37.172022],[-97.466027,37.171422],[-97.475046,37.171619],[-97.493003,37.17172],[-97.501803,37.171536],[-97.504677,37.171457],[-97.507101,37.171394],[-97.509809,37.171338],[-97.510518,37.171321],[-97.529193,37.17118],[-97.547192,37.17095],[-97.557982,37.170801],[-97.565263,37.170483],[-97.57473,37.170373],[-97.58348,37.170358],[-97.583545,37.158012],[-97.583525,37.155806],[-97.583593,37.141283],[-97.583699,37.131122],[-97.583766,37.127085],[-97.583776,37.126486],[-97.58392,37.124884],[-97.583081,37.109428],[-97.582916,37.099183],[-97.582645,37.08447],[-97.582504,37.069851],[-97.582485,37.067643],[-97.582454,37.055351],[-97.582427,37.039987],[-97.582449,37.032679],[-97.582437,37.028934],[-97.582421,37.025348],[-97.582464,37.01889],[-97.582391,37.010118],[-97.582046,37.008397],[-97.582404,37.006335],[-97.582377,36.998638],[-97.571648,36.998646],[-97.564777,36.998549],[-97.564356,36.998712],[-97.559395,36.998732],[-97.546477,36.998638],[-97.543017,36.998732],[-97.52785,36.998763],[-97.527423,36.998635],[-97.510211,36.998617],[-97.500922,36.9987],[-97.491944,36.998643],[-97.472866,36.998695],[-97.465239,36.998685],[-97.45065,36.998735],[-97.436901,36.998737],[-97.418927,36.99874],[-97.410243,36.998747],[-97.400904,36.998783],[-97.381074,36.998811],[-97.375974,36.99887],[-97.364866,36.998813],[-97.346643,36.998836],[-97.342757,36.998826],[-97.342581,36.998826],[-97.332316,36.998879],[-97.310301,36.998865],[-97.27385,36.998886],[-97.25577,36.998919],[-97.237667,36.998917],[-97.219886,36.998931],[-97.201862,36.998967],[-97.183865,36.999035],[-97.174734,36.998985],[-97.165763,36.999062],[-97.147721,36.999033],[-97.12974,36.999008],[-97.129303,36.999011],[-97.111605,36.999064],[-97.103769,36.998991],[-97.10013,36.999],[-97.093489,36.999032],[-97.075637,36.999035],[-97.057551,36.999017],[-97.045906,36.998981],[-97.04553,36.99898],[-97.042057,36.999001],[-97.0397,36.99896],[-97.039582,37.002971],[-97.039576,37.005526],[-97.039572,37.005552],[-97.039564,37.008393],[-97.039583,37.009991],[-97.039577,37.012823],[-97.039577,37.016448],[-97.039558,37.020081],[-97.039559,37.021298],[-97.039559,37.021483],[-97.039559,37.021831],[-97.039532,37.027301],[-97.03956,37.03174],[-97.039871,37.032816],[-97.039711,37.03328],[-97.039588,37.033744],[-97.039531,37.034134],[-97.039494,37.034527],[-97.039606,37.034782],[-97.039278,37.037855],[-97.039147,37.03894],[-97.036156,37.038393],[-97.033343,37.038644],[-97.032888,37.038717],[-97.030608,37.038933],[-97.028133,37.039588],[-97.024538,37.039478],[-97.021634,37.038607],[-97.018439,37.035769],[-97.017019,37.032197],[-97.01506,37.031057],[-97.010417,37.031867],[-97.008488,37.032718],[-97.005748,37.034366],[-97.003451,37.037083],[-97.001189,37.0417],[-96.999472,37.045731],[-96.999713,37.048947],[-96.99981,37.049582],[-96.999814,37.049836],[-96.995053,37.049859],[-96.991674,37.049127],[-96.986886,37.047792],[-96.9837,37.046366],[-96.978737,37.042317],[-96.971918,37.041667],[-96.969663,37.041931],[-96.96744,37.041504],[-96.966136,37.040855],[-96.965099,37.039178],[-96.963999,37.038373],[-96.962617,37.035339],[-96.960817,37.034685],[-96.950689,37.031732],[-96.945769,37.030114],[-96.944094,37.029245],[-96.941553,37.02885],[-96.935116,37.029442],[-96.932034,37.028777],[-96.932066,37.02959],[-96.932094,37.036238],[-96.931939,37.040912],[-96.932007,37.041599],[-96.932121,37.048747],[-96.935292,37.048793],[-96.940955,37.048799],[-96.950103,37.04869],[-96.966616,37.048857],[-96.968221,37.050228],[-96.96829,37.055088],[-96.969111,37.055916],[-96.970587,37.056096],[-96.979689,37.056068],[-96.98277,37.056056],[-96.983137,37.056306],[-96.982278,37.057002],[-96.982333,37.059477],[-96.983146,37.05954],[-96.983143,37.063372],[-96.986361,37.063373],[-96.986356,37.066983],[-96.986399,37.070594],[-96.986462,37.074467],[-96.98652,37.078053],[-96.986642,37.085097],[-96.98674,37.099687],[-96.995633,37.099626],[-96.998436,37.099744],[-97.005398,37.09951],[-97.005348,37.101064],[-97.005251,37.105139],[-97.00455,37.125044],[-97.004679,37.12883],[-97.022828,37.128851],[-97.032483,37.128855],[-97.035099,37.128855],[-97.035248,37.128856],[-97.035377,37.128856],[-97.035792,37.128858],[-97.037268,37.128864],[-97.039361,37.128873],[-97.040516,37.128879],[-97.058659,37.128809],[-97.076777,37.128745],[-97.094939,37.128735],[-97.104249,37.128693],[-97.113075,37.128654],[-97.12218,37.128672],[-97.131223,37.128664],[-97.140702,37.128657],[-97.141471,37.128659],[-97.141851,37.12866],[-97.149233,37.128605],[-97.149296,37.137323],[-97.1494,37.142949],[-97.149517,37.152505],[-97.14967,37.158318],[-97.149544,37.165145],[-97.14941,37.167919],[-97.149383,37.17225],[-97.149412,37.186966],[-97.149541,37.201633],[-97.149991,37.201658],[-97.150052,37.209222],[-97.149971,37.21266],[-97.151999,37.216482],[-97.153143,37.216463],[-97.1589,37.216428],[-97.167899,37.216576],[-97.185914,37.217053],[-97.204134,37.217373],[-97.212869,37.217569],[-97.222216,37.21776],[-97.229841,37.217914],[-97.240363,37.217672],[-97.241613,37.217654],[-97.258071,37.217566],[-97.258056,37.23214],[-97.258065,37.246655],[-97.258147,37.261192],[-97.258203,37.275815],[-97.258238,37.290362],[-97.25807,37.3049],[-97.276313,37.304854],[-97.285614,37.304764],[-97.294485,37.304733],[-97.312587,37.304658],[-97.330756,37.304556],[-97.340378,37.304535],[-97.340481,37.304535],[-97.348944,37.304449],[-97.357862,37.304426],[-97.357933,37.304426],[-97.366914,37.30437],[-97.376126,37.30428],[-97.384992,37.304142],[-97.385494,37.304131],[-97.389405,37.304033],[-97.39423,37.303881],[-97.395068,37.303862]]]]}},{"type":"Feature","properties":{"id":81,"NAME":"81","text-color":"#000000","text-size":16,"labelx":-97.247587,"labely":37.600146,"TotalPop":23040,"PopDevPct":-0.01970128,"DemPct":0.34584606,"RepPct":0.59639168,"WhitePct":0.66573899,"MinorityPct":0.33426101,"BlackPct":0.08372809,"HispanicPct":0.14442207,"PacificPct":0.00544766,"AsianPct":0.06797726,"NativePct":0.03985078,"TotalVAP":16888,"Margin":-0.15415394,"color":"#f80d00","opacity":"0.5"},"geometry":{"type":"MultiPolygon","coordinates":[[[[-97.262141,37.555172],[-97.259943,37.555204],[-97.259257,37.555213],[-97.258624,37.55526],[-97.257752,37.555513],[-97.257025,37.555711],[-97.256558,37.55572],[-97.254338,37.555756],[-97.253955,37.555762],[-97.253284,37.555769],[-97.252985,37.555773],[-97.249455,37.55581],[-97.247047,37.555837],[-97.244318,37.55587],[-97.244337,37.557018],[-97.24434,37.557226],[-97.244354,37.558099],[-97.244363,37.558602],[-97.244374,37.559175],[-97.244424,37.562507],[-97.24008,37.562542],[-97.23905,37.562553],[-97.235723,37.562574],[-97.234002,37.562586],[-97.231952,37.562603],[-97.230611,37.562611],[-97.229903,37.562617],[-97.228747,37.562625],[-97.226591,37.562643],[-97.226013,37.562647],[-97.223636,37.562669],[-97.222539,37.562678],[-97.221519,37.562687],[-97.219705,37.562701],[-97.216932,37.562728],[-97.215746,37.562739],[-97.207761,37.562795],[-97.204732,37.5628],[-97.203228,37.562799],[-97.198357,37.562801],[-97.189445,37.562826],[-97.18553,37.56284],[-97.171119,37.562901],[-97.162261,37.562966],[-97.152751,37.563043],[-97.152796,37.570355],[-97.152801,37.571032],[-97.152806,37.572219],[-97.152812,37.573957],[-97.152823,37.577622],[-97.152903,37.592153],[-97.152913,37.593968],[-97.152903,37.597596],[-97.152921,37.600322],[-97.152965,37.604226],[-97.152947,37.606686],[-97.15303,37.613928],[-97.153041,37.615093],[-97.153047,37.616892],[-97.153043,37.621215],[-97.153057,37.626945],[-97.153063,37.62824],[-97.153048,37.635768],[-97.156748,37.635763],[-97.169054,37.635787],[-97.171369,37.635784],[-97.171638,37.635785],[-97.176767,37.635787],[-97.178245,37.635783],[-97.185127,37.635772],[-97.189637,37.635751],[-97.198908,37.635656],[-97.207936,37.635556],[-97.209063,37.63555],[-97.212223,37.635533],[-97.217621,37.63551],[-97.224564,37.635498],[-97.226268,37.635495],[-97.233647,37.635515],[-97.234345,37.635516],[-97.233678,37.636877],[-97.232931,37.636877],[-97.232931,37.637774],[-97.233698,37.637778],[-97.23534,37.637788],[-97.235357,37.63915],[-97.234868,37.639142],[-97.234502,37.640012],[-97.234513,37.642813],[-97.236419,37.642793],[-97.244471,37.642825],[-97.262121,37.642915],[-97.262025,37.650092],[-97.270936,37.650101],[-97.271338,37.650083],[-97.271748,37.650092],[-97.271975,37.650092],[-97.273818,37.650099],[-97.274872,37.650103],[-97.275914,37.650105],[-97.277132,37.650108],[-97.278332,37.65011],[-97.280407,37.650116],[-97.281615,37.650104],[-97.282702,37.650094],[-97.283901,37.650091],[-97.284997,37.650084],[-97.286136,37.65008],[-97.287287,37.650081],[-97.288332,37.650083],[-97.288755,37.650084],[-97.289687,37.650065],[-97.289962,37.650062],[-97.292663,37.650043],[-97.293069,37.650041],[-97.294725,37.650035],[-97.298746,37.65001],[-97.300031,37.650002],[-97.301282,37.649994],[-97.301528,37.649993],[-97.302596,37.649986],[-97.30389,37.649977],[-97.305003,37.649967],[-97.305093,37.649966],[-97.30564,37.64996],[-97.307272,37.649946],[-97.307928,37.649942],[-97.308594,37.649938],[-97.30998,37.649925],[-97.310247,37.649923],[-97.31056,37.64992],[-97.308157,37.64231],[-97.308029,37.640085],[-97.308058,37.639852],[-97.307512,37.639277],[-97.303155,37.634768],[-97.299564,37.631026],[-97.298204,37.629637],[-97.296016,37.626827],[-97.295575,37.625674],[-97.2955,37.625338],[-97.295473,37.625214],[-97.294408,37.620451],[-97.294374,37.620305],[-97.293485,37.616536],[-97.291007,37.605914],[-97.289696,37.601645],[-97.288783,37.598654],[-97.287741,37.596409],[-97.284794,37.591527],[-97.283974,37.589894],[-97.282674,37.585947],[-97.280293,37.576973],[-97.277233,37.566128],[-97.276228,37.562497],[-97.276075,37.562493],[-97.275926,37.56249],[-97.275859,37.562489],[-97.274922,37.562476],[-97.271304,37.562467],[-97.26981,37.562477],[-97.268012,37.562488],[-97.266947,37.562489],[-97.26588,37.56249],[-97.264812,37.562492],[-97.263912,37.562493],[-97.263164,37.562493],[-97.262124,37.562494],[-97.26214,37.560694],[-97.262138,37.56016],[-97.262142,37.559327],[-97.262145,37.558836],[-97.262144,37.558514],[-97.262141,37.557682],[-97.26214,37.557027],[-97.26214,37.556844],[-97.262141,37.55602],[-97.262141,37.555172]]]]}},{"type":"Feature","properties":{"id":82,"NAME":"82","text-color":"#000000","text-size":16,"labelx":-97.206524,"labely":37.50933,"TotalPop":23223,"PopDevPct":-0.01191505,"DemPct":0.3152332,"RepPct":0.62697566,"WhitePct":0.86815819,"MinorityPct":0.13184181,"BlackPct":0.01910158,"HispanicPct":0.04754951,"PacificPct":0.00227817,"AsianPct":0.02021146,"NativePct":0.04322682,"TotalVAP":17119,"Margin":-0.1847668,"color":"#f80d00","opacity":"0.5"},"geometry":{"type":"MultiPolygon","coordinates":[[[[-97.277749,37.525673],[-97.2769,37.521928],[-97.276842,37.520511],[-97.276588,37.519641],[-97.279229,37.515946],[-97.280263,37.512436],[-97.280038,37.511527],[-97.277999,37.509649],[-97.274964,37.509092],[-97.270613,37.510178],[-97.268324,37.5095],[-97.266922,37.508838],[-97.263502,37.505876],[-97.260629,37.502833],[-97.259383,37.499893],[-97.258954,37.498988],[-97.258739,37.49488],[-97.258956,37.492233],[-97.260242,37.489542],[-97.260267,37.485894],[-97.260047,37.48247],[-97.261114,37.476313],[-97.26084,37.47554],[-97.261612,37.475553],[-97.261774,37.475556],[-97.262953,37.475576],[-97.264873,37.475603],[-97.275478,37.475787],[-97.277805,37.475817],[-97.277577,37.473345],[-97.277464,37.47211],[-97.263812,37.472084],[-97.263657,37.469864],[-97.263143,37.467275],[-97.2621,37.467158],[-97.261187,37.467946],[-97.260585,37.468626],[-97.260125,37.469147],[-97.259969,37.46418],[-97.261895,37.460146],[-97.261097,37.458502],[-97.258701,37.457113],[-97.254326,37.455363],[-97.253277,37.455238],[-97.251236,37.45481],[-97.248938,37.453785],[-97.244783,37.452502],[-97.242176,37.450295],[-97.241621,37.45024],[-97.240874,37.449533],[-97.23666,37.44947],[-97.232803,37.449424],[-97.217367,37.449239],[-97.210981,37.449237],[-97.205328,37.449202],[-97.197,37.449245],[-97.192264,37.449293],[-97.186314,37.44934],[-97.185354,37.449325],[-97.182757,37.449291],[-97.174537,37.449177],[-97.169738,37.449106],[-97.165661,37.448965],[-97.151748,37.448485],[-97.151751,37.448562],[-97.152362,37.463034],[-97.153166,37.473164],[-97.153331,37.475544],[-97.153179,37.490149],[-97.153183,37.491047],[-97.153108,37.504717],[-97.153022,37.519258],[-97.153013,37.523117],[-97.152939,37.533851],[-97.152903,37.542058],[-97.152902,37.542458],[-97.152852,37.548108],[-97.152852,37.548419],[-97.152852,37.549191],[-97.152837,37.551193],[-97.1528,37.555703],[-97.152799,37.555785],[-97.152751,37.563043],[-97.162261,37.562966],[-97.171119,37.562901],[-97.18553,37.56284],[-97.189445,37.562826],[-97.198357,37.562801],[-97.203228,37.562799],[-97.204732,37.5628],[-97.207761,37.562795],[-97.215746,37.562739],[-97.216932,37.562728],[-97.219705,37.562701],[-97.221519,37.562687],[-97.222539,37.562678],[-97.223636,37.562669],[-97.226013,37.562647],[-97.226591,37.562643],[-97.228747,37.562625],[-97.229903,37.562617],[-97.230611,37.562611],[-97.231952,37.562603],[-97.234002,37.562586],[-97.235723,37.562574],[-97.23905,37.562553],[-97.24008,37.562542],[-97.244424,37.562507],[-97.244374,37.559175],[-97.244363,37.558602],[-97.244354,37.558099],[-97.24434,37.557226],[-97.244337,37.557018],[-97.244318,37.55587],[-97.247047,37.555837],[-97.249455,37.55581],[-97.252985,37.555773],[-97.253284,37.555769],[-97.253955,37.555762],[-97.254338,37.555756],[-97.256558,37.55572],[-97.257025,37.555711],[-97.257752,37.555513],[-97.258624,37.55526],[-97.259257,37.555213],[-97.259943,37.555204],[-97.262141,37.555172],[-97.262141,37.55602],[-97.26214,37.556844],[-97.26214,37.557027],[-97.262141,37.557682],[-97.262144,37.558514],[-97.262145,37.558836],[-97.262142,37.559327],[-97.262138,37.56016],[-97.26214,37.560694],[-97.262124,37.562494],[-97.263164,37.562493],[-97.263912,37.562493],[-97.264812,37.562492],[-97.26588,37.56249],[-97.266947,37.562489],[-97.268012,37.562488],[-97.26981,37.562477],[-97.271304,37.562467],[-97.274922,37.562476],[-97.275859,37.562489],[-97.275926,37.56249],[-97.276075,37.562493],[-97.276228,37.562497],[-97.276783,37.562502],[-97.277665,37.562488],[-97.278051,37.562482],[-97.279399,37.562474],[-97.279423,37.562477],[-97.280122,37.562517],[-97.280324,37.56252],[-97.28034,37.562472],[-97.280471,37.562522],[-97.2876,37.562612],[-97.287982,37.562637],[-97.286625,37.559085],[-97.285054,37.556642],[-97.284574,37.551493],[-97.284182,37.550184],[-97.28277,37.548879],[-97.278598,37.546527],[-97.276737,37.544282],[-97.275256,37.54182],[-97.274432,37.539873],[-97.27431,37.53775],[-97.275593,37.535373],[-97.277857,37.531934],[-97.278175,37.529403],[-97.277749,37.525673]]]]}},{"type":"Feature","properties":{"id":83,"NAME":"83","text-color":"#000000","text-size":16,"labelx":-97.268544,"labely":37.680116,"TotalPop":24120,"PopDevPct":0.02625022,"DemPct":0.54794889,"RepPct":0.39448554,"WhitePct":0.54398045,"MinorityPct":0.45601955,"BlackPct":0.19930031,"HispanicPct":0.17358952,"PacificPct":0.00388716,"AsianPct":0.05142159,"NativePct":0.04070413,"TotalVAP":18008,"Margin":0.04794889,"color":"#0000f8","opacity":"0.5"},"geometry":{"type":"MultiPolygon","coordinates":[[[[-97.262176,37.690156],[-97.262176,37.690671],[-97.262175,37.692901],[-97.26218,37.69382],[-97.262193,37.695843],[-97.262198,37.69669],[-97.262202,37.69745],[-97.262203,37.697517],[-97.262208,37.698358],[-97.262208,37.698411],[-97.262209,37.699273],[-97.262205,37.700176],[-97.262201,37.701109],[-97.262208,37.702015],[-97.262218,37.702896],[-97.262227,37.703774],[-97.262237,37.704655],[-97.262245,37.705527],[-97.262254,37.706401],[-97.262272,37.708419],[-97.264553,37.708405],[-97.265322,37.7084],[-97.266418,37.708398],[-97.267562,37.708396],[-97.267843,37.708395],[-97.269252,37.708392],[-97.269482,37.708391],[-97.270843,37.708388],[-97.271876,37.708385],[-97.272594,37.708382],[-97.273723,37.708379],[-97.274357,37.708377],[-97.274734,37.708375],[-97.275641,37.708372],[-97.276877,37.708368],[-97.278107,37.708364],[-97.27936,37.70836],[-97.280605,37.708356],[-97.280586,37.706543],[-97.280585,37.704728],[-97.28057,37.702925],[-97.280555,37.701076],[-97.280564,37.699255],[-97.280582,37.69743],[-97.280568,37.695657],[-97.280549,37.693797],[-97.280533,37.691947],[-97.280526,37.690155],[-97.280517,37.68834],[-97.280504,37.686516],[-97.280515,37.685511],[-97.280524,37.684663],[-97.280517,37.684063],[-97.280503,37.682857],[-97.280494,37.68151],[-97.280431,37.679711],[-97.280446,37.679547],[-97.28046,37.679385],[-97.280476,37.679206],[-97.280489,37.678718],[-97.280485,37.678295],[-97.280477,37.677385],[-97.281627,37.677384],[-97.282798,37.677386],[-97.283961,37.67739],[-97.285096,37.677393],[-97.286259,37.677394],[-97.287403,37.677393],[-97.288546,37.677387],[-97.289708,37.677382],[-97.290843,37.677378],[-97.290871,37.676534],[-97.292351,37.676529],[-97.293348,37.676521],[-97.293699,37.676742],[-97.294288,37.67553],[-97.295432,37.675529],[-97.296583,37.675521],[-97.297724,37.67551],[-97.298289,37.675508],[-97.29886,37.675498],[-97.298855,37.673687],[-97.298846,37.671844],[-97.298842,37.670032],[-97.298839,37.669352],[-97.298838,37.669138],[-97.298836,37.668219],[-97.298836,37.667291],[-97.29883,37.666385],[-97.298818,37.665507],[-97.298811,37.664575],[-97.296664,37.664583],[-97.294235,37.664607],[-97.293089,37.66463],[-97.29197,37.664641],[-97.289638,37.664638],[-97.287276,37.664639],[-97.286698,37.664638],[-97.285797,37.664632],[-97.284153,37.664658],[-97.280422,37.664665],[-97.280419,37.663731],[-97.280435,37.661029],[-97.280434,37.658772],[-97.280428,37.657385],[-97.279226,37.657386],[-97.278128,37.657386],[-97.277164,37.657385],[-97.276196,37.657389],[-97.275199,37.657391],[-97.274251,37.657389],[-97.273269,37.657387],[-97.272307,37.657385],[-97.271284,37.657383],[-97.270131,37.657383],[-97.268603,37.65738],[-97.269794,37.656349],[-97.270324,37.655049],[-97.272021,37.653045],[-97.27202,37.651167],[-97.273818,37.650099],[-97.271975,37.650092],[-97.271336,37.650481],[-97.262133,37.656034],[-97.262133,37.65649],[-97.262134,37.657373],[-97.262133,37.658799],[-97.262132,37.660981],[-97.262136,37.662481],[-97.262135,37.663819],[-97.262134,37.664637],[-97.262132,37.666137],[-97.262132,37.66829],[-97.262134,37.670109],[-97.26053,37.670111],[-97.259473,37.670117],[-97.258439,37.670119],[-97.257916,37.670119],[-97.257398,37.670118],[-97.256362,37.670117],[-97.255336,37.670121],[-97.253588,37.670128],[-97.250198,37.670138],[-97.250303,37.671014],[-97.250109,37.671955],[-97.249907,37.671956],[-97.249716,37.671957],[-97.249011,37.67196],[-97.247867,37.671959],[-97.247276,37.671957],[-97.246727,37.671956],[-97.245586,37.671963],[-97.244445,37.67197],[-97.244444,37.672367],[-97.244441,37.672898],[-97.24444,37.673209],[-97.244437,37.673812],[-97.244436,37.674005],[-97.244434,37.67482],[-97.244433,37.675632],[-97.244441,37.676466],[-97.24445,37.677328],[-97.244463,37.67906],[-97.247421,37.67906],[-97.250078,37.67907],[-97.25109,37.679085],[-97.252244,37.679066],[-97.253632,37.679069],[-97.25363,37.679309],[-97.253629,37.67947],[-97.254584,37.679472],[-97.254604,37.679679],[-97.254769,37.679759],[-97.254789,37.682726],[-97.253647,37.682835],[-97.253666,37.686494],[-97.253666,37.686535],[-97.253674,37.689597],[-97.253674,37.690186],[-97.257877,37.690174],[-97.262176,37.690156]]]]}},{"type":"Feature","properties":{"id":84,"NAME":"84","text-color":"#000000","text-size":16,"labelx":-97.305899,"labely":37.701687,"TotalPop":23539,"PopDevPct":0.00153001,"DemPct":0.70219872,"RepPct":0.25494016,"WhitePct":0.4166127,"MinorityPct":0.5833873,"BlackPct":0.35686113,"HispanicPct":0.16606817,"PacificPct":0.00306116,"AsianPct":0.03979514,"NativePct":0.04691823,"TotalVAP":16987,"Margin":0.20219872,"color":"#000082","opacity":"0.5"},"geometry":{"type":"MultiPolygon","coordinates":[[[[-97.298955,37.6863],[-97.298945,37.685387],[-97.298937,37.684601],[-97.298936,37.68448],[-97.298907,37.682792],[-97.298904,37.682679],[-97.298867,37.680938],[-97.298856,37.679477],[-97.298854,37.679298],[-97.298843,37.677322],[-97.29886,37.675498],[-97.298289,37.675508],[-97.297724,37.67551],[-97.296583,37.675521],[-97.295432,37.675529],[-97.294288,37.67553],[-97.293699,37.676742],[-97.293348,37.676521],[-97.292351,37.676529],[-97.290871,37.676534],[-97.290843,37.677378],[-97.289708,37.677382],[-97.288546,37.677387],[-97.287403,37.677393],[-97.286259,37.677394],[-97.285096,37.677393],[-97.283961,37.67739],[-97.282798,37.677386],[-97.281627,37.677384],[-97.280477,37.677385],[-97.280485,37.678295],[-97.280489,37.678718],[-97.280476,37.679206],[-97.28046,37.679385],[-97.280446,37.679547],[-97.280431,37.679711],[-97.280494,37.68151],[-97.280503,37.682857],[-97.280517,37.684063],[-97.280524,37.684663],[-97.280515,37.685511],[-97.280504,37.686516],[-97.280517,37.68834],[-97.280526,37.690155],[-97.280533,37.691947],[-97.280549,37.693797],[-97.280568,37.695657],[-97.280582,37.69743],[-97.280564,37.699255],[-97.280555,37.701076],[-97.28057,37.702925],[-97.280585,37.704728],[-97.280586,37.706543],[-97.280605,37.708356],[-97.280609,37.709239],[-97.280614,37.710137],[-97.280615,37.711957],[-97.280615,37.712102],[-97.280631,37.713817],[-97.280642,37.714784],[-97.280642,37.714839],[-97.280646,37.715449],[-97.280647,37.715627],[-97.285807,37.715598],[-97.287833,37.715582],[-97.288186,37.715581],[-97.289254,37.715578],[-97.290441,37.715571],[-97.292854,37.71555],[-97.294067,37.715544],[-97.295334,37.715539],[-97.29656,37.715526],[-97.297799,37.715521],[-97.298484,37.715516],[-97.299046,37.715513],[-97.29905,37.716646],[-97.299052,37.717002],[-97.299046,37.717376],[-97.29905,37.719496],[-97.299044,37.720277],[-97.299045,37.72106],[-97.299046,37.721886],[-97.299048,37.722765],[-97.301362,37.722747],[-97.302491,37.722744],[-97.303127,37.722741],[-97.303606,37.722739],[-97.304203,37.722737],[-97.30454,37.722736],[-97.305442,37.722728],[-97.308164,37.72271],[-97.310024,37.722704],[-97.310364,37.722702],[-97.312036,37.722693],[-97.312753,37.722689],[-97.313342,37.722685],[-97.31391,37.722683],[-97.314479,37.722686],[-97.315617,37.722682],[-97.317999,37.722664],[-97.318257,37.722665],[-97.318707,37.721526],[-97.322041,37.717317],[-97.322407,37.715891],[-97.322241,37.715363],[-97.3211,37.711745],[-97.319944,37.70808],[-97.320291,37.708082],[-97.321902,37.708089],[-97.323046,37.708083],[-97.324122,37.708076],[-97.324182,37.708076],[-97.325316,37.708072],[-97.326461,37.70807],[-97.326415,37.706244],[-97.326417,37.706193],[-97.326454,37.704463],[-97.326452,37.70262],[-97.32646,37.700797],[-97.326499,37.698976],[-97.326513,37.698733],[-97.326558,37.697584],[-97.326513,37.697496],[-97.326467,37.696207],[-97.32647,37.69351],[-97.32644,37.691673],[-97.32641,37.689823],[-97.326389,37.687979],[-97.326377,37.686085],[-97.325252,37.686072],[-97.325065,37.686071],[-97.323888,37.68608],[-97.323722,37.686082],[-97.323,37.686089],[-97.322393,37.686094],[-97.321877,37.686097],[-97.321093,37.686103],[-97.320654,37.686106],[-97.319792,37.686109],[-97.319609,37.686109],[-97.318521,37.686112],[-97.31824,37.686115],[-97.317248,37.686144],[-97.315985,37.686177],[-97.315562,37.686182],[-97.31472,37.686193],[-97.313423,37.686187],[-97.313038,37.686181],[-97.312764,37.686177],[-97.312017,37.686176],[-97.310685,37.686211],[-97.30939,37.686232],[-97.308046,37.686243],[-97.30776,37.686245],[-97.30694,37.68625],[-97.305789,37.686258],[-97.304653,37.686265],[-97.303489,37.686271],[-97.302348,37.686276],[-97.301222,37.686283],[-97.298955,37.6863]]]]}},{"type":"Feature","properties":{"id":85,"NAME":"85","text-color":"#000000","text-size":16,"labelx":-97.203566,"labely":37.774105,"TotalPop":23565,"PopDevPct":0.00263625,"DemPct":0.42009776,"RepPct":0.53750705,"WhitePct":0.72268721,"MinorityPct":0.27731279,"BlackPct":0.10564825,"HispanicPct":0.06047337,"PacificPct":0.00315947,"AsianPct":0.087024,"NativePct":0.02627349,"TotalVAP":18041,"Margin":-0.07990224,"color":"#ffafab","opacity":"0.5"},"geometry":{"type":"MultiPolygon","coordinates":[[[[-97.262423,37.756891],[-97.262418,37.755814],[-97.262401,37.75432],[-97.262398,37.754],[-97.262382,37.752222],[-97.262381,37.752091],[-97.26238,37.752017],[-97.262393,37.749593],[-97.262391,37.747533],[-97.262377,37.747404],[-97.262295,37.745564],[-97.262295,37.745393],[-97.262363,37.743545],[-97.262356,37.742412],[-97.262324,37.73974],[-97.262319,37.739442],[-97.262298,37.737565],[-97.258343,37.73757],[-97.255475,37.737589],[-97.254115,37.7376],[-97.253976,37.732002],[-97.254024,37.731948],[-97.253939,37.723614],[-97.253928,37.723011],[-97.253607,37.723011],[-97.249851,37.723009],[-97.249154,37.723007],[-97.244601,37.723022],[-97.241706,37.723015],[-97.23975,37.723019],[-97.236293,37.723023],[-97.235616,37.723023],[-97.22913,37.723026],[-97.22626,37.723027],[-97.222324,37.723039],[-97.219389,37.723049],[-97.217094,37.723063],[-97.216089,37.723076],[-97.214575,37.723093],[-97.213317,37.723095],[-97.211567,37.7231],[-97.210538,37.723103],[-97.207943,37.72311],[-97.20352,37.723104],[-97.202566,37.723105],[-97.199567,37.723176],[-97.199353,37.723177],[-97.196543,37.723102],[-97.195956,37.723097],[-97.191627,37.723101],[-97.189781,37.723102],[-97.189657,37.723103],[-97.184093,37.72315],[-97.183557,37.723154],[-97.171333,37.723248],[-97.171085,37.723249],[-97.163624,37.723263],[-97.162155,37.723263],[-97.158755,37.723276],[-97.155727,37.723286],[-97.152941,37.723292],[-97.152927,37.726815],[-97.152919,37.727876],[-97.152914,37.728752],[-97.152914,37.730585],[-97.152879,37.7379],[-97.144407,37.737928],[-97.135243,37.737991],[-97.130656,37.738018],[-97.116891,37.738006],[-97.113577,37.738017],[-97.110233,37.738027],[-97.107761,37.738035],[-97.096828,37.738033],[-97.09636,37.73804],[-97.09685,37.741848],[-97.097604,37.743326],[-97.097628,37.751065],[-97.09763,37.752471],[-97.097662,37.75951],[-97.098616,37.759917],[-97.098751,37.767032],[-97.098732,37.781605],[-97.108048,37.781587],[-97.109404,37.781582],[-97.111493,37.781594],[-97.112576,37.781587],[-97.113407,37.781582],[-97.115798,37.781578],[-97.117035,37.781576],[-97.135418,37.781576],[-97.15311,37.781563],[-97.153112,37.788704],[-97.153142,37.795979],[-97.153142,37.796199],[-97.153263,37.810638],[-97.153283,37.812175],[-97.153418,37.820281],[-97.15345,37.825166],[-97.157926,37.825165],[-97.161408,37.825153],[-97.166146,37.825164],[-97.170483,37.825139],[-97.17176,37.825132],[-97.188828,37.825118],[-97.19008,37.825125],[-97.207761,37.825099],[-97.216016,37.825079],[-97.216674,37.825078],[-97.225422,37.825059],[-97.226707,37.825055],[-97.235939,37.825022],[-97.240714,37.825025],[-97.243753,37.825023],[-97.245046,37.825022],[-97.248333,37.825016],[-97.254609,37.825007],[-97.262076,37.825005],[-97.262733,37.825008],[-97.262679,37.814085],[-97.262681,37.810446],[-97.262672,37.809083],[-97.262602,37.800009],[-97.262602,37.798252],[-97.262599,37.797953],[-97.262587,37.796216],[-97.262584,37.795978],[-97.262572,37.794207],[-97.262566,37.792929],[-97.262551,37.788631],[-97.262524,37.781353],[-97.262496,37.775616],[-97.26249,37.774043],[-97.262485,37.771802],[-97.262483,37.771043],[-97.262482,37.769546],[-97.26248,37.768829],[-97.262481,37.768519],[-97.262478,37.766219],[-97.262471,37.764142],[-97.262468,37.763287],[-97.262465,37.762831],[-97.262462,37.762035],[-97.26246,37.761579],[-97.262451,37.760005],[-97.262428,37.757772],[-97.262423,37.756891]]]]}},{"type":"Feature","properties":{"id":86,"NAME":"86","text-color":"#000000","text-size":16,"labelx":-97.310459,"labely":37.661876,"TotalPop":24159,"PopDevPct":0.02790958,"DemPct":0.52916341,"RepPct":0.40656763,"WhitePct":0.56014621,"MinorityPct":0.43985379,"BlackPct":0.12821223,"HispanicPct":0.21937306,"PacificPct":0.00177226,"AsianPct":0.0542202,"NativePct":0.05200487,"TotalVAP":18056,"Margin":0.02916341,"color":"#0000f8","opacity":"0.5"},"geometry":{"type":"MultiPolygon","coordinates":[[[[-97.339405,37.649694],[-97.338096,37.649708],[-97.337451,37.649714],[-97.336777,37.649716],[-97.335535,37.64972],[-97.334243,37.649718],[-97.332883,37.649723],[-97.331568,37.649742],[-97.331111,37.649758],[-97.330307,37.649788],[-97.329193,37.6498],[-97.32885,37.649804],[-97.327618,37.649811],[-97.326421,37.649817],[-97.326343,37.649817],[-97.325078,37.649828],[-97.325011,37.649829],[-97.323843,37.649838],[-97.3237,37.64984],[-97.322715,37.649846],[-97.322385,37.649848],[-97.321595,37.649853],[-97.3213,37.649855],[-97.320488,37.64986],[-97.32035,37.64986],[-97.319387,37.649861],[-97.319312,37.64986],[-97.318352,37.649861],[-97.318218,37.649861],[-97.317117,37.649861],[-97.316032,37.649881],[-97.315578,37.649889],[-97.314913,37.649893],[-97.312526,37.649908],[-97.312242,37.64991],[-97.311407,37.649915],[-97.31056,37.64992],[-97.310247,37.649923],[-97.30998,37.649925],[-97.308594,37.649938],[-97.307928,37.649942],[-97.307272,37.649946],[-97.30564,37.64996],[-97.305093,37.649966],[-97.305003,37.649967],[-97.30389,37.649977],[-97.302596,37.649986],[-97.301528,37.649993],[-97.301282,37.649994],[-97.300031,37.650002],[-97.298746,37.65001],[-97.294725,37.650035],[-97.293069,37.650041],[-97.292663,37.650043],[-97.289962,37.650062],[-97.289687,37.650065],[-97.288755,37.650084],[-97.288332,37.650083],[-97.287287,37.650081],[-97.286136,37.65008],[-97.284997,37.650084],[-97.283901,37.650091],[-97.282702,37.650094],[-97.281615,37.650104],[-97.280407,37.650116],[-97.278332,37.65011],[-97.277132,37.650108],[-97.275914,37.650105],[-97.274872,37.650103],[-97.273818,37.650099],[-97.27202,37.651167],[-97.272021,37.653045],[-97.270324,37.655049],[-97.269794,37.656349],[-97.268603,37.65738],[-97.270131,37.657383],[-97.271284,37.657383],[-97.272307,37.657385],[-97.273269,37.657387],[-97.274251,37.657389],[-97.275199,37.657391],[-97.276196,37.657389],[-97.277164,37.657385],[-97.278128,37.657386],[-97.279226,37.657386],[-97.280428,37.657385],[-97.280434,37.658772],[-97.280435,37.661029],[-97.280419,37.663731],[-97.280422,37.664665],[-97.284153,37.664658],[-97.285797,37.664632],[-97.286698,37.664638],[-97.287276,37.664639],[-97.289638,37.664638],[-97.29197,37.664641],[-97.293089,37.66463],[-97.294235,37.664607],[-97.296664,37.664583],[-97.298811,37.664575],[-97.298818,37.665507],[-97.29883,37.666385],[-97.298836,37.667291],[-97.298836,37.668219],[-97.298838,37.669138],[-97.298839,37.669352],[-97.298842,37.670032],[-97.298846,37.671844],[-97.298855,37.673687],[-97.29886,37.675498],[-97.298843,37.677322],[-97.298854,37.679298],[-97.298856,37.679477],[-97.298867,37.680938],[-97.298904,37.682679],[-97.298907,37.682792],[-97.298936,37.68448],[-97.298937,37.684601],[-97.298945,37.685387],[-97.298955,37.6863],[-97.301222,37.686283],[-97.302348,37.686276],[-97.303489,37.686271],[-97.304653,37.686265],[-97.305789,37.686258],[-97.30694,37.68625],[-97.30776,37.686245],[-97.308046,37.686243],[-97.30939,37.686232],[-97.310685,37.686211],[-97.312017,37.686176],[-97.312764,37.686177],[-97.313038,37.686181],[-97.313423,37.686187],[-97.31472,37.686193],[-97.315562,37.686182],[-97.315985,37.686177],[-97.317248,37.686144],[-97.317239,37.68441],[-97.317229,37.682702],[-97.317222,37.681759],[-97.317214,37.680918],[-97.317211,37.67962],[-97.317208,37.678947],[-97.317207,37.67873],[-97.317204,37.67814],[-97.317202,37.677595],[-97.317201,37.676154],[-97.317187,37.674463],[-97.317196,37.673352],[-97.317194,37.671754],[-97.318344,37.671742],[-97.318507,37.671739],[-97.319483,37.671721],[-97.319816,37.671718],[-97.321167,37.671706],[-97.322398,37.671699],[-97.323516,37.671693],[-97.323724,37.671692],[-97.325017,37.671684],[-97.326351,37.671678],[-97.326345,37.669891],[-97.326344,37.669739],[-97.326048,37.668589],[-97.325765,37.668068],[-97.32372,37.664419],[-97.324097,37.664414],[-97.325056,37.664401],[-97.326373,37.664391],[-97.327639,37.664384],[-97.328938,37.664388],[-97.330259,37.66437],[-97.331568,37.664361],[-97.332883,37.664352],[-97.334188,37.664343],[-97.335511,37.664334],[-97.336783,37.664321],[-97.337417,37.664314],[-97.338108,37.664307],[-97.339407,37.664299],[-97.340675,37.664292],[-97.341959,37.66428],[-97.343237,37.664267],[-97.34449,37.664256],[-97.34524,37.664273],[-97.345754,37.664405],[-97.34623,37.664547],[-97.347926,37.660822],[-97.348761,37.657015],[-97.34867,37.656113],[-97.346717,37.651609],[-97.346193,37.651587],[-97.345257,37.651304],[-97.343242,37.650332],[-97.341067,37.649675],[-97.339405,37.649694]]]]}},{"type":"Feature","properties":{"id":87,"NAME":"87","text-color":"#000000","text-size":16,"labelx":-97.216139,"labely":37.696494,"TotalPop":23768,"PopDevPct":0.01127344,"DemPct":0.43146504,"RepPct":0.52413984,"WhitePct":0.69607791,"MinorityPct":0.30392209,"BlackPct":0.10340056,"HispanicPct":0.07588739,"PacificPct":0.00122399,"AsianPct":0.09802565,"NativePct":0.02889681,"TotalVAP":18791,"Margin":-0.06853496,"color":"#820000","opacity":"0.5"},"geometry":{"type":"MultiPolygon","coordinates":[[[[-97.244445,37.67197],[-97.24443,37.670042],[-97.244432,37.669512],[-97.235038,37.674022],[-97.234978,37.673908],[-97.234759,37.672338],[-97.233512,37.671392],[-97.232342,37.671855],[-97.231288,37.671853],[-97.230238,37.671857],[-97.228038,37.671861],[-97.226149,37.671867],[-97.226148,37.669858],[-97.226149,37.669083],[-97.226154,37.66655],[-97.226157,37.664661],[-97.22205,37.664674],[-97.221112,37.664679],[-97.219288,37.664686],[-97.218162,37.664687],[-97.214405,37.664707],[-97.214173,37.664708],[-97.212652,37.664713],[-97.207834,37.664722],[-97.205532,37.66473],[-97.201206,37.664737],[-97.200045,37.664726],[-97.198693,37.664727],[-97.197064,37.664729],[-97.19543,37.664732],[-97.193374,37.66474],[-97.191899,37.664746],[-97.189509,37.664753],[-97.189509,37.664935],[-97.189512,37.666126],[-97.189517,37.667261],[-97.189517,37.667332],[-97.18952,37.667974],[-97.189522,37.668758],[-97.189531,37.670784],[-97.189534,37.67421],[-97.189534,37.674384],[-97.189527,37.679068],[-97.189527,37.679151],[-97.189527,37.679251],[-97.189531,37.679292],[-97.189531,37.679356],[-97.189531,37.679432],[-97.189464,37.679432],[-97.189444,37.679432],[-97.189409,37.680626],[-97.18953,37.68051],[-97.189627,37.680415],[-97.189628,37.679709],[-97.189629,37.679452],[-97.189683,37.679451],[-97.189753,37.679451],[-97.189736,37.679843],[-97.189734,37.679881],[-97.189729,37.680315],[-97.189727,37.6805],[-97.189629,37.685049],[-97.189534,37.685024],[-97.18953,37.686626],[-97.18955,37.69395],[-97.189555,37.694924],[-97.189559,37.695498],[-97.18956,37.695775],[-97.189557,37.696748],[-97.189556,37.697628],[-97.189561,37.699011],[-97.189574,37.704226],[-97.189567,37.708541],[-97.189591,37.710508],[-97.189591,37.711498],[-97.189604,37.712369],[-97.189632,37.713743],[-97.189655,37.715068],[-97.18964,37.715597],[-97.189637,37.715696],[-97.189641,37.718967],[-97.18965,37.720758],[-97.189657,37.723103],[-97.189781,37.723102],[-97.191627,37.723101],[-97.195956,37.723097],[-97.196543,37.723102],[-97.199353,37.723177],[-97.199567,37.723176],[-97.202566,37.723105],[-97.20352,37.723104],[-97.207943,37.72311],[-97.210538,37.723103],[-97.211567,37.7231],[-97.213317,37.723095],[-97.214575,37.723093],[-97.216089,37.723076],[-97.217094,37.723063],[-97.219389,37.723049],[-97.222324,37.723039],[-97.22626,37.723027],[-97.22913,37.723026],[-97.235616,37.723023],[-97.236293,37.723023],[-97.23975,37.723019],[-97.241706,37.723015],[-97.244601,37.723022],[-97.249154,37.723007],[-97.249851,37.723009],[-97.253607,37.723011],[-97.253928,37.723011],[-97.259215,37.723004],[-97.260137,37.723004],[-97.262286,37.723004],[-97.262289,37.72151],[-97.262295,37.718549],[-97.262301,37.716234],[-97.262298,37.715551],[-97.262295,37.71487],[-97.262295,37.71399],[-97.262295,37.713682],[-97.262295,37.713116],[-97.26229,37.712229],[-97.262284,37.711368],[-97.262279,37.710484],[-97.262272,37.708419],[-97.262254,37.706401],[-97.262245,37.705527],[-97.262237,37.704655],[-97.262227,37.703774],[-97.262218,37.702896],[-97.262208,37.702015],[-97.262201,37.701109],[-97.262205,37.700176],[-97.262209,37.699273],[-97.262208,37.698411],[-97.262208,37.698358],[-97.262203,37.697517],[-97.262202,37.69745],[-97.262198,37.69669],[-97.262193,37.695843],[-97.26218,37.69382],[-97.262175,37.692901],[-97.262176,37.690671],[-97.262176,37.690156],[-97.257877,37.690174],[-97.253674,37.690186],[-97.253674,37.689597],[-97.253666,37.686535],[-97.253666,37.686494],[-97.253647,37.682835],[-97.254789,37.682726],[-97.254769,37.679759],[-97.254604,37.679679],[-97.254584,37.679472],[-97.253629,37.67947],[-97.25363,37.679309],[-97.253632,37.679069],[-97.252244,37.679066],[-97.25109,37.679085],[-97.250078,37.67907],[-97.247421,37.67906],[-97.244463,37.67906],[-97.24445,37.677328],[-97.244441,37.676466],[-97.244433,37.675632],[-97.244434,37.67482],[-97.244436,37.674005],[-97.244437,37.673812],[-97.24444,37.673209],[-97.244441,37.672898],[-97.244444,37.672367],[-97.244445,37.67197]]]]}},{"type":"Feature","properties":{"id":88,"NAME":"88","text-color":"#000000","text-size":16,"labelx":-97.150061,"labely":37.65049,"TotalPop":23527,"PopDevPct":0.00101944,"DemPct":0.48227391,"RepPct":0.46597836,"WhitePct":0.53123956,"MinorityPct":0.46876044,"BlackPct":0.17301481,"HispanicPct":0.10368638,"PacificPct":0.0034525,"AsianPct":0.16850429,"NativePct":0.03374541,"TotalVAP":17958,"Margin":-0.01772609,"color":"#9191ff","opacity":"0.5"},"geometry":{"type":"MultiPolygon","coordinates":[[[[-97.262134,37.664637],[-97.262135,37.663819],[-97.262136,37.662481],[-97.262132,37.660981],[-97.262133,37.658799],[-97.262134,37.657373],[-97.262133,37.65649],[-97.262133,37.656034],[-97.271336,37.650481],[-97.271975,37.650092],[-97.271748,37.650092],[-97.271338,37.650083],[-97.270936,37.650101],[-97.262025,37.650092],[-97.262121,37.642915],[-97.244471,37.642825],[-97.236419,37.642793],[-97.234513,37.642813],[-97.234502,37.640012],[-97.234868,37.639142],[-97.235357,37.63915],[-97.23534,37.637788],[-97.233698,37.637778],[-97.232931,37.637774],[-97.232931,37.636877],[-97.233678,37.636877],[-97.234345,37.635516],[-97.233647,37.635515],[-97.226268,37.635495],[-97.224564,37.635498],[-97.217621,37.63551],[-97.212223,37.635533],[-97.209063,37.63555],[-97.207936,37.635556],[-97.198908,37.635656],[-97.189637,37.635751],[-97.185127,37.635772],[-97.178245,37.635783],[-97.176767,37.635787],[-97.171638,37.635785],[-97.171369,37.635784],[-97.169054,37.635787],[-97.156748,37.635763],[-97.153048,37.635768],[-97.144616,37.635849],[-97.144416,37.635851],[-97.142296,37.635886],[-97.138042,37.635969],[-97.135815,37.636028],[-97.135465,37.636028],[-97.135449,37.637766],[-97.135442,37.638539],[-97.135373,37.645082],[-97.135372,37.645221],[-97.135339,37.650317],[-97.135351,37.653955],[-97.135338,37.657715],[-97.135326,37.659151],[-97.135309,37.66126],[-97.135307,37.66495],[-97.135326,37.666731],[-97.135307,37.669464],[-97.135305,37.67017],[-97.135296,37.670385],[-97.135325,37.671423],[-97.135293,37.674161],[-97.135294,37.674887],[-97.135287,37.677945],[-97.135306,37.679397],[-97.135299,37.679448],[-97.135295,37.679482],[-97.135292,37.679512],[-97.14425,37.679532],[-97.146217,37.67954],[-97.148435,37.679535],[-97.15305,37.679531],[-97.15305,37.679386],[-97.153019,37.676342],[-97.15303,37.672203],[-97.15315,37.672131],[-97.153118,37.666216],[-97.152946,37.664898],[-97.153268,37.664897],[-97.157429,37.664894],[-97.159238,37.664899],[-97.160133,37.664896],[-97.162908,37.664887],[-97.163711,37.664886],[-97.168083,37.664874],[-97.171295,37.664866],[-97.173625,37.664851],[-97.174812,37.664845],[-97.176368,37.66484],[-97.177578,37.664836],[-97.180445,37.664817],[-97.183172,37.664798],[-97.184152,37.664791],[-97.187568,37.664767],[-97.189509,37.664753],[-97.191899,37.664746],[-97.193374,37.66474],[-97.19543,37.664732],[-97.197064,37.664729],[-97.198693,37.664727],[-97.200045,37.664726],[-97.201206,37.664737],[-97.205532,37.66473],[-97.207834,37.664722],[-97.212652,37.664713],[-97.214173,37.664708],[-97.214405,37.664707],[-97.218162,37.664687],[-97.219288,37.664686],[-97.221112,37.664679],[-97.22205,37.664674],[-97.226157,37.664661],[-97.226154,37.66655],[-97.226149,37.669083],[-97.226148,37.669858],[-97.226149,37.671867],[-97.228038,37.671861],[-97.230238,37.671857],[-97.231288,37.671853],[-97.232342,37.671855],[-97.233512,37.671392],[-97.234759,37.672338],[-97.234978,37.673908],[-97.235038,37.674022],[-97.244432,37.669512],[-97.24443,37.670042],[-97.244445,37.67197],[-97.245586,37.671963],[-97.246727,37.671956],[-97.247276,37.671957],[-97.247867,37.671959],[-97.249011,37.67196],[-97.249716,37.671957],[-97.249907,37.671956],[-97.250109,37.671955],[-97.250303,37.671014],[-97.250198,37.670138],[-97.253588,37.670128],[-97.255336,37.670121],[-97.256362,37.670117],[-97.257398,37.670118],[-97.257916,37.670119],[-97.258439,37.670119],[-97.259473,37.670117],[-97.26053,37.670111],[-97.262134,37.670109],[-97.262132,37.66829],[-97.262132,37.666137],[-97.262134,37.664637]]]]}},{"type":"Feature","properties":{"id":89,"NAME":"89","text-color":"#000000","text-size":16,"labelx":-97.287281,"labely":37.744763,"TotalPop":24153,"PopDevPct":0.02765429,"DemPct":0.61325648,"RepPct":0.3432853,"WhitePct":0.47660558,"MinorityPct":0.52339442,"BlackPct":0.3245287,"HispanicPct":0.08974426,"PacificPct":0.00168041,"AsianPct":0.08848396,"NativePct":0.03266292,"TotalVAP":19043,"Margin":0.11325648,"color":"#000082","opacity":"0.5"},"geometry":{"type":"MultiPolygon","coordinates":[[[[-97.254115,37.7376],[-97.255475,37.737589],[-97.258343,37.73757],[-97.262298,37.737565],[-97.262319,37.739442],[-97.262324,37.73974],[-97.262356,37.742412],[-97.262363,37.743545],[-97.262295,37.745393],[-97.262295,37.745564],[-97.262377,37.747404],[-97.262391,37.747533],[-97.262393,37.749593],[-97.26238,37.752017],[-97.262381,37.752091],[-97.262382,37.752222],[-97.262398,37.754],[-97.262401,37.75432],[-97.262418,37.755814],[-97.262423,37.756891],[-97.262428,37.757772],[-97.262451,37.760005],[-97.26246,37.761579],[-97.262462,37.762035],[-97.262465,37.762831],[-97.262468,37.763287],[-97.262471,37.764142],[-97.262478,37.766219],[-97.262481,37.768519],[-97.26248,37.768829],[-97.262482,37.769546],[-97.262483,37.771043],[-97.262485,37.771802],[-97.26249,37.774043],[-97.262496,37.775616],[-97.262524,37.781353],[-97.268792,37.781374],[-97.271655,37.781369],[-97.275111,37.781349],[-97.276674,37.781343],[-97.276827,37.781343],[-97.280773,37.781321],[-97.280899,37.781321],[-97.283468,37.781308],[-97.287344,37.780787],[-97.287752,37.780787],[-97.287996,37.780788],[-97.290022,37.780958],[-97.290706,37.781137],[-97.294041,37.781343],[-97.295361,37.78134],[-97.295449,37.781339],[-97.2991,37.781334],[-97.299097,37.781135],[-97.299095,37.781037],[-97.29909,37.780721],[-97.29909,37.780438],[-97.299089,37.780176],[-97.299087,37.778923],[-97.29907,37.776532],[-97.299067,37.776154],[-97.299057,37.774923],[-97.299048,37.773689],[-97.299076,37.772536],[-97.299026,37.768493],[-97.299034,37.768248],[-97.299044,37.766892],[-97.299037,37.766769],[-97.300307,37.766764],[-97.301165,37.766755],[-97.301565,37.76675],[-97.306622,37.766731],[-97.307257,37.766733],[-97.30935,37.76674],[-97.310506,37.766744],[-97.312245,37.766744],[-97.312999,37.766745],[-97.31326,37.766748],[-97.314167,37.766762],[-97.314765,37.766771],[-97.317183,37.766798],[-97.317285,37.766799],[-97.317438,37.766799],[-97.317438,37.76664],[-97.317415,37.764771],[-97.317409,37.764447],[-97.317432,37.763758],[-97.317434,37.763199],[-97.317449,37.758039],[-97.31745,37.757621],[-97.317449,37.752178],[-97.317379,37.743639],[-97.317378,37.743427],[-97.317338,37.740771],[-97.318423,37.738794],[-97.318589,37.738577],[-97.318451,37.738284],[-97.317589,37.73628],[-97.317475,37.735954],[-97.31694,37.733616],[-97.316891,37.7308],[-97.317294,37.728598],[-97.317919,37.725583],[-97.318257,37.722665],[-97.317999,37.722664],[-97.315617,37.722682],[-97.314479,37.722686],[-97.31391,37.722683],[-97.313342,37.722685],[-97.312753,37.722689],[-97.312036,37.722693],[-97.310364,37.722702],[-97.310024,37.722704],[-97.308164,37.72271],[-97.305442,37.722728],[-97.30454,37.722736],[-97.304203,37.722737],[-97.303606,37.722739],[-97.303127,37.722741],[-97.302491,37.722744],[-97.301362,37.722747],[-97.299048,37.722765],[-97.299046,37.721886],[-97.299045,37.72106],[-97.299044,37.720277],[-97.29905,37.719496],[-97.299046,37.717376],[-97.299052,37.717002],[-97.29905,37.716646],[-97.299046,37.715513],[-97.298484,37.715516],[-97.297799,37.715521],[-97.29656,37.715526],[-97.295334,37.715539],[-97.294067,37.715544],[-97.292854,37.71555],[-97.290441,37.715571],[-97.289254,37.715578],[-97.288186,37.715581],[-97.287833,37.715582],[-97.285807,37.715598],[-97.280647,37.715627],[-97.280646,37.715449],[-97.280642,37.714839],[-97.280642,37.714784],[-97.280631,37.713817],[-97.280615,37.712102],[-97.280615,37.711957],[-97.280614,37.710137],[-97.280609,37.709239],[-97.280605,37.708356],[-97.27936,37.70836],[-97.278107,37.708364],[-97.276877,37.708368],[-97.275641,37.708372],[-97.274734,37.708375],[-97.274357,37.708377],[-97.273723,37.708379],[-97.272594,37.708382],[-97.271876,37.708385],[-97.270843,37.708388],[-97.269482,37.708391],[-97.269252,37.708392],[-97.267843,37.708395],[-97.267562,37.708396],[-97.266418,37.708398],[-97.265322,37.7084],[-97.264553,37.708405],[-97.262272,37.708419],[-97.262279,37.710484],[-97.262284,37.711368],[-97.26229,37.712229],[-97.262295,37.713116],[-97.262295,37.713682],[-97.262295,37.71399],[-97.262295,37.71487],[-97.262298,37.715551],[-97.262301,37.716234],[-97.262295,37.718549],[-97.262289,37.72151],[-97.262286,37.723004],[-97.260137,37.723004],[-97.259215,37.723004],[-97.253928,37.723011],[-97.253939,37.723614],[-97.254024,37.731948],[-97.253976,37.732002],[-97.254115,37.7376]]]]}},{"type":"Feature","properties":{"id":90,"NAME":"90","text-color":"#000000","text-size":16,"labelx":-97.508567,"labely":37.830444,"TotalPop":23547,"PopDevPct":0.0018704,"DemPct":0.27661057,"RepPct":0.6722095,"WhitePct":0.8569205,"MinorityPct":0.1430795,"BlackPct":0.02227011,"HispanicPct":0.0600455,"PacificPct":0.00155651,"AsianPct":0.02340757,"NativePct":0.03627874,"TotalVAP":16704,"Margin":-0.22338943,"color":"#f80d00","opacity":"0.5"},"geometry":{"type":"MultiPolygon","coordinates":[[[[-97.3583,37.825016],[-97.354561,37.825017],[-97.354363,37.825018],[-97.353706,37.82502],[-97.349772,37.82503],[-97.341422,37.825035],[-97.340572,37.82503],[-97.340493,37.82503],[-97.339254,37.825023],[-97.338557,37.825018],[-97.337456,37.825018],[-97.33646,37.825019],[-97.336322,37.825024],[-97.336142,37.82502],[-97.335989,37.825017],[-97.335902,37.825022],[-97.335903,37.825048],[-97.335898,37.82508],[-97.33568,37.825099],[-97.335375,37.825116],[-97.334552,37.825127],[-97.334084,37.825129],[-97.331189,37.825121],[-97.326672,37.825104],[-97.326385,37.825103],[-97.326103,37.825101],[-97.317819,37.825058],[-97.317471,37.825036],[-97.317066,37.825013],[-97.312257,37.825002],[-97.308425,37.82502],[-97.307901,37.825018],[-97.303362,37.825004],[-97.301005,37.825008],[-97.299385,37.825002],[-97.298795,37.824996],[-97.296748,37.824999],[-97.293234,37.825015],[-97.29017,37.825013],[-97.289619,37.825013],[-97.280732,37.825016],[-97.266405,37.825017],[-97.262733,37.825008],[-97.262076,37.825005],[-97.262214,37.833979],[-97.26234,37.839543],[-97.262394,37.844989],[-97.26257,37.854115],[-97.262628,37.857229],[-97.262772,37.86655],[-97.262799,37.868633],[-97.263132,37.883185],[-97.263373,37.897729],[-97.263471,37.904139],[-97.263186,37.912313],[-97.281518,37.912276],[-97.290581,37.912279],[-97.299882,37.912301],[-97.304355,37.912297],[-97.313798,37.912266],[-97.318223,37.912263],[-97.326505,37.912253],[-97.32681,37.912252],[-97.328327,37.912246],[-97.331736,37.912241],[-97.336593,37.912235],[-97.34122,37.912231],[-97.349724,37.91221],[-97.353219,37.912101],[-97.355012,37.912196],[-97.363531,37.912186],[-97.372001,37.912202],[-97.37202,37.912202],[-97.390379,37.91223],[-97.404215,37.912253],[-97.408745,37.912262],[-97.408869,37.912262],[-97.415468,37.91227],[-97.415468,37.911464],[-97.419137,37.911467],[-97.421683,37.911115],[-97.421966,37.912288],[-97.422239,37.912289],[-97.422505,37.912289],[-97.42203,37.910137],[-97.419711,37.906205],[-97.417969,37.903231],[-97.427057,37.903267],[-97.427106,37.909791],[-97.427109,37.911342],[-97.430259,37.911701],[-97.429413,37.912344],[-97.436365,37.912394],[-97.438644,37.91237],[-97.445169,37.912307],[-97.445402,37.912177],[-97.445457,37.912194],[-97.446135,37.912305],[-97.454177,37.912315],[-97.463784,37.912313],[-97.482017,37.91228],[-97.482045,37.91228],[-97.497101,37.912299],[-97.50041,37.912311],[-97.518805,37.9123],[-97.51884,37.912299],[-97.524487,37.912278],[-97.537021,37.912183],[-97.537298,37.912182],[-97.55539,37.912325],[-97.555404,37.912325],[-97.571447,37.91238],[-97.573735,37.912373],[-97.573757,37.912371],[-97.582682,37.912373],[-97.592073,37.912391],[-97.592083,37.897875],[-97.592063,37.887067],[-97.591937,37.883392],[-97.591806,37.875021],[-97.592156,37.867345],[-97.592143,37.866861],[-97.592133,37.866427],[-97.592036,37.862738],[-97.592101,37.854257],[-97.592122,37.848753],[-97.592121,37.847712],[-97.592112,37.847434],[-97.592099,37.839756],[-97.59212,37.832327],[-97.592121,37.825224],[-97.59138,37.825225],[-97.590263,37.825244],[-97.590248,37.823624],[-97.589868,37.810475],[-97.589832,37.807936],[-97.589674,37.793391],[-97.589625,37.786091],[-97.589601,37.778878],[-97.589591,37.776895],[-97.589598,37.769823],[-97.5896,37.764316],[-97.589458,37.749995],[-97.589456,37.735739],[-97.572014,37.735773],[-97.553707,37.73595],[-97.535471,37.736124],[-97.524663,37.736221],[-97.517282,37.736327],[-97.513362,37.736374],[-97.499113,37.736599],[-97.490055,37.736739],[-97.488512,37.736768],[-97.487884,37.736779],[-97.485672,37.736811],[-97.480957,37.736892],[-97.480784,37.736895],[-97.480684,37.736896],[-97.474202,37.737009],[-97.472398,37.73704],[-97.470174,37.737077],[-97.464626,37.737163],[-97.463826,37.737175],[-97.462809,37.737197],[-97.462687,37.7372],[-97.462627,37.737201],[-97.453436,37.737351],[-97.450993,37.737389],[-97.447103,37.737446],[-97.444479,37.737485],[-97.444496,37.738745],[-97.444509,37.739636],[-97.444548,37.742047],[-97.444551,37.742246],[-97.444598,37.744736],[-97.444602,37.745203],[-97.444622,37.747521],[-97.444673,37.751983],[-97.44375,37.751992],[-97.441361,37.752014],[-97.440682,37.75202],[-97.439432,37.752033],[-97.439198,37.752036],[-97.437102,37.75205],[-97.434476,37.75208],[-97.432063,37.752111],[-97.431442,37.752118],[-97.426277,37.752177],[-97.426483,37.759047],[-97.426495,37.759586],[-97.426336,37.759588],[-97.42634,37.759816],[-97.4265,37.759815],[-97.426511,37.760374],[-97.426465,37.761541],[-97.426456,37.761726],[-97.426555,37.766646],[-97.4266,37.770429],[-97.426611,37.771332],[-97.426624,37.77224],[-97.426634,37.773151],[-97.426642,37.77408],[-97.426706,37.78028],[-97.426717,37.78141],[-97.426714,37.789613],[-97.426721,37.790989],[-97.426756,37.796021],[-97.426848,37.803314],[-97.426901,37.807113],[-97.426938,37.80964],[-97.426942,37.810006],[-97.426954,37.811143],[-97.426902,37.818137],[-97.426885,37.824968],[-97.416153,37.824967],[-97.413733,37.824857],[-97.408648,37.824954],[-97.406361,37.824963],[-97.404656,37.82497],[-97.399507,37.824978],[-97.399488,37.824978],[-97.399071,37.824978],[-97.397685,37.824975],[-97.396578,37.824974],[-97.395972,37.824973],[-97.394818,37.824972],[-97.391627,37.824976],[-97.390319,37.824976],[-97.38134,37.825],[-97.381158,37.825002],[-97.371995,37.825018],[-97.370998,37.82502],[-97.370663,37.825021],[-97.370444,37.825021],[-97.367163,37.82502],[-97.363518,37.825018],[-97.362753,37.825018],[-97.358527,37.825016],[-97.3583,37.825016]]]]}},{"type":"Feature","properties":{"id":91,"NAME":"91","text-color":"#000000","text-size":16,"labelx":-97.390008,"labely":37.788267,"TotalPop":24248,"PopDevPct":0.03169633,"DemPct":0.33285038,"RepPct":0.61344538,"WhitePct":0.80247668,"MinorityPct":0.19752332,"BlackPct":0.04087072,"HispanicPct":0.08546202,"PacificPct":0.00138827,"AsianPct":0.03315193,"NativePct":0.03798312,"TotalVAP":18008,"Margin":-0.16714962,"color":"#f80d00","opacity":"0.5"},"geometry":{"type":"MultiPolygon","coordinates":[[[[-97.381158,37.825002],[-97.38134,37.825],[-97.390319,37.824976],[-97.391627,37.824976],[-97.394818,37.824972],[-97.395972,37.824973],[-97.396578,37.824974],[-97.397685,37.824975],[-97.399071,37.824978],[-97.399488,37.824978],[-97.399507,37.824978],[-97.404656,37.82497],[-97.406361,37.824963],[-97.408648,37.824954],[-97.413733,37.824857],[-97.416153,37.824967],[-97.426885,37.824968],[-97.426902,37.818137],[-97.426954,37.811143],[-97.426942,37.810006],[-97.426938,37.80964],[-97.426901,37.807113],[-97.426848,37.803314],[-97.426756,37.796021],[-97.426721,37.790989],[-97.426714,37.789613],[-97.426717,37.78141],[-97.426706,37.78028],[-97.426642,37.77408],[-97.426634,37.773151],[-97.426624,37.77224],[-97.426611,37.771332],[-97.4266,37.770429],[-97.426555,37.766646],[-97.426456,37.761726],[-97.426465,37.761541],[-97.426511,37.760374],[-97.4265,37.759815],[-97.42634,37.759816],[-97.426336,37.759588],[-97.426495,37.759586],[-97.426483,37.759047],[-97.426277,37.752177],[-97.431442,37.752118],[-97.432063,37.752111],[-97.434476,37.75208],[-97.437102,37.75205],[-97.439198,37.752036],[-97.439432,37.752033],[-97.440682,37.75202],[-97.441361,37.752014],[-97.44375,37.751992],[-97.444673,37.751983],[-97.444622,37.747521],[-97.444602,37.745203],[-97.444598,37.744736],[-97.444551,37.742246],[-97.444548,37.742047],[-97.444509,37.739636],[-97.444496,37.738745],[-97.444479,37.737485],[-97.444355,37.737486],[-97.444313,37.737486],[-97.441125,37.737508],[-97.440117,37.737516],[-97.438563,37.737547],[-97.437382,37.737571],[-97.437068,37.737578],[-97.435358,37.737607],[-97.432236,37.737625],[-97.430836,37.737638],[-97.430545,37.737641],[-97.428845,37.737649],[-97.428563,37.737651],[-97.427701,37.737658],[-97.426231,37.73768],[-97.424231,37.737711],[-97.42013,37.737744],[-97.418805,37.737757],[-97.417141,37.737772],[-97.411991,37.737792],[-97.408005,37.737811],[-97.40526,37.73782],[-97.39892,37.73784],[-97.398876,37.73784],[-97.390056,37.737868],[-97.389958,37.737868],[-97.389941,37.737868],[-97.389821,37.737869],[-97.389739,37.737869],[-97.383218,37.737759],[-97.382258,37.737745],[-97.381658,37.737737],[-97.377826,37.737657],[-97.376129,37.737622],[-97.375459,37.737606],[-97.375259,37.737623],[-97.374935,37.737584],[-97.374862,37.739036],[-97.37487,37.740086],[-97.374876,37.740718],[-97.374952,37.75279],[-97.373873,37.755297],[-97.37343,37.755398],[-97.370612,37.756113],[-97.370029,37.752197],[-97.368375,37.7522],[-97.36726,37.7522],[-97.367096,37.7522],[-97.366114,37.7522],[-97.365597,37.752199],[-97.363849,37.752203],[-97.363164,37.752205],[-97.36162,37.752206],[-97.360725,37.752218],[-97.36048,37.75222],[-97.359281,37.750254],[-97.351968,37.753485],[-97.350113,37.754247],[-97.348162,37.754933],[-97.346367,37.756333],[-97.345953,37.756541],[-97.344933,37.756486],[-97.340043,37.75656],[-97.336362,37.757427],[-97.335692,37.757602],[-97.335485,37.757656],[-97.329697,37.759166],[-97.326717,37.760056],[-97.323326,37.761628],[-97.32096,37.762742],[-97.317409,37.764447],[-97.317415,37.764771],[-97.317438,37.76664],[-97.317438,37.766799],[-97.317285,37.766799],[-97.317183,37.766798],[-97.314765,37.766771],[-97.314167,37.766762],[-97.31326,37.766748],[-97.312999,37.766745],[-97.312245,37.766744],[-97.310506,37.766744],[-97.30935,37.76674],[-97.307257,37.766733],[-97.306622,37.766731],[-97.301565,37.76675],[-97.301165,37.766755],[-97.300307,37.766764],[-97.299037,37.766769],[-97.299044,37.766892],[-97.299034,37.768248],[-97.299026,37.768493],[-97.299076,37.772536],[-97.299048,37.773689],[-97.299057,37.774923],[-97.299067,37.776154],[-97.29907,37.776532],[-97.299087,37.778923],[-97.299089,37.780176],[-97.29909,37.780438],[-97.29909,37.780721],[-97.299095,37.781037],[-97.299097,37.781135],[-97.2991,37.781334],[-97.295449,37.781339],[-97.295361,37.78134],[-97.294041,37.781343],[-97.290706,37.781137],[-97.290022,37.780958],[-97.287996,37.780788],[-97.287752,37.780787],[-97.287344,37.780787],[-97.283468,37.781308],[-97.280899,37.781321],[-97.280773,37.781321],[-97.276827,37.781343],[-97.276674,37.781343],[-97.275111,37.781349],[-97.271655,37.781369],[-97.268792,37.781374],[-97.262524,37.781353],[-97.262551,37.788631],[-97.262566,37.792929],[-97.262572,37.794207],[-97.262584,37.795978],[-97.262587,37.796216],[-97.262599,37.797953],[-97.262602,37.798252],[-97.262602,37.800009],[-97.262672,37.809083],[-97.262681,37.810446],[-97.262679,37.814085],[-97.262733,37.825008],[-97.266405,37.825017],[-97.280732,37.825016],[-97.289619,37.825013],[-97.29017,37.825013],[-97.293234,37.825015],[-97.296748,37.824999],[-97.298795,37.824996],[-97.299385,37.825002],[-97.301005,37.825008],[-97.303362,37.825004],[-97.307901,37.825018],[-97.308425,37.82502],[-97.312257,37.825002],[-97.317066,37.825013],[-97.317471,37.825036],[-97.317819,37.825058],[-97.326103,37.825101],[-97.326385,37.825103],[-97.326672,37.825104],[-97.331189,37.825121],[-97.334084,37.825129],[-97.334552,37.825127],[-97.335375,37.825116],[-97.33568,37.825099],[-97.335898,37.82508],[-97.335903,37.825048],[-97.335902,37.825022],[-97.335989,37.825017],[-97.336142,37.82502],[-97.336322,37.825024],[-97.33646,37.825019],[-97.337456,37.825018],[-97.338557,37.825018],[-97.339254,37.825023],[-97.340493,37.82503],[-97.340572,37.82503],[-97.341422,37.825035],[-97.349772,37.82503],[-97.353706,37.82502],[-97.354363,37.825018],[-97.354561,37.825017],[-97.3583,37.825016],[-97.358527,37.825016],[-97.362753,37.825018],[-97.363518,37.825018],[-97.367163,37.82502],[-97.370444,37.825021],[-97.370663,37.825021],[-97.370998,37.82502],[-97.371995,37.825018],[-97.381158,37.825002]]]]}},{"type":"Feature","properties":{"id":92,"NAME":"92","text-color":"#000000","text-size":16,"labelx":-97.3667,"labely":37.709592,"TotalPop":23647,"PopDevPct":0.00612517,"DemPct":0.53653763,"RepPct":0.41137451,"WhitePct":0.6558661,"MinorityPct":0.3441339,"BlackPct":0.05396706,"HispanicPct":0.23104984,"PacificPct":0.00236039,"AsianPct":0.01995601,"NativePct":0.04651038,"TotalVAP":18641,"Margin":0.03653763,"color":"#0000f8","opacity":"0.5"},"geometry":{"type":"MultiPolygon","coordinates":[[[[-97.335577,37.708052],[-97.335574,37.7099],[-97.335566,37.71168],[-97.335561,37.713145],[-97.335554,37.713482],[-97.335562,37.714393],[-97.335568,37.715337],[-97.335578,37.717136],[-97.3368,37.717135],[-97.337599,37.717135],[-97.337667,37.717135],[-97.338015,37.717136],[-97.339248,37.717128],[-97.340757,37.717119],[-97.341992,37.717111],[-97.343258,37.717102],[-97.344734,37.717092],[-97.345411,37.717089],[-97.345576,37.717087],[-97.345735,37.717087],[-97.346072,37.718438],[-97.347511,37.720214],[-97.350808,37.72266],[-97.351765,37.722891],[-97.353164,37.722292],[-97.353906,37.722011],[-97.357195,37.721529],[-97.358391,37.72263],[-97.358858,37.726388],[-97.360079,37.730007],[-97.359822,37.732344],[-97.358514,37.733045],[-97.355413,37.732897],[-97.353714,37.733761],[-97.353383,37.734828],[-97.354072,37.735874],[-97.356958,37.737535],[-97.358392,37.739207],[-97.358399,37.740139],[-97.357002,37.74194],[-97.35348,37.744366],[-97.35286,37.745173],[-97.352945,37.746821],[-97.354508,37.74749],[-97.356738,37.747022],[-97.359723,37.747746],[-97.360987,37.749338],[-97.359281,37.750254],[-97.36048,37.75222],[-97.360725,37.752218],[-97.36162,37.752206],[-97.363164,37.752205],[-97.363849,37.752203],[-97.365597,37.752199],[-97.366114,37.7522],[-97.367096,37.7522],[-97.36726,37.7522],[-97.368375,37.7522],[-97.370029,37.752197],[-97.370612,37.756113],[-97.37343,37.755398],[-97.373873,37.755297],[-97.374952,37.75279],[-97.374876,37.740718],[-97.37487,37.740086],[-97.374862,37.739036],[-97.374935,37.737584],[-97.375864,37.735405],[-97.376957,37.734222],[-97.380518,37.731532],[-97.383074,37.729287],[-97.386229,37.725937],[-97.386487,37.725661],[-97.38682,37.725305],[-97.386619,37.725136],[-97.384281,37.723232],[-97.380683,37.720503],[-97.380632,37.71768],[-97.380609,37.715869],[-97.381922,37.715888],[-97.381924,37.71414],[-97.381903,37.712334],[-97.38286,37.712346],[-97.382948,37.712348],[-97.384001,37.71236],[-97.385135,37.712371],[-97.386326,37.712381],[-97.387534,37.712391],[-97.388513,37.712402],[-97.389691,37.712411],[-97.389684,37.711419],[-97.38968,37.711015],[-97.389663,37.70881],[-97.389663,37.707561],[-97.389664,37.705795],[-97.389667,37.705024],[-97.389668,37.704654],[-97.389669,37.704296],[-97.389674,37.703368],[-97.389673,37.702487],[-97.389672,37.70157],[-97.389634,37.700194],[-97.389595,37.698769],[-97.389589,37.698539],[-97.389562,37.697556],[-97.389531,37.696507],[-97.389486,37.694776],[-97.386852,37.694798],[-97.386106,37.694805],[-97.385814,37.694807],[-97.385,37.694814],[-97.384659,37.694817],[-97.383452,37.694828],[-97.382211,37.694838],[-97.380397,37.694849],[-97.379323,37.694856],[-97.379279,37.694856],[-97.379156,37.694856],[-97.378139,37.694864],[-97.377019,37.694871],[-97.375918,37.694875],[-97.374808,37.694878],[-97.373689,37.694886],[-97.372525,37.694901],[-97.371355,37.694906],[-97.370616,37.694849],[-97.370232,37.694706],[-97.366724,37.692518],[-97.366433,37.692388],[-97.363299,37.691723],[-97.361599,37.691704],[-97.358964,37.691984],[-97.357701,37.691744],[-97.356555,37.691486],[-97.355431,37.691234],[-97.354274,37.690974],[-97.353094,37.690711],[-97.353097,37.691059],[-97.353099,37.691255],[-97.353103,37.691712],[-97.352845,37.693198],[-97.354052,37.694312],[-97.355046,37.695053],[-97.355197,37.69574],[-97.354715,37.696488],[-97.353982,37.696809],[-97.353347,37.696947],[-97.351366,37.696311],[-97.348875,37.695403],[-97.347343,37.695059],[-97.3447,37.696122],[-97.344292,37.697501],[-97.343247,37.697497],[-97.342997,37.697498],[-97.342717,37.697501],[-97.341728,37.697507],[-97.340663,37.697513],[-97.339427,37.697521],[-97.338158,37.697528],[-97.338155,37.698882],[-97.338147,37.700279],[-97.33814,37.702544],[-97.33814,37.702851],[-97.338141,37.704429],[-97.338128,37.706246],[-97.338564,37.708046],[-97.338205,37.708046],[-97.337589,37.708047],[-97.336861,37.708049],[-97.335577,37.708052]]]]}},{"type":"Feature","properties":{"id":93,"NAME":"93","text-color":"#000000","text-size":16,"labelx":-97.589156,"labely":37.562357,"TotalPop":22688,"PopDevPct":-0.03467807,"DemPct":0.25431743,"RepPct":0.69397615,"WhitePct":0.88803979,"MinorityPct":0.11196021,"BlackPct":0.01097768,"HispanicPct":0.03936196,"PacificPct":0.00127365,"AsianPct":0.01570839,"NativePct":0.04021106,"TotalVAP":16488,"Margin":-0.24568257,"color":"#f80d00","opacity":"0.5"},"geometry":{"type":"MultiPolygon","coordinates":[[[[-97.47815,37.475761],[-97.460887,37.475818],[-97.459866,37.475827],[-97.441704,37.476102],[-97.433708,37.476249],[-97.429577,37.476303],[-97.423533,37.476411],[-97.405316,37.476668],[-97.39958,37.476752],[-97.38718,37.476993],[-97.387105,37.476995],[-97.374375,37.477229],[-97.372925,37.477252],[-97.371605,37.477261],[-97.370965,37.477265],[-97.369751,37.477273],[-97.369013,37.477274],[-97.366335,37.477241],[-97.364427,37.477213],[-97.358419,37.477133],[-97.350789,37.477031],[-97.341686,37.476898],[-97.332597,37.476766],[-97.328698,37.476707],[-97.323467,37.476632],[-97.322982,37.476623],[-97.322877,37.476621],[-97.322833,37.47662],[-97.314389,37.476469],[-97.305307,37.476316],[-97.303828,37.476291],[-97.296238,37.476154],[-97.281383,37.475874],[-97.278025,37.475819],[-97.277805,37.475817],[-97.275478,37.475787],[-97.264873,37.475603],[-97.262953,37.475576],[-97.261774,37.475556],[-97.261612,37.475553],[-97.26084,37.47554],[-97.261114,37.476313],[-97.260047,37.48247],[-97.260267,37.485894],[-97.260242,37.489542],[-97.258956,37.492233],[-97.258739,37.49488],[-97.258954,37.498988],[-97.259383,37.499893],[-97.260629,37.502833],[-97.263502,37.505876],[-97.266922,37.508838],[-97.268324,37.5095],[-97.270613,37.510178],[-97.274964,37.509092],[-97.277999,37.509649],[-97.280038,37.511527],[-97.280263,37.512436],[-97.279229,37.515946],[-97.276588,37.519641],[-97.276842,37.520511],[-97.2769,37.521928],[-97.277749,37.525673],[-97.278175,37.529403],[-97.277857,37.531934],[-97.275593,37.535373],[-97.275881,37.535377],[-97.276032,37.535203],[-97.288208,37.535339],[-97.297444,37.535319],[-97.3156,37.535246],[-97.315632,37.535246],[-97.315632,37.535273],[-97.315622,37.537292],[-97.315616,37.53858],[-97.315605,37.540323],[-97.315595,37.544682],[-97.315599,37.546214],[-97.315602,37.549879],[-97.317903,37.549873],[-97.320189,37.549865],[-97.322356,37.549856],[-97.322494,37.549859],[-97.325704,37.549846],[-97.325857,37.549845],[-97.333933,37.549809],[-97.337624,37.54984],[-97.338875,37.549846],[-97.33966,37.54985],[-97.339658,37.549929],[-97.339659,37.553522],[-97.338797,37.553519],[-97.338384,37.555542],[-97.338462,37.563465],[-97.339194,37.564402],[-97.339745,37.5644],[-97.339787,37.5644],[-97.343667,37.564381],[-97.344104,37.564379],[-97.346074,37.564371],[-97.34687,37.564367],[-97.348196,37.564363],[-97.350181,37.564356],[-97.350759,37.564356],[-97.351044,37.564356],[-97.351616,37.564354],[-97.352228,37.564351],[-97.353846,37.564347],[-97.354365,37.564345],[-97.354836,37.564345],[-97.355268,37.564344],[-97.35566,37.564343],[-97.356894,37.56434],[-97.358302,37.564335],[-97.359625,37.564332],[-97.360768,37.56433],[-97.361893,37.564327],[-97.36303,37.564322],[-97.364189,37.564318],[-97.365326,37.564313],[-97.366459,37.56431],[-97.367658,37.564305],[-97.370441,37.564292],[-97.370454,37.566939],[-97.370457,37.567491],[-97.37046,37.567923],[-97.370474,37.571101],[-97.37048,37.572814],[-97.37049,37.575369],[-97.370501,37.578787],[-97.370502,37.580403],[-97.370502,37.582151],[-97.370519,37.593333],[-97.375065,37.59332],[-97.379628,37.593301],[-97.380552,37.593297],[-97.382852,37.593266],[-97.38877,37.593269],[-97.396683,37.593266],[-97.407112,37.593146],[-97.409706,37.593145],[-97.416279,37.593064],[-97.425738,37.592984],[-97.443889,37.592747],[-97.452988,37.592649],[-97.46187,37.59253],[-97.462167,37.592525],[-97.470697,37.592587],[-97.472655,37.592503],[-97.480015,37.591995],[-97.480101,37.599274],[-97.480114,37.600557],[-97.480177,37.606511],[-97.4802,37.609541],[-97.480261,37.615],[-97.480295,37.620397],[-97.480301,37.621022],[-97.480348,37.628277],[-97.480355,37.628983],[-97.480367,37.63017],[-97.480372,37.630604],[-97.480374,37.630827],[-97.480416,37.635511],[-97.480454,37.639159],[-97.4806,37.644887],[-97.48081,37.64904],[-97.480852,37.65001],[-97.480854,37.65015],[-97.480853,37.650214],[-97.480842,37.650978],[-97.48083,37.651819],[-97.480805,37.653054],[-97.480782,37.654211],[-97.480754,37.655582],[-97.480746,37.656033],[-97.480739,37.656527],[-97.480728,37.657259],[-97.480706,37.658502],[-97.480677,37.660298],[-97.480668,37.660783],[-97.480608,37.664008],[-97.480608,37.664432],[-97.480607,37.66458],[-97.480607,37.664746],[-97.480617,37.66855],[-97.480622,37.669634],[-97.480629,37.670827],[-97.480632,37.671721],[-97.480639,37.673922],[-97.48065,37.677658],[-97.480654,37.678994],[-97.482487,37.678965],[-97.485712,37.678909],[-97.487194,37.678883],[-97.488371,37.678864],[-97.490168,37.678833],[-97.492566,37.678802],[-97.493855,37.678782],[-97.498636,37.678706],[-97.498819,37.67469],[-97.498441,37.674193],[-97.498293,37.673453],[-97.498576,37.672745],[-97.498634,37.671422],[-97.498636,37.666843],[-97.498637,37.666247],[-97.498638,37.66467],[-97.498635,37.664488],[-97.498634,37.66435],[-97.512026,37.664253],[-97.515111,37.664224],[-97.516703,37.664229],[-97.516706,37.664078],[-97.516677,37.662626],[-97.516677,37.662599],[-97.516677,37.662158],[-97.516676,37.660152],[-97.518309,37.660069],[-97.534843,37.658101],[-97.534841,37.657991],[-97.534828,37.656858],[-97.534797,37.649904],[-97.546048,37.649798],[-97.553009,37.649733],[-97.555822,37.649689],[-97.561527,37.649604],[-97.564469,37.649581],[-97.565451,37.649577],[-97.570716,37.649594],[-97.57128,37.649606],[-97.574844,37.649611],[-97.576209,37.649607],[-97.578164,37.6496],[-97.579282,37.649596],[-97.580393,37.649593],[-97.581069,37.649591],[-97.589182,37.649556],[-97.607489,37.649427],[-97.625767,37.649078],[-97.644028,37.648673],[-97.66012,37.648831],[-97.66144,37.648831],[-97.670234,37.648663],[-97.679776,37.648505],[-97.682973,37.648467],[-97.684047,37.648454],[-97.684266,37.648452],[-97.697726,37.648281],[-97.700604,37.648206],[-97.71626,37.647812],[-97.723043,37.647731],[-97.726139,37.647682],[-97.734787,37.647583],[-97.753342,37.647269],[-97.768265,37.647205],[-97.771867,37.647182],[-97.775493,37.647146],[-97.776394,37.647143],[-97.780974,37.647099],[-97.782069,37.647085],[-97.783003,37.647079],[-97.787964,37.647033],[-97.790144,37.646998],[-97.808348,37.646788],[-97.808245,37.632664],[-97.808157,37.623438],[-97.808105,37.618483],[-97.808073,37.604329],[-97.808216,37.595073],[-97.808159,37.589334],[-97.808141,37.588508],[-97.808083,37.585858],[-97.808031,37.576212],[-97.807819,37.575781],[-97.807722,37.561821],[-97.807696,37.547305],[-97.807663,37.532773],[-97.80766,37.518209],[-97.807608,37.503703],[-97.807602,37.502486],[-97.807566,37.488906],[-97.8076,37.474184],[-97.789268,37.474259],[-97.770977,37.474299],[-97.752647,37.474375],[-97.734312,37.474414],[-97.72908,37.474403],[-97.725064,37.474411],[-97.715996,37.474429],[-97.697704,37.474509],[-97.679386,37.47464],[-97.673364,37.474699],[-97.670049,37.474717],[-97.661081,37.474772],[-97.642969,37.474861],[-97.624521,37.474985],[-97.606595,37.475067],[-97.606202,37.475072],[-97.597139,37.475117],[-97.587794,37.475166],[-97.569532,37.475281],[-97.551237,37.475322],[-97.540608,37.475444],[-97.532442,37.475446],[-97.514691,37.475556],[-97.499199,37.475726],[-97.496609,37.475642],[-97.488837,37.475413],[-97.486689,37.475345],[-97.484222,37.475376],[-97.47815,37.475761]]]]}},{"type":"Feature","properties":{"id":94,"NAME":"94","text-color":"#000000","text-size":16,"labelx":-97.501456,"labely":37.71487,"TotalPop":23075,"PopDevPct":-0.01821211,"DemPct":0.33745723,"RepPct":0.61288058,"WhitePct":0.83213608,"MinorityPct":0.16786392,"BlackPct":0.02459629,"HispanicPct":0.07769668,"PacificPct":0.00166657,"AsianPct":0.02884892,"NativePct":0.03413597,"TotalVAP":17401,"Margin":-0.16254277,"color":"#820000","opacity":"0.5"},"geometry":{"type":"MultiPolygon","coordinates":[[[[-97.481075,37.724232],[-97.481074,37.725156],[-97.481065,37.726077],[-97.481042,37.729655],[-97.481027,37.731327],[-97.481011,37.732844],[-97.481001,37.733936],[-97.480959,37.736695],[-97.480959,37.736718],[-97.480958,37.736816],[-97.480957,37.736892],[-97.485672,37.736811],[-97.487884,37.736779],[-97.488512,37.736768],[-97.490055,37.736739],[-97.499113,37.736599],[-97.513362,37.736374],[-97.517282,37.736327],[-97.524663,37.736221],[-97.535471,37.736124],[-97.535385,37.72164],[-97.535271,37.707143],[-97.535043,37.700593],[-97.534979,37.693039],[-97.524706,37.693127],[-97.516841,37.693105],[-97.507807,37.69315],[-97.498733,37.693193],[-97.492977,37.693257],[-97.489631,37.6933],[-97.488441,37.693321],[-97.486036,37.693376],[-97.485816,37.693381],[-97.482977,37.693448],[-97.48068,37.693493],[-97.480651,37.690913],[-97.480678,37.689609],[-97.480671,37.688334],[-97.480662,37.686689],[-97.480662,37.685823],[-97.480663,37.684934],[-97.480666,37.684008],[-97.480667,37.682251],[-97.480664,37.680841],[-97.480654,37.678994],[-97.48065,37.677658],[-97.480639,37.673922],[-97.480632,37.671721],[-97.480629,37.670827],[-97.480622,37.669634],[-97.480617,37.66855],[-97.480607,37.664746],[-97.480607,37.66458],[-97.480608,37.664432],[-97.480608,37.664008],[-97.480668,37.660783],[-97.480677,37.660298],[-97.480706,37.658502],[-97.480728,37.657259],[-97.480739,37.656527],[-97.480746,37.656033],[-97.480754,37.655582],[-97.480782,37.654211],[-97.480805,37.653054],[-97.48083,37.651819],[-97.480842,37.650978],[-97.480853,37.650214],[-97.480854,37.65015],[-97.480852,37.65001],[-97.480714,37.650012],[-97.475922,37.650099],[-97.473303,37.650152],[-97.472391,37.65017],[-97.471505,37.650188],[-97.471021,37.650198],[-97.469669,37.650217],[-97.468771,37.650228],[-97.46647,37.650254],[-97.466473,37.650416],[-97.466498,37.651585],[-97.466512,37.652225],[-97.466536,37.653386],[-97.466551,37.654112],[-97.466581,37.655697],[-97.466602,37.656732],[-97.466607,37.65748],[-97.466548,37.658695],[-97.46659,37.660961],[-97.466593,37.661154],[-97.46663,37.663513],[-97.466636,37.664436],[-97.462209,37.664754],[-97.462212,37.664983],[-97.462216,37.665214],[-97.462219,37.665422],[-97.462242,37.666988],[-97.462275,37.669243],[-97.462308,37.671399],[-97.46232,37.672088],[-97.462332,37.672654],[-97.462379,37.67473],[-97.462423,37.676802],[-97.462463,37.678288],[-97.462494,37.67928],[-97.462533,37.681455],[-97.462555,37.682344],[-97.462639,37.685473],[-97.462656,37.686332],[-97.462764,37.690581],[-97.462791,37.691579],[-97.462834,37.693736],[-97.462772,37.695441],[-97.462588,37.698655],[-97.462459,37.701949],[-97.462487,37.702759],[-97.462522,37.703915],[-97.462653,37.708282],[-97.46267,37.710366],[-97.462674,37.71326],[-97.462678,37.714137],[-97.462676,37.71551],[-97.462676,37.715911],[-97.462676,37.715933],[-97.46267,37.718638],[-97.462667,37.720847],[-97.462666,37.722709],[-97.468364,37.722617],[-97.470332,37.72259],[-97.472403,37.722555],[-97.473416,37.722535],[-97.473799,37.722527],[-97.47664,37.722472],[-97.477177,37.722461],[-97.479309,37.722415],[-97.481103,37.722383],[-97.481075,37.724232]]]]}},{"type":"Feature","properties":{"id":95,"NAME":"95","text-color":"#000000","text-size":16,"labelx":-97.372033,"labely":37.672261,"TotalPop":23956,"PopDevPct":0.0192724,"DemPct":0.47456227,"RepPct":0.46052197,"WhitePct":0.64478032,"MinorityPct":0.35521968,"BlackPct":0.08050274,"HispanicPct":0.19708543,"PacificPct":0.00297958,"AsianPct":0.02497427,"NativePct":0.06165014,"TotalVAP":18459,"Margin":-0.02543773,"color":"#000082","opacity":"0.5"},"geometry":{"type":"MultiPolygon","coordinates":[[[[-97.375918,37.694875],[-97.377019,37.694871],[-97.378139,37.694864],[-97.379156,37.694856],[-97.379279,37.694856],[-97.379323,37.694856],[-97.380397,37.694849],[-97.382211,37.694838],[-97.383452,37.694828],[-97.384659,37.694817],[-97.385,37.694814],[-97.385814,37.694807],[-97.386106,37.694805],[-97.386852,37.694798],[-97.389486,37.694776],[-97.389428,37.691305],[-97.389426,37.691162],[-97.389399,37.689353],[-97.389384,37.68754],[-97.389381,37.684649],[-97.389381,37.683907],[-97.390576,37.683886],[-97.391677,37.683874],[-97.392836,37.683866],[-97.393962,37.683854],[-97.395115,37.683841],[-97.396258,37.683828],[-97.397392,37.683816],[-97.398581,37.683805],[-97.400104,37.683812],[-97.40161,37.683793],[-97.403137,37.683776],[-97.404633,37.683757],[-97.406148,37.683736],[-97.407291,37.683754],[-97.407617,37.683716],[-97.407996,37.683714],[-97.404934,37.680111],[-97.402704,37.677417],[-97.401701,37.674996],[-97.401545,37.673279],[-97.401541,37.673217],[-97.40154,37.673179],[-97.401494,37.672171],[-97.401334,37.668043],[-97.401276,37.655926],[-97.400829,37.652555],[-97.400033,37.649509],[-97.398926,37.64669],[-97.398856,37.646546],[-97.398601,37.64668],[-97.389135,37.651636],[-97.389126,37.651056],[-97.386231,37.651288],[-97.379887,37.651316],[-97.377737,37.651325],[-97.376958,37.651329],[-97.375442,37.651336],[-97.373955,37.651348],[-97.373178,37.651354],[-97.370878,37.651375],[-97.368643,37.651387],[-97.368527,37.651387],[-97.367489,37.651392],[-97.367393,37.651392],[-97.366347,37.651401],[-97.365511,37.651411],[-97.36532,37.651413],[-97.364488,37.651422],[-97.364286,37.651425],[-97.363439,37.651431],[-97.362407,37.651439],[-97.361812,37.651443],[-97.361254,37.651447],[-97.360098,37.651461],[-97.358297,37.651485],[-97.357228,37.651495],[-97.352656,37.651551],[-97.350895,37.651567],[-97.350383,37.65157],[-97.349802,37.651574],[-97.349063,37.651583],[-97.348707,37.651588],[-97.347697,37.651599],[-97.347062,37.651605],[-97.346717,37.651609],[-97.34867,37.656113],[-97.348761,37.657015],[-97.347926,37.660822],[-97.34623,37.664547],[-97.344338,37.66973],[-97.343765,37.671695],[-97.342739,37.678681],[-97.342713,37.678875],[-97.342811,37.680762],[-97.343706,37.68545],[-97.343905,37.685411],[-97.344628,37.687938],[-97.345631,37.689165],[-97.348636,37.690325],[-97.353097,37.691059],[-97.353094,37.690711],[-97.354274,37.690974],[-97.355431,37.691234],[-97.356555,37.691486],[-97.357701,37.691744],[-97.358964,37.691984],[-97.361599,37.691704],[-97.363299,37.691723],[-97.366433,37.692388],[-97.366724,37.692518],[-97.370232,37.694706],[-97.370616,37.694849],[-97.371355,37.694906],[-97.372525,37.694901],[-97.373689,37.694886],[-97.374808,37.694878],[-97.375918,37.694875]]]]}},{"type":"Feature","properties":{"id":96,"NAME":"96","text-color":"#000000","text-size":16,"labelx":-97.337977,"labely":37.626765,"TotalPop":22823,"PopDevPct":-0.02893413,"DemPct":0.43751043,"RepPct":0.4967462,"WhitePct":0.64432588,"MinorityPct":0.35567412,"BlackPct":0.09321983,"HispanicPct":0.16401894,"PacificPct":0.0018584,"AsianPct":0.04406211,"NativePct":0.06300581,"TotalVAP":16681,"Margin":-0.06248957,"color":"#ff837d","opacity":"0.5"},"geometry":{"type":"MultiPolygon","coordinates":[[[[-97.319312,37.64986],[-97.319387,37.649861],[-97.32035,37.64986],[-97.320488,37.64986],[-97.3213,37.649855],[-97.321595,37.649853],[-97.322385,37.649848],[-97.322715,37.649846],[-97.3237,37.64984],[-97.323843,37.649838],[-97.325011,37.649829],[-97.325078,37.649828],[-97.326343,37.649817],[-97.326421,37.649817],[-97.327618,37.649811],[-97.32885,37.649804],[-97.329193,37.6498],[-97.330307,37.649788],[-97.331111,37.649758],[-97.331568,37.649742],[-97.332883,37.649723],[-97.334243,37.649718],[-97.335535,37.64972],[-97.336777,37.649716],[-97.337451,37.649714],[-97.338096,37.649708],[-97.339405,37.649694],[-97.341067,37.649675],[-97.343242,37.650332],[-97.345257,37.651304],[-97.346193,37.651587],[-97.346717,37.651609],[-97.347062,37.651605],[-97.347697,37.651599],[-97.348707,37.651588],[-97.348698,37.650631],[-97.347482,37.649869],[-97.347463,37.648964],[-97.34569,37.648027],[-97.344972,37.64708],[-97.34457,37.6462],[-97.344407,37.644339],[-97.345564,37.644301],[-97.346576,37.644294],[-97.347616,37.644288],[-97.348062,37.644284],[-97.348662,37.644278],[-97.352612,37.644243],[-97.356339,37.644228],[-97.357194,37.644225],[-97.359307,37.644219],[-97.359477,37.644219],[-97.36175,37.644199],[-97.361958,37.644172],[-97.363024,37.644128],[-97.36402,37.644125],[-97.364118,37.644125],[-97.36521,37.644121],[-97.366294,37.644116],[-97.367349,37.644111],[-97.367343,37.643226],[-97.367337,37.642357],[-97.367331,37.641509],[-97.367325,37.640638],[-97.367319,37.639788],[-97.367314,37.638937],[-97.367312,37.636902],[-97.36738,37.636902],[-97.368522,37.636897],[-97.370791,37.636893],[-97.370773,37.635218],[-97.370763,37.634233],[-97.370754,37.633283],[-97.370734,37.631066],[-97.370722,37.629571],[-97.370715,37.628636],[-97.370714,37.628403],[-97.370689,37.626021],[-97.370662,37.623506],[-97.37065,37.622388],[-97.370628,37.619954],[-97.370621,37.618759],[-97.3706,37.615561],[-97.370582,37.614517],[-97.37058,37.61305],[-97.37058,37.612868],[-97.370571,37.61148],[-97.370566,37.610615],[-97.370564,37.610213],[-97.370563,37.610083],[-97.370562,37.609848],[-97.370558,37.609191],[-97.370557,37.608881],[-97.37055,37.607841],[-97.365992,37.607865],[-97.361396,37.607891],[-97.360298,37.607898],[-97.359335,37.607903],[-97.358373,37.607908],[-97.352286,37.607946],[-97.348268,37.607977],[-97.345141,37.607996],[-97.34014,37.608031],[-97.338585,37.608041],[-97.337,37.608048],[-97.336198,37.608056],[-97.33401,37.607978],[-97.334013,37.60559],[-97.334092,37.600907],[-97.334092,37.600784],[-97.334092,37.599796],[-97.334092,37.597452],[-97.334091,37.593535],[-97.331271,37.593553],[-97.330004,37.593559],[-97.327895,37.593577],[-97.327221,37.593581],[-97.326753,37.593584],[-97.324196,37.593601],[-97.324445,37.597649],[-97.324459,37.598382],[-97.32434,37.599315],[-97.323974,37.600284],[-97.32354,37.600991],[-97.322888,37.601715],[-97.322831,37.601583],[-97.322786,37.601625],[-97.322842,37.601758],[-97.321989,37.602417],[-97.321056,37.602926],[-97.320352,37.603195],[-97.318923,37.603533],[-97.315834,37.604001],[-97.315834,37.604463],[-97.315831,37.605721],[-97.315832,37.608009],[-97.315834,37.609825],[-97.315832,37.610741],[-97.315832,37.611625],[-97.315834,37.613362],[-97.315838,37.615168],[-97.315839,37.615303],[-97.315837,37.617125],[-97.31584,37.618956],[-97.31584,37.619341],[-97.315841,37.620773],[-97.315846,37.622668],[-97.315848,37.623851],[-97.316183,37.626424],[-97.316358,37.627256],[-97.316786,37.629017],[-97.316839,37.629301],[-97.317067,37.630709],[-97.319672,37.630706],[-97.319678,37.631433],[-97.31968,37.632155],[-97.319677,37.632883],[-97.319675,37.633605],[-97.319674,37.634327],[-97.319677,37.635047],[-97.31968,37.635785],[-97.319684,37.63651],[-97.319901,37.63651],[-97.319902,37.637237],[-97.319902,37.637388],[-97.319903,37.63826],[-97.319903,37.63917],[-97.318866,37.6395],[-97.318721,37.639989],[-97.318718,37.640867],[-97.318715,37.641594],[-97.318713,37.642332],[-97.319279,37.64233],[-97.319269,37.643351],[-97.319266,37.644147],[-97.319265,37.645963],[-97.319289,37.64792],[-97.319305,37.649343],[-97.319312,37.64986]]]]}},{"type":"Feature","properties":{"id":97,"NAME":"97","text-color":"#000000","text-size":16,"labelx":-97.433626,"labely":37.630971,"TotalPop":23588,"PopDevPct":0.00361485,"DemPct":0.36197556,"RepPct":0.57767418,"WhitePct":0.70100561,"MinorityPct":0.29899439,"BlackPct":0.05793966,"HispanicPct":0.13154818,"PacificPct":0.00245557,"AsianPct":0.07033442,"NativePct":0.04455098,"TotalVAP":17104,"Margin":-0.13802444,"color":"#f80d00","opacity":"0.5"},"geometry":{"type":"MultiPolygon","coordinates":[[[[-97.348698,37.650631],[-97.348707,37.651588],[-97.349063,37.651583],[-97.349802,37.651574],[-97.350383,37.65157],[-97.350895,37.651567],[-97.352656,37.651551],[-97.357228,37.651495],[-97.358297,37.651485],[-97.360098,37.651461],[-97.361254,37.651447],[-97.361812,37.651443],[-97.362407,37.651439],[-97.363439,37.651431],[-97.364286,37.651425],[-97.364488,37.651422],[-97.36532,37.651413],[-97.365511,37.651411],[-97.366347,37.651401],[-97.367393,37.651392],[-97.367489,37.651392],[-97.368527,37.651387],[-97.368643,37.651387],[-97.370878,37.651375],[-97.373178,37.651354],[-97.373955,37.651348],[-97.375442,37.651336],[-97.376958,37.651329],[-97.377737,37.651325],[-97.379887,37.651316],[-97.386231,37.651288],[-97.389126,37.651056],[-97.389135,37.651636],[-97.398601,37.64668],[-97.398856,37.646546],[-97.398926,37.64669],[-97.400033,37.649509],[-97.400829,37.652555],[-97.401276,37.655926],[-97.401334,37.668043],[-97.401494,37.672171],[-97.40154,37.673179],[-97.401541,37.673217],[-97.401545,37.673279],[-97.401701,37.674996],[-97.402704,37.677417],[-97.404934,37.680111],[-97.405048,37.68011],[-97.406363,37.680045],[-97.4083,37.680025],[-97.41242,37.679987],[-97.413403,37.680014],[-97.414531,37.680022],[-97.41815,37.679984],[-97.419438,37.679962],[-97.42073,37.679947],[-97.422038,37.679936],[-97.422606,37.679931],[-97.423331,37.679924],[-97.424631,37.67991],[-97.425968,37.679887],[-97.427479,37.679862],[-97.429203,37.679835],[-97.429953,37.679821],[-97.43052,37.67981],[-97.433351,37.679747],[-97.435086,37.679711],[-97.436112,37.679691],[-97.437361,37.679663],[-97.440153,37.679593],[-97.440268,37.679591],[-97.441574,37.679566],[-97.442491,37.679549],[-97.444193,37.679518],[-97.446457,37.679497],[-97.447338,37.679496],[-97.447597,37.679498],[-97.448731,37.67949],[-97.449871,37.679475],[-97.450482,37.679465],[-97.451016,37.679456],[-97.452161,37.679443],[-97.452645,37.679436],[-97.45326,37.679427],[-97.45554,37.679391],[-97.456136,37.679383],[-97.457724,37.679351],[-97.462494,37.67928],[-97.462463,37.678288],[-97.462423,37.676802],[-97.462379,37.67473],[-97.462332,37.672654],[-97.46232,37.672088],[-97.462308,37.671399],[-97.462275,37.669243],[-97.462242,37.666988],[-97.462219,37.665422],[-97.462216,37.665214],[-97.462212,37.664983],[-97.462209,37.664754],[-97.466636,37.664436],[-97.46663,37.663513],[-97.466593,37.661154],[-97.46659,37.660961],[-97.466548,37.658695],[-97.466607,37.65748],[-97.466602,37.656732],[-97.466581,37.655697],[-97.466551,37.654112],[-97.466536,37.653386],[-97.466512,37.652225],[-97.466498,37.651585],[-97.466473,37.650416],[-97.46647,37.650254],[-97.468771,37.650228],[-97.469669,37.650217],[-97.471021,37.650198],[-97.471505,37.650188],[-97.472391,37.65017],[-97.473303,37.650152],[-97.475922,37.650099],[-97.480714,37.650012],[-97.480852,37.65001],[-97.48081,37.64904],[-97.4806,37.644887],[-97.480454,37.639159],[-97.480416,37.635511],[-97.480374,37.630827],[-97.480372,37.630604],[-97.480367,37.63017],[-97.480355,37.628983],[-97.480348,37.628277],[-97.480301,37.621022],[-97.480295,37.620397],[-97.480261,37.615],[-97.4802,37.609541],[-97.480177,37.606511],[-97.480114,37.600557],[-97.480101,37.599274],[-97.480015,37.591995],[-97.472655,37.592503],[-97.470697,37.592587],[-97.462167,37.592525],[-97.46187,37.59253],[-97.452988,37.592649],[-97.443889,37.592747],[-97.425738,37.592984],[-97.416279,37.593064],[-97.409706,37.593145],[-97.407112,37.593146],[-97.396683,37.593266],[-97.38877,37.593269],[-97.382852,37.593266],[-97.380552,37.593297],[-97.379628,37.593301],[-97.375065,37.59332],[-97.370519,37.593333],[-97.370521,37.597005],[-97.370401,37.597005],[-97.370401,37.600582],[-97.37053,37.600574],[-97.370532,37.602057],[-97.370538,37.604005],[-97.370541,37.604722],[-97.370546,37.60583],[-97.370551,37.60771],[-97.37055,37.607841],[-97.370557,37.608881],[-97.370558,37.609191],[-97.370562,37.609848],[-97.370563,37.610083],[-97.370564,37.610213],[-97.370566,37.610615],[-97.370571,37.61148],[-97.37058,37.612868],[-97.37058,37.61305],[-97.370582,37.614517],[-97.3706,37.615561],[-97.370621,37.618759],[-97.370628,37.619954],[-97.37065,37.622388],[-97.370662,37.623506],[-97.370689,37.626021],[-97.370714,37.628403],[-97.370715,37.628636],[-97.370722,37.629571],[-97.370734,37.631066],[-97.370754,37.633283],[-97.370763,37.634233],[-97.370773,37.635218],[-97.370791,37.636893],[-97.368522,37.636897],[-97.36738,37.636902],[-97.367312,37.636902],[-97.367314,37.638937],[-97.367319,37.639788],[-97.367325,37.640638],[-97.367331,37.641509],[-97.367337,37.642357],[-97.367343,37.643226],[-97.367349,37.644111],[-97.366294,37.644116],[-97.36521,37.644121],[-97.364118,37.644125],[-97.36402,37.644125],[-97.363024,37.644128],[-97.361958,37.644172],[-97.36175,37.644199],[-97.359477,37.644219],[-97.359307,37.644219],[-97.357194,37.644225],[-97.356339,37.644228],[-97.352612,37.644243],[-97.348662,37.644278],[-97.348062,37.644284],[-97.347616,37.644288],[-97.346576,37.644294],[-97.345564,37.644301],[-97.344407,37.644339],[-97.34457,37.6462],[-97.344972,37.64708],[-97.34569,37.648027],[-97.347463,37.648964],[-97.347482,37.649869],[-97.348698,37.650631]]]]}},{"type":"Feature","properties":{"id":98,"NAME":"98","text-color":"#000000","text-size":16,"labelx":-97.30986,"labely":37.573713,"TotalPop":23362,"PopDevPct":-0.00600093,"DemPct":0.36745964,"RepPct":0.56641178,"WhitePct":0.71452048,"MinorityPct":0.28547952,"BlackPct":0.04982979,"HispanicPct":0.12783191,"PacificPct":0.00211292,"AsianPct":0.05376218,"NativePct":0.0574011,"TotalVAP":17038,"Margin":-0.13254036,"color":"#f80d00","opacity":"0.5"},"geometry":{"type":"MultiPolygon","coordinates":[[[[-97.370551,37.60771],[-97.370546,37.60583],[-97.370541,37.604722],[-97.370538,37.604005],[-97.370532,37.602057],[-97.37053,37.600574],[-97.370401,37.600582],[-97.370401,37.597005],[-97.370521,37.597005],[-97.370519,37.593333],[-97.370502,37.582151],[-97.370502,37.580403],[-97.370501,37.578787],[-97.37049,37.575369],[-97.37048,37.572814],[-97.370474,37.571101],[-97.37046,37.567923],[-97.370457,37.567491],[-97.370454,37.566939],[-97.370441,37.564292],[-97.367658,37.564305],[-97.366459,37.56431],[-97.365326,37.564313],[-97.364189,37.564318],[-97.36303,37.564322],[-97.361893,37.564327],[-97.360768,37.56433],[-97.359625,37.564332],[-97.358302,37.564335],[-97.356894,37.56434],[-97.35566,37.564343],[-97.355268,37.564344],[-97.354836,37.564345],[-97.354365,37.564345],[-97.353846,37.564347],[-97.352228,37.564351],[-97.351616,37.564354],[-97.351044,37.564356],[-97.350759,37.564356],[-97.350181,37.564356],[-97.348196,37.564363],[-97.34687,37.564367],[-97.346074,37.564371],[-97.344104,37.564379],[-97.343667,37.564381],[-97.339787,37.5644],[-97.339745,37.5644],[-97.339194,37.564402],[-97.338462,37.563465],[-97.338384,37.555542],[-97.338797,37.553519],[-97.339659,37.553522],[-97.339658,37.549929],[-97.33966,37.54985],[-97.338875,37.549846],[-97.337624,37.54984],[-97.333933,37.549809],[-97.325857,37.549845],[-97.325704,37.549846],[-97.322494,37.549859],[-97.322356,37.549856],[-97.320189,37.549865],[-97.317903,37.549873],[-97.315602,37.549879],[-97.315599,37.546214],[-97.315595,37.544682],[-97.315605,37.540323],[-97.315616,37.53858],[-97.315622,37.537292],[-97.315632,37.535273],[-97.315632,37.535246],[-97.3156,37.535246],[-97.297444,37.535319],[-97.288208,37.535339],[-97.276032,37.535203],[-97.275881,37.535377],[-97.275593,37.535373],[-97.27431,37.53775],[-97.274432,37.539873],[-97.275256,37.54182],[-97.276737,37.544282],[-97.278598,37.546527],[-97.28277,37.548879],[-97.284182,37.550184],[-97.284574,37.551493],[-97.285054,37.556642],[-97.286625,37.559085],[-97.287982,37.562637],[-97.2876,37.562612],[-97.280471,37.562522],[-97.28034,37.562472],[-97.280324,37.56252],[-97.280122,37.562517],[-97.279423,37.562477],[-97.279399,37.562474],[-97.278051,37.562482],[-97.277665,37.562488],[-97.276783,37.562502],[-97.276228,37.562497],[-97.277233,37.566128],[-97.280293,37.576973],[-97.282674,37.585947],[-97.283974,37.589894],[-97.284794,37.591527],[-97.287741,37.596409],[-97.288783,37.598654],[-97.289696,37.601645],[-97.291007,37.605914],[-97.293485,37.616536],[-97.294374,37.620305],[-97.294408,37.620451],[-97.295473,37.625214],[-97.2955,37.625338],[-97.295575,37.625674],[-97.296016,37.626827],[-97.298204,37.629637],[-97.299564,37.631026],[-97.303155,37.634768],[-97.307512,37.639277],[-97.308058,37.639852],[-97.308029,37.640085],[-97.308157,37.64231],[-97.31056,37.64992],[-97.311407,37.649915],[-97.312242,37.64991],[-97.312526,37.649908],[-97.314913,37.649893],[-97.315578,37.649889],[-97.316032,37.649881],[-97.317117,37.649861],[-97.318218,37.649861],[-97.318352,37.649861],[-97.319312,37.64986],[-97.319305,37.649343],[-97.319289,37.64792],[-97.319265,37.645963],[-97.319266,37.644147],[-97.319269,37.643351],[-97.319279,37.64233],[-97.318713,37.642332],[-97.318715,37.641594],[-97.318718,37.640867],[-97.318721,37.639989],[-97.318866,37.6395],[-97.319903,37.63917],[-97.319903,37.63826],[-97.319902,37.637388],[-97.319902,37.637237],[-97.319901,37.63651],[-97.319684,37.63651],[-97.31968,37.635785],[-97.319677,37.635047],[-97.319674,37.634327],[-97.319675,37.633605],[-97.319677,37.632883],[-97.31968,37.632155],[-97.319678,37.631433],[-97.319672,37.630706],[-97.317067,37.630709],[-97.316839,37.629301],[-97.316786,37.629017],[-97.316358,37.627256],[-97.316183,37.626424],[-97.315848,37.623851],[-97.315846,37.622668],[-97.315841,37.620773],[-97.31584,37.619341],[-97.31584,37.618956],[-97.315837,37.617125],[-97.315839,37.615303],[-97.315838,37.615168],[-97.315834,37.613362],[-97.315832,37.611625],[-97.315832,37.610741],[-97.315834,37.609825],[-97.315832,37.608009],[-97.315831,37.605721],[-97.315834,37.604463],[-97.315834,37.604001],[-97.318923,37.603533],[-97.320352,37.603195],[-97.321056,37.602926],[-97.321989,37.602417],[-97.322842,37.601758],[-97.322786,37.601625],[-97.322831,37.601583],[-97.322888,37.601715],[-97.32354,37.600991],[-97.323974,37.600284],[-97.32434,37.599315],[-97.324459,37.598382],[-97.324445,37.597649],[-97.324196,37.593601],[-97.326753,37.593584],[-97.327221,37.593581],[-97.327895,37.593577],[-97.330004,37.593559],[-97.331271,37.593553],[-97.334091,37.593535],[-97.334092,37.597452],[-97.334092,37.599796],[-97.334092,37.600784],[-97.334092,37.600907],[-97.334013,37.60559],[-97.33401,37.607978],[-97.336198,37.608056],[-97.337,37.608048],[-97.338585,37.608041],[-97.34014,37.608031],[-97.345141,37.607996],[-97.348268,37.607977],[-97.352286,37.607946],[-97.358373,37.607908],[-97.359335,37.607903],[-97.360298,37.607898],[-97.361396,37.607891],[-97.365992,37.607865],[-97.37055,37.607841],[-97.370551,37.60771]]]]}},{"type":"Feature","properties":{"id":99,"NAME":"99","text-color":"#000000","text-size":16,"labelx":-97.113514,"labely":37.708785,"TotalPop":23491,"PopDevPct":-0.00051227,"DemPct":0.32703693,"RepPct":0.62710272,"WhitePct":0.80351275,"MinorityPct":0.19648725,"BlackPct":0.04116136,"HispanicPct":0.05334847,"PacificPct":0.00232989,"AsianPct":0.07395902,"NativePct":0.02837684,"TotalVAP":16739,"Margin":-0.17296307,"color":"#f80d00","opacity":"0.5"},"geometry":{"type":"MultiPolygon","coordinates":[[[[-97.144407,37.737928],[-97.152879,37.7379],[-97.152914,37.730585],[-97.152914,37.728752],[-97.152919,37.727876],[-97.152927,37.726815],[-97.152941,37.723292],[-97.155727,37.723286],[-97.158755,37.723276],[-97.162155,37.723263],[-97.163624,37.723263],[-97.171085,37.723249],[-97.171333,37.723248],[-97.183557,37.723154],[-97.184093,37.72315],[-97.189657,37.723103],[-97.18965,37.720758],[-97.189641,37.718967],[-97.189637,37.715696],[-97.18964,37.715597],[-97.189655,37.715068],[-97.189632,37.713743],[-97.189604,37.712369],[-97.189591,37.711498],[-97.189591,37.710508],[-97.189567,37.708541],[-97.189574,37.704226],[-97.189561,37.699011],[-97.189556,37.697628],[-97.189557,37.696748],[-97.18956,37.695775],[-97.189559,37.695498],[-97.189555,37.694924],[-97.18955,37.69395],[-97.18953,37.686626],[-97.189534,37.685024],[-97.189629,37.685049],[-97.189727,37.6805],[-97.189729,37.680315],[-97.189734,37.679881],[-97.189736,37.679843],[-97.189753,37.679451],[-97.189683,37.679451],[-97.189629,37.679452],[-97.189628,37.679709],[-97.189627,37.680415],[-97.18953,37.68051],[-97.189409,37.680626],[-97.189444,37.679432],[-97.189464,37.679432],[-97.189531,37.679432],[-97.189531,37.679356],[-97.189531,37.679292],[-97.189527,37.679251],[-97.189527,37.679151],[-97.189527,37.679068],[-97.189534,37.674384],[-97.189534,37.67421],[-97.189531,37.670784],[-97.189522,37.668758],[-97.18952,37.667974],[-97.189517,37.667332],[-97.189517,37.667261],[-97.189512,37.666126],[-97.189509,37.664935],[-97.189509,37.664753],[-97.187568,37.664767],[-97.184152,37.664791],[-97.183172,37.664798],[-97.180445,37.664817],[-97.177578,37.664836],[-97.176368,37.66484],[-97.174812,37.664845],[-97.173625,37.664851],[-97.171295,37.664866],[-97.168083,37.664874],[-97.163711,37.664886],[-97.162908,37.664887],[-97.160133,37.664896],[-97.159238,37.664899],[-97.157429,37.664894],[-97.153268,37.664897],[-97.152946,37.664898],[-97.153118,37.666216],[-97.15315,37.672131],[-97.15303,37.672203],[-97.153019,37.676342],[-97.15305,37.679386],[-97.15305,37.679531],[-97.148435,37.679535],[-97.146217,37.67954],[-97.14425,37.679532],[-97.135292,37.679512],[-97.135102,37.679513],[-97.131656,37.679537],[-97.126696,37.679564],[-97.126249,37.67956],[-97.125963,37.679559],[-97.124988,37.67958],[-97.124295,37.679587],[-97.123744,37.679574],[-97.123618,37.679571],[-97.123531,37.679571],[-97.123419,37.679572],[-97.123204,37.679573],[-97.122845,37.679575],[-97.122175,37.679579],[-97.121834,37.679586],[-97.121686,37.679589],[-97.12136,37.679587],[-97.121094,37.679581],[-97.121055,37.679581],[-97.119932,37.679573],[-97.119487,37.679571],[-97.119331,37.679567],[-97.116885,37.679583],[-97.11354,37.679554],[-97.110879,37.679571],[-97.104237,37.679564],[-97.10141,37.679557],[-97.098531,37.679607],[-97.080231,37.679697],[-97.080218,37.68159],[-97.080247,37.684187],[-97.080205,37.685944],[-97.080209,37.686877],[-97.080204,37.68753],[-97.0802,37.688566],[-97.080181,37.68945],[-97.080168,37.692935],[-97.080196,37.694047],[-97.08019,37.708597],[-97.080182,37.715932],[-97.08019,37.722445],[-97.080044,37.723139],[-97.07654,37.723154],[-97.075645,37.723143],[-97.075773,37.734359],[-97.075782,37.734478],[-97.075807,37.73801],[-97.085836,37.738083],[-97.09636,37.73804],[-97.096828,37.738033],[-97.107761,37.738035],[-97.110233,37.738027],[-97.113577,37.738017],[-97.116891,37.738006],[-97.130656,37.738018],[-97.135243,37.737991],[-97.144407,37.737928]]]]}},{"type":"Feature","properties":{"id":100,"NAME":"100","text-color":"#000000","text-size":16,"labelx":-97.448063,"labely":37.722843,"TotalPop":23853,"PopDevPct":0.01488999,"DemPct":0.36423064,"RepPct":0.58799866,"WhitePct":0.8139203,"MinorityPct":0.1860797,"BlackPct":0.03397739,"HispanicPct":0.08129323,"PacificPct":0.0017565,"AsianPct":0.03348337,"NativePct":0.03474586,"TotalVAP":18218,"Margin":-0.13576936,"color":"#ff463c","opacity":"0.5"},"geometry":{"type":"MultiPolygon","coordinates":[[[[-97.444273,37.708757],[-97.435148,37.708798],[-97.432543,37.708808],[-97.43034,37.708814],[-97.430049,37.708814],[-97.428954,37.708818],[-97.428152,37.708821],[-97.427911,37.708822],[-97.426056,37.708817],[-97.426081,37.71245],[-97.426123,37.715694],[-97.42613,37.716271],[-97.426136,37.716891],[-97.426155,37.717818],[-97.426168,37.718799],[-97.426183,37.720541],[-97.426207,37.723229],[-97.426249,37.731695],[-97.426231,37.735041],[-97.426231,37.73768],[-97.427701,37.737658],[-97.428563,37.737651],[-97.428845,37.737649],[-97.430545,37.737641],[-97.430836,37.737638],[-97.432236,37.737625],[-97.435358,37.737607],[-97.437068,37.737578],[-97.437382,37.737571],[-97.438563,37.737547],[-97.440117,37.737516],[-97.441125,37.737508],[-97.444313,37.737486],[-97.444355,37.737486],[-97.444479,37.737485],[-97.447103,37.737446],[-97.450993,37.737389],[-97.453436,37.737351],[-97.462627,37.737201],[-97.462687,37.7372],[-97.462809,37.737197],[-97.463826,37.737175],[-97.464626,37.737163],[-97.470174,37.737077],[-97.472398,37.73704],[-97.474202,37.737009],[-97.480684,37.736896],[-97.480784,37.736895],[-97.480957,37.736892],[-97.480958,37.736816],[-97.480959,37.736718],[-97.480959,37.736695],[-97.481001,37.733936],[-97.481011,37.732844],[-97.481027,37.731327],[-97.481042,37.729655],[-97.481065,37.726077],[-97.481074,37.725156],[-97.481075,37.724232],[-97.481103,37.722383],[-97.479309,37.722415],[-97.477177,37.722461],[-97.47664,37.722472],[-97.473799,37.722527],[-97.473416,37.722535],[-97.472403,37.722555],[-97.470332,37.72259],[-97.468364,37.722617],[-97.462666,37.722709],[-97.462667,37.720847],[-97.46267,37.718638],[-97.462676,37.715933],[-97.462676,37.715911],[-97.462676,37.71551],[-97.462678,37.714137],[-97.462674,37.71326],[-97.46267,37.710366],[-97.462653,37.708282],[-97.462522,37.703915],[-97.462487,37.702759],[-97.462459,37.701949],[-97.462588,37.698655],[-97.462772,37.695441],[-97.462834,37.693736],[-97.462791,37.691579],[-97.462764,37.690581],[-97.462656,37.686332],[-97.462639,37.685473],[-97.462555,37.682344],[-97.462533,37.681455],[-97.462494,37.67928],[-97.457724,37.679351],[-97.456136,37.679383],[-97.45554,37.679391],[-97.45326,37.679427],[-97.452645,37.679436],[-97.452161,37.679443],[-97.451016,37.679456],[-97.450482,37.679465],[-97.449871,37.679475],[-97.448731,37.67949],[-97.447597,37.679498],[-97.447338,37.679496],[-97.446457,37.679497],[-97.444193,37.679518],[-97.444265,37.683197],[-97.444325,37.68685],[-97.444336,37.687445],[-97.444343,37.687867],[-97.444389,37.69117],[-97.444427,37.694081],[-97.444388,37.697755],[-97.444385,37.698199],[-97.444357,37.700815],[-97.444344,37.701926],[-97.444327,37.703212],[-97.444312,37.704359],[-97.444279,37.70685],[-97.444273,37.708757]]]]}},{"type":"Feature","properties":{"id":101,"NAME":"101","text-color":"#000000","text-size":16,"labelx":-97.706207,"labely":37.790926,"TotalPop":23265,"PopDevPct":-0.01012805,"DemPct":0.2469785,"RepPct":0.70919827,"WhitePct":0.89241044,"MinorityPct":0.10758956,"BlackPct":0.01317547,"HispanicPct":0.04486946,"PacificPct":0.00091075,"AsianPct":0.0154827,"NativePct":0.02896175,"TotalVAP":16470,"Margin":-0.2530215,"color":"#f80d00","opacity":"0.5"},"geometry":{"type":"MultiPolygon","coordinates":[[[[-97.592121,37.825224],[-97.59212,37.832327],[-97.592099,37.839756],[-97.592112,37.847434],[-97.592121,37.847712],[-97.592122,37.848753],[-97.592101,37.854257],[-97.592036,37.862738],[-97.592133,37.866427],[-97.592143,37.866861],[-97.592156,37.867345],[-97.591806,37.875021],[-97.591937,37.883392],[-97.592063,37.887067],[-97.592083,37.897875],[-97.592073,37.912391],[-97.592106,37.912391],[-97.610408,37.912409],[-97.610429,37.912408],[-97.628751,37.91238],[-97.647089,37.912399],[-97.647106,37.912399],[-97.665433,37.912392],[-97.681641,37.912462],[-97.683744,37.912465],[-97.701905,37.912456],[-97.701969,37.911325],[-97.702174,37.907861],[-97.702178,37.907757],[-97.702189,37.907404],[-97.704735,37.908977],[-97.70597,37.909124],[-97.709402,37.910548],[-97.712403,37.912044],[-97.71362,37.913239],[-97.715955,37.917199],[-97.718213,37.918975],[-97.72047,37.919817],[-97.720287,37.912409],[-97.738573,37.912387],[-97.756979,37.912316],[-97.775363,37.912267],[-97.784357,37.912255],[-97.793709,37.912188],[-97.811051,37.912151],[-97.811683,37.912151],[-97.812014,37.912195],[-97.813016,37.912187],[-97.813454,37.912184],[-97.830042,37.912177],[-97.848405,37.912201],[-97.866779,37.912194],[-97.885143,37.912195],[-97.903476,37.91219],[-97.921994,37.912205],[-97.940336,37.912127],[-97.958659,37.912077],[-97.976977,37.912031],[-97.986328,37.911989],[-97.995323,37.911942],[-98.013697,37.911881],[-98.02025,37.911859],[-98.031834,37.911883],[-98.031808,37.908175],[-98.031825,37.897342],[-98.031862,37.882805],[-98.031908,37.868236],[-98.031987,37.862035],[-98.031952,37.853732],[-98.031972,37.839125],[-98.031861,37.824637],[-98.027499,37.824615],[-98.027478,37.806537],[-98.027515,37.79198],[-98.027533,37.783567],[-98.027539,37.781738],[-98.027538,37.780618],[-98.027538,37.780173],[-98.027538,37.779716],[-98.027538,37.778599],[-98.027541,37.777256],[-98.027426,37.762595],[-98.027519,37.747803],[-98.027326,37.733289],[-98.020619,37.73334],[-98.009427,37.733429],[-97.991435,37.733534],[-97.991291,37.733535],[-97.97292,37.733647],[-97.954617,37.733748],[-97.936259,37.733835],[-97.917999,37.733884],[-97.899818,37.733829],[-97.881169,37.733601],[-97.8719,37.733481],[-97.862663,37.733374],[-97.84444,37.73344],[-97.834561,37.733521],[-97.807823,37.733855],[-97.807885,37.720879],[-97.807778,37.719115],[-97.807585,37.704668],[-97.807384,37.691032],[-97.807365,37.690177],[-97.807075,37.675735],[-97.807186,37.668547],[-97.807185,37.668318],[-97.806835,37.661285],[-97.806808,37.659502],[-97.806717,37.654039],[-97.808348,37.646788],[-97.790144,37.646998],[-97.787964,37.647033],[-97.783003,37.647079],[-97.782069,37.647085],[-97.780974,37.647099],[-97.776394,37.647143],[-97.775493,37.647146],[-97.771867,37.647182],[-97.768265,37.647205],[-97.753342,37.647269],[-97.734787,37.647583],[-97.726139,37.647682],[-97.723043,37.647731],[-97.71626,37.647812],[-97.700604,37.648206],[-97.697726,37.648281],[-97.684266,37.648452],[-97.684047,37.648454],[-97.682973,37.648467],[-97.679776,37.648505],[-97.670234,37.648663],[-97.66144,37.648831],[-97.66012,37.648831],[-97.644028,37.648673],[-97.625767,37.649078],[-97.607489,37.649427],[-97.589182,37.649556],[-97.581069,37.649591],[-97.580393,37.649593],[-97.579282,37.649596],[-97.578164,37.6496],[-97.576209,37.649607],[-97.574844,37.649611],[-97.57128,37.649606],[-97.570716,37.649594],[-97.565451,37.649577],[-97.564469,37.649581],[-97.561527,37.649604],[-97.555822,37.649689],[-97.553009,37.649733],[-97.546048,37.649798],[-97.534797,37.649904],[-97.534828,37.656858],[-97.534841,37.657991],[-97.534843,37.658101],[-97.518309,37.660069],[-97.516676,37.660152],[-97.516677,37.662158],[-97.516677,37.662599],[-97.516677,37.662626],[-97.516706,37.664078],[-97.516703,37.664229],[-97.515111,37.664224],[-97.512026,37.664253],[-97.498634,37.66435],[-97.498635,37.664488],[-97.498638,37.66467],[-97.498637,37.666247],[-97.498636,37.666843],[-97.498634,37.671422],[-97.498576,37.672745],[-97.498293,37.673453],[-97.498441,37.674193],[-97.498819,37.67469],[-97.498636,37.678706],[-97.493855,37.678782],[-97.492566,37.678802],[-97.490168,37.678833],[-97.488371,37.678864],[-97.487194,37.678883],[-97.485712,37.678909],[-97.482487,37.678965],[-97.480654,37.678994],[-97.480664,37.680841],[-97.480667,37.682251],[-97.480666,37.684008],[-97.480663,37.684934],[-97.480662,37.685823],[-97.480662,37.686689],[-97.480671,37.688334],[-97.480678,37.689609],[-97.480651,37.690913],[-97.48068,37.693493],[-97.482977,37.693448],[-97.485816,37.693381],[-97.486036,37.693376],[-97.488441,37.693321],[-97.489631,37.6933],[-97.492977,37.693257],[-97.498733,37.693193],[-97.507807,37.69315],[-97.516841,37.693105],[-97.524706,37.693127],[-97.534979,37.693039],[-97.535043,37.700593],[-97.535271,37.707143],[-97.535385,37.72164],[-97.535471,37.736124],[-97.553707,37.73595],[-97.572014,37.735773],[-97.589456,37.735739],[-97.589458,37.749995],[-97.5896,37.764316],[-97.589598,37.769823],[-97.589591,37.776895],[-97.589601,37.778878],[-97.589625,37.786091],[-97.589674,37.793391],[-97.589832,37.807936],[-97.589868,37.810475],[-97.590248,37.823624],[-97.590263,37.825244],[-97.59138,37.825225],[-97.592121,37.825224]]]]}},{"type":"Feature","properties":{"id":102,"NAME":"102","text-color":"#000000","text-size":16,"labelx":-97.910727,"labely":38.048735,"TotalPop":23668,"PopDevPct":0.00701867,"DemPct":0.40782984,"RepPct":0.52651048,"WhitePct":0.73938907,"MinorityPct":0.26061093,"BlackPct":0.07631297,"HispanicPct":0.13853162,"PacificPct":0.00209003,"AsianPct":0.00916399,"NativePct":0.04046088,"TotalVAP":18660,"Margin":-0.09217016,"color":"#9191ff","opacity":"0.5"},"geometry":{"type":"MultiPolygon","coordinates":[[[[-97.912707,38.017767],[-97.912456,38.017611],[-97.908953,38.023587],[-97.907906,38.02485],[-97.907135,38.024846],[-97.906924,38.024918],[-97.906721,38.024967],[-97.906414,38.024985],[-97.905999,38.024975],[-97.906011,38.025838],[-97.903712,38.025849],[-97.903712,38.025704],[-97.901828,38.025697],[-97.902455,38.02508],[-97.90147,38.025082],[-97.901477,38.023865],[-97.894458,38.023876],[-97.894463,38.025478],[-97.893198,38.025481],[-97.892927,38.025473],[-97.892929,38.028719],[-97.885296,38.028735],[-97.876041,38.028689],[-97.866851,38.028608],[-97.855235,38.028447],[-97.854203,38.02851],[-97.848557,38.028373],[-97.848535,38.033798],[-97.848527,38.035864],[-97.848499,38.042985],[-97.848509,38.045426],[-97.848528,38.050287],[-97.84854,38.053204],[-97.848544,38.054361],[-97.848557,38.057553],[-97.849586,38.057558],[-97.852713,38.056705],[-97.862106,38.055832],[-97.863778,38.056258],[-97.865999,38.057633],[-97.866873,38.057637],[-97.866863,38.059502],[-97.866857,38.060701],[-97.866851,38.061902],[-97.866846,38.063098],[-97.866871,38.064282],[-97.867136,38.06503],[-97.87084,38.0685],[-97.874144,38.071412],[-97.87578,38.072116],[-97.876601,38.072211],[-97.877424,38.072219],[-97.879084,38.072233],[-97.885485,38.072287],[-97.888085,38.072268],[-97.889069,38.07226],[-97.892744,38.072233],[-97.894919,38.072217],[-97.895067,38.072216],[-97.895201,38.072215],[-97.897815,38.072204],[-97.901789,38.072198],[-97.903875,38.072195],[-97.9049,38.072181],[-97.905907,38.072172],[-97.906895,38.072161],[-97.907919,38.07215],[-97.908927,38.072136],[-97.909941,38.072123],[-97.910944,38.072116],[-97.911289,38.072112],[-97.911757,38.072106],[-97.911998,38.072104],[-97.912351,38.0721],[-97.913112,38.072092],[-97.914857,38.072078],[-97.917848,38.072056],[-97.919829,38.07204],[-97.920273,38.072037],[-97.922065,38.07202],[-97.923489,38.07197],[-97.92446,38.07194],[-97.924917,38.071927],[-97.926026,38.071893],[-97.926669,38.071874],[-97.927136,38.07186],[-97.928263,38.071826],[-97.929443,38.07179],[-97.930252,38.071765],[-97.931666,38.071722],[-97.931904,38.071714],[-97.93191,38.072878],[-97.931915,38.074054],[-97.933545,38.074056],[-97.935507,38.074058],[-97.937435,38.074059],[-97.939133,38.074046],[-97.940712,38.074035],[-97.940718,38.075219],[-97.940724,38.0764],[-97.94073,38.077578],[-97.940735,38.07846],[-97.940735,38.07872],[-97.940702,38.079858],[-97.940669,38.080958],[-97.941959,38.080726],[-97.943818,38.080742],[-97.946306,38.08054],[-97.948079,38.080573],[-97.94809,38.079692],[-97.949194,38.079712],[-97.949653,38.079346],[-97.950332,38.079357],[-97.952936,38.079399],[-97.955368,38.079438],[-97.956516,38.079457],[-97.958995,38.079497],[-97.958997,38.078935],[-97.962916,38.078885],[-97.965931,38.078827],[-97.965871,38.075509],[-97.96565,38.074545],[-97.965505,38.071612],[-97.965753,38.071615],[-97.965588,38.066746],[-97.965592,38.065996],[-97.965597,38.062592],[-97.96563,38.057217],[-97.965539,38.053554],[-97.963058,38.053577],[-97.958814,38.053627],[-97.955386,38.053547],[-97.955319,38.053545],[-97.955264,38.053],[-97.950815,38.052886],[-97.949703,38.051733],[-97.949714,38.050077],[-97.949711,38.049548],[-97.949633,38.043296],[-97.947696,38.042787],[-97.945884,38.042596],[-97.942907,38.043161],[-97.939851,38.043328],[-97.938268,38.042523],[-97.937801,38.041833],[-97.932626,38.039089],[-97.931761,38.037611],[-97.930117,38.035672],[-97.929077,38.032064],[-97.927115,38.029154],[-97.926475,38.02826],[-97.924176,38.025502],[-97.92245,38.023967],[-97.921638,38.023495],[-97.918236,38.020115],[-97.913532,38.018314],[-97.912707,38.017767]]]]}},{"type":"Feature","properties":{"id":103,"NAME":"103","text-color":"#000000","text-size":16,"labelx":-97.336248,"labely":37.739163,"TotalPop":23991,"PopDevPct":0.02076157,"DemPct":0.60768143,"RepPct":0.33859566,"WhitePct":0.42595928,"MinorityPct":0.57404072,"BlackPct":0.11385841,"HispanicPct":0.40674636,"PacificPct":0.00300202,"AsianPct":0.02516238,"NativePct":0.04732274,"TotalVAP":18321,"Margin":0.10768143,"color":"#0000f8","opacity":"0.5"},"geometry":{"type":"MultiPolygon","coordinates":[[[[-97.356958,37.737535],[-97.354072,37.735874],[-97.353383,37.734828],[-97.353714,37.733761],[-97.355413,37.732897],[-97.358514,37.733045],[-97.359822,37.732344],[-97.360079,37.730007],[-97.358858,37.726388],[-97.358391,37.72263],[-97.357195,37.721529],[-97.353906,37.722011],[-97.353164,37.722292],[-97.351765,37.722891],[-97.350808,37.72266],[-97.347511,37.720214],[-97.346072,37.718438],[-97.345735,37.717087],[-97.345576,37.717087],[-97.345411,37.717089],[-97.344734,37.717092],[-97.343258,37.717102],[-97.341992,37.717111],[-97.340757,37.717119],[-97.339248,37.717128],[-97.338015,37.717136],[-97.337667,37.717135],[-97.337599,37.717135],[-97.3368,37.717135],[-97.335578,37.717136],[-97.335568,37.715337],[-97.335562,37.714393],[-97.335554,37.713482],[-97.335561,37.713145],[-97.335566,37.71168],[-97.335574,37.7099],[-97.335577,37.708052],[-97.336861,37.708049],[-97.337589,37.708047],[-97.338205,37.708046],[-97.338564,37.708046],[-97.338128,37.706246],[-97.338141,37.704429],[-97.33814,37.702851],[-97.33814,37.702544],[-97.338147,37.700279],[-97.338155,37.698882],[-97.338158,37.697528],[-97.339427,37.697521],[-97.340663,37.697513],[-97.341728,37.697507],[-97.342717,37.697501],[-97.342997,37.697498],[-97.343247,37.697497],[-97.344292,37.697501],[-97.3447,37.696122],[-97.347343,37.695059],[-97.348875,37.695403],[-97.351366,37.696311],[-97.353347,37.696947],[-97.353982,37.696809],[-97.354715,37.696488],[-97.355197,37.69574],[-97.355046,37.695053],[-97.354052,37.694312],[-97.352845,37.693198],[-97.353103,37.691712],[-97.353099,37.691255],[-97.353097,37.691059],[-97.348636,37.690325],[-97.345631,37.689165],[-97.344628,37.687938],[-97.343905,37.685411],[-97.343706,37.68545],[-97.342811,37.680762],[-97.342713,37.678875],[-97.342739,37.678681],[-97.343765,37.671695],[-97.344338,37.66973],[-97.34623,37.664547],[-97.345754,37.664405],[-97.34524,37.664273],[-97.34449,37.664256],[-97.343237,37.664267],[-97.341959,37.66428],[-97.340675,37.664292],[-97.339407,37.664299],[-97.338108,37.664307],[-97.337417,37.664314],[-97.336783,37.664321],[-97.335511,37.664334],[-97.334188,37.664343],[-97.332883,37.664352],[-97.331568,37.664361],[-97.330259,37.66437],[-97.328938,37.664388],[-97.327639,37.664384],[-97.326373,37.664391],[-97.325056,37.664401],[-97.324097,37.664414],[-97.32372,37.664419],[-97.325765,37.668068],[-97.326048,37.668589],[-97.326344,37.669739],[-97.326345,37.669891],[-97.326351,37.671678],[-97.325017,37.671684],[-97.323724,37.671692],[-97.323516,37.671693],[-97.322398,37.671699],[-97.321167,37.671706],[-97.319816,37.671718],[-97.319483,37.671721],[-97.318507,37.671739],[-97.318344,37.671742],[-97.317194,37.671754],[-97.317196,37.673352],[-97.317187,37.674463],[-97.317201,37.676154],[-97.317202,37.677595],[-97.317204,37.67814],[-97.317207,37.67873],[-97.317208,37.678947],[-97.317211,37.67962],[-97.317214,37.680918],[-97.317222,37.681759],[-97.317229,37.682702],[-97.317239,37.68441],[-97.317248,37.686144],[-97.31824,37.686115],[-97.318521,37.686112],[-97.319609,37.686109],[-97.319792,37.686109],[-97.320654,37.686106],[-97.321093,37.686103],[-97.321877,37.686097],[-97.322393,37.686094],[-97.323,37.686089],[-97.323722,37.686082],[-97.323888,37.68608],[-97.325065,37.686071],[-97.325252,37.686072],[-97.326377,37.686085],[-97.326389,37.687979],[-97.32641,37.689823],[-97.32644,37.691673],[-97.32647,37.69351],[-97.326467,37.696207],[-97.326513,37.697496],[-97.326558,37.697584],[-97.326513,37.698733],[-97.326499,37.698976],[-97.32646,37.700797],[-97.326452,37.70262],[-97.326454,37.704463],[-97.326417,37.706193],[-97.326415,37.706244],[-97.326461,37.70807],[-97.325316,37.708072],[-97.324182,37.708076],[-97.324122,37.708076],[-97.323046,37.708083],[-97.321902,37.708089],[-97.320291,37.708082],[-97.319944,37.70808],[-97.3211,37.711745],[-97.322241,37.715363],[-97.322407,37.715891],[-97.322041,37.717317],[-97.318707,37.721526],[-97.318257,37.722665],[-97.317919,37.725583],[-97.317294,37.728598],[-97.316891,37.7308],[-97.31694,37.733616],[-97.317475,37.735954],[-97.317589,37.73628],[-97.318451,37.738284],[-97.318589,37.738577],[-97.318423,37.738794],[-97.317338,37.740771],[-97.317378,37.743427],[-97.317379,37.743639],[-97.317449,37.752178],[-97.31745,37.757621],[-97.317449,37.758039],[-97.317434,37.763199],[-97.317432,37.763758],[-97.317409,37.764447],[-97.32096,37.762742],[-97.323326,37.761628],[-97.326717,37.760056],[-97.329697,37.759166],[-97.335485,37.757656],[-97.335692,37.757602],[-97.336362,37.757427],[-97.340043,37.75656],[-97.344933,37.756486],[-97.345953,37.756541],[-97.346367,37.756333],[-97.348162,37.754933],[-97.350113,37.754247],[-97.351968,37.753485],[-97.359281,37.750254],[-97.360987,37.749338],[-97.359723,37.747746],[-97.356738,37.747022],[-97.354508,37.74749],[-97.352945,37.746821],[-97.35286,37.745173],[-97.35348,37.744366],[-97.357002,37.74194],[-97.358399,37.740139],[-97.358392,37.739207],[-97.356958,37.737535]]]]}},{"type":"Feature","properties":{"id":104,"NAME":"104","text-color":"#000000","text-size":16,"labelx":-97.827211,"labely":38.165647,"TotalPop":23650,"PopDevPct":0.00625281,"DemPct":0.29939183,"RepPct":0.65595135,"WhitePct":0.8890454,"MinorityPct":0.1109546,"BlackPct":0.01885361,"HispanicPct":0.05228085,"PacificPct":0.0014086,"AsianPct":0.00964352,"NativePct":0.02530068,"TotalVAP":18458,"Margin":-0.20060817,"color":"#f80d00","opacity":"0.5"},"geometry":{"type":"MultiPolygon","coordinates":[[[[-97.922049,38.097312],[-97.931429,38.096885],[-97.931494,38.100619],[-97.940942,38.100265],[-97.942237,38.100259],[-97.942787,38.100256],[-97.942766,38.100772],[-97.943271,38.100773],[-97.943312,38.100254],[-97.944343,38.100249],[-97.946436,38.10024],[-97.947765,38.100234],[-97.947637,38.093622],[-97.947617,38.092885],[-97.95022,38.092894],[-97.95046,38.092883],[-97.952611,38.092859],[-97.959447,38.092795],[-97.959451,38.092097],[-97.959251,38.090031],[-97.959021,38.087674],[-97.958897,38.086401],[-97.958913,38.085231],[-97.958925,38.084398],[-97.958948,38.082785],[-97.958982,38.080434],[-97.958995,38.079497],[-97.956516,38.079457],[-97.955368,38.079438],[-97.952936,38.079399],[-97.950332,38.079357],[-97.949653,38.079346],[-97.949194,38.079712],[-97.94809,38.079692],[-97.948079,38.080573],[-97.946306,38.08054],[-97.943818,38.080742],[-97.941959,38.080726],[-97.940669,38.080958],[-97.940702,38.079858],[-97.940735,38.07872],[-97.940735,38.07846],[-97.94073,38.077578],[-97.940724,38.0764],[-97.940718,38.075219],[-97.940712,38.074035],[-97.939133,38.074046],[-97.937435,38.074059],[-97.935507,38.074058],[-97.933545,38.074056],[-97.931915,38.074054],[-97.93191,38.072878],[-97.931904,38.071714],[-97.931666,38.071722],[-97.930252,38.071765],[-97.929443,38.07179],[-97.928263,38.071826],[-97.927136,38.07186],[-97.926669,38.071874],[-97.926026,38.071893],[-97.924917,38.071927],[-97.92446,38.07194],[-97.923489,38.07197],[-97.922065,38.07202],[-97.920273,38.072037],[-97.919829,38.07204],[-97.917848,38.072056],[-97.914857,38.072078],[-97.913112,38.072092],[-97.912351,38.0721],[-97.911998,38.072104],[-97.911757,38.072106],[-97.911289,38.072112],[-97.910944,38.072116],[-97.909941,38.072123],[-97.908927,38.072136],[-97.907919,38.07215],[-97.906895,38.072161],[-97.905907,38.072172],[-97.9049,38.072181],[-97.903875,38.072195],[-97.901789,38.072198],[-97.897815,38.072204],[-97.895201,38.072215],[-97.895067,38.072216],[-97.894919,38.072217],[-97.892744,38.072233],[-97.889069,38.07226],[-97.888085,38.072268],[-97.885485,38.072287],[-97.879084,38.072233],[-97.877424,38.072219],[-97.876601,38.072211],[-97.87578,38.072116],[-97.874144,38.071412],[-97.87084,38.0685],[-97.867136,38.06503],[-97.866871,38.064282],[-97.866846,38.063098],[-97.866851,38.061902],[-97.866857,38.060701],[-97.866863,38.059502],[-97.866873,38.057637],[-97.865999,38.057633],[-97.863778,38.056258],[-97.862106,38.055832],[-97.852713,38.056705],[-97.849586,38.057558],[-97.848557,38.057553],[-97.836344,38.057528],[-97.834802,38.057524],[-97.830205,38.057512],[-97.822599,38.057505],[-97.817632,38.057495],[-97.81627,38.057477],[-97.811605,38.05745],[-97.811744,38.072007],[-97.793888,38.072146],[-97.775431,38.071999],[-97.771739,38.07195],[-97.738904,38.072087],[-97.726507,38.072104],[-97.720341,38.072242],[-97.702006,38.072221],[-97.702213,38.07365],[-97.701721,38.086698],[-97.701797,38.096105],[-97.701837,38.101181],[-97.70181,38.115754],[-97.701815,38.130285],[-97.701818,38.131551],[-97.701868,38.143577],[-97.70188,38.144794],[-97.701854,38.1593],[-97.701841,38.173814],[-97.701853,38.188314],[-97.701891,38.202868],[-97.701953,38.217424],[-97.701946,38.231957],[-97.701987,38.246456],[-97.702039,38.260685],[-97.703731,38.260681],[-97.72062,38.260678],[-97.72219,38.26067],[-97.724401,38.260655],[-97.739112,38.260622],[-97.75244,38.260647],[-97.755054,38.260645],[-97.755565,38.260644],[-97.756222,38.260644],[-97.756761,38.260643],[-97.759983,38.260639],[-97.776733,38.260641],[-97.794416,38.260623],[-97.79602,38.260618],[-97.802089,38.260594],[-97.811924,38.260544],[-97.81448,38.260543],[-97.82993,38.260562],[-97.832917,38.260551],[-97.84721,38.260557],[-97.849939,38.260742],[-97.850661,38.260613],[-97.857821,38.260548],[-97.866915,38.260585],[-97.869786,38.260573],[-97.885264,38.260542],[-97.888287,38.26054],[-97.903964,38.260521],[-97.906753,38.260522],[-97.912806,38.260529],[-97.921743,38.260574],[-97.92244,38.260449],[-97.922383,38.260155],[-97.922402,38.25883],[-97.922234,38.25346],[-97.922231,38.246388],[-97.922231,38.231839],[-97.922221,38.224529],[-97.922197,38.217328],[-97.922159,38.202782],[-97.922116,38.188268],[-97.922136,38.173713],[-97.922122,38.159205],[-97.922091,38.144639],[-97.922092,38.144389],[-97.922116,38.135809],[-97.92212,38.134347],[-97.922116,38.130097],[-97.922071,38.118058],[-97.922467,38.115583],[-97.922056,38.113766],[-97.922044,38.103581],[-97.92204,38.101073],[-97.922046,38.098898],[-97.922049,38.097448],[-97.922049,38.097312]]]]}},{"type":"Feature","properties":{"id":105,"NAME":"105","text-color":"#000000","text-size":16,"labelx":-97.407341,"labely":37.718975,"TotalPop":23307,"PopDevPct":-0.00834105,"DemPct":0.40450093,"RepPct":0.53661381,"WhitePct":0.7336337,"MinorityPct":0.2663663,"BlackPct":0.06041689,"HispanicPct":0.13027901,"PacificPct":0.00211703,"AsianPct":0.03430681,"NativePct":0.04445771,"TotalVAP":18422,"Margin":-0.09549907,"color":"#ff463c","opacity":"0.5"},"geometry":{"type":"MultiPolygon","coordinates":[[[[-97.426056,37.708817],[-97.427911,37.708822],[-97.428152,37.708821],[-97.428954,37.708818],[-97.430049,37.708814],[-97.43034,37.708814],[-97.432543,37.708808],[-97.435148,37.708798],[-97.444273,37.708757],[-97.444279,37.70685],[-97.444312,37.704359],[-97.444327,37.703212],[-97.444344,37.701926],[-97.444357,37.700815],[-97.444385,37.698199],[-97.444388,37.697755],[-97.444427,37.694081],[-97.444389,37.69117],[-97.444343,37.687867],[-97.444336,37.687445],[-97.444325,37.68685],[-97.444265,37.683197],[-97.444193,37.679518],[-97.442491,37.679549],[-97.441574,37.679566],[-97.440268,37.679591],[-97.440153,37.679593],[-97.437361,37.679663],[-97.436112,37.679691],[-97.435086,37.679711],[-97.433351,37.679747],[-97.43052,37.67981],[-97.429953,37.679821],[-97.429203,37.679835],[-97.427479,37.679862],[-97.425968,37.679887],[-97.424631,37.67991],[-97.423331,37.679924],[-97.422606,37.679931],[-97.422038,37.679936],[-97.42073,37.679947],[-97.419438,37.679962],[-97.41815,37.679984],[-97.414531,37.680022],[-97.413403,37.680014],[-97.41242,37.679987],[-97.4083,37.680025],[-97.406363,37.680045],[-97.405048,37.68011],[-97.404934,37.680111],[-97.407996,37.683714],[-97.407617,37.683716],[-97.407291,37.683754],[-97.406148,37.683736],[-97.404633,37.683757],[-97.403137,37.683776],[-97.40161,37.683793],[-97.400104,37.683812],[-97.398581,37.683805],[-97.397392,37.683816],[-97.396258,37.683828],[-97.395115,37.683841],[-97.393962,37.683854],[-97.392836,37.683866],[-97.391677,37.683874],[-97.390576,37.683886],[-97.389381,37.683907],[-97.389381,37.684649],[-97.389384,37.68754],[-97.389399,37.689353],[-97.389426,37.691162],[-97.389428,37.691305],[-97.389486,37.694776],[-97.389531,37.696507],[-97.389562,37.697556],[-97.389589,37.698539],[-97.389595,37.698769],[-97.389634,37.700194],[-97.389672,37.70157],[-97.389673,37.702487],[-97.389674,37.703368],[-97.389669,37.704296],[-97.389668,37.704654],[-97.389667,37.705024],[-97.389664,37.705795],[-97.389663,37.707561],[-97.389663,37.70881],[-97.38968,37.711015],[-97.389684,37.711419],[-97.389691,37.712411],[-97.388513,37.712402],[-97.387534,37.712391],[-97.386326,37.712381],[-97.385135,37.712371],[-97.384001,37.71236],[-97.382948,37.712348],[-97.38286,37.712346],[-97.381903,37.712334],[-97.381924,37.71414],[-97.381922,37.715888],[-97.380609,37.715869],[-97.380632,37.71768],[-97.380683,37.720503],[-97.384281,37.723232],[-97.386619,37.725136],[-97.38682,37.725305],[-97.386487,37.725661],[-97.386229,37.725937],[-97.383074,37.729287],[-97.380518,37.731532],[-97.376957,37.734222],[-97.375864,37.735405],[-97.374935,37.737584],[-97.375259,37.737623],[-97.375459,37.737606],[-97.376129,37.737622],[-97.377826,37.737657],[-97.381658,37.737737],[-97.382258,37.737745],[-97.383218,37.737759],[-97.389739,37.737869],[-97.389821,37.737869],[-97.389941,37.737868],[-97.389958,37.737868],[-97.390056,37.737868],[-97.398876,37.73784],[-97.39892,37.73784],[-97.40526,37.73782],[-97.408005,37.737811],[-97.411991,37.737792],[-97.417141,37.737772],[-97.418805,37.737757],[-97.42013,37.737744],[-97.424231,37.737711],[-97.426231,37.73768],[-97.426231,37.735041],[-97.426249,37.731695],[-97.426207,37.723229],[-97.426183,37.720541],[-97.426168,37.718799],[-97.426155,37.717818],[-97.426136,37.716891],[-97.42613,37.716271],[-97.426123,37.715694],[-97.426081,37.71245],[-97.426056,37.708817]]]]}},{"type":"Feature","properties":{"id":106,"NAME":"106","text-color":"#000000","text-size":16,"labelx":-97.128735,"labely":39.78423,"TotalPop":23174,"PopDevPct":-0.01399989,"DemPct":0.19767227,"RepPct":0.76380935,"WhitePct":0.94780174,"MinorityPct":0.05219826,"BlackPct":0.00543265,"HispanicPct":0.02055447,"PacificPct":0.00134416,"AsianPct":0.00470456,"NativePct":0.01635396,"TotalVAP":17855,"Margin":-0.30232773,"color":"#820000","opacity":"0.5"},"geometry":{"type":"MultiPolygon","coordinates":[[[[-98.393049,39.567429],[-98.392626,39.567346],[-98.37645,39.567387],[-98.363184,39.567302],[-98.357683,39.567369],[-98.344553,39.567335],[-98.341585,39.567335],[-98.338671,39.567248],[-98.325625,39.567339],[-98.31539,39.567399],[-98.307083,39.567386],[-98.301594,39.567388],[-98.288373,39.567436],[-98.282893,39.567421],[-98.269639,39.567399],[-98.264149,39.567403],[-98.250918,39.5674],[-98.247036,39.56742],[-98.233757,39.567397],[-98.232251,39.567359],[-98.228179,39.567394],[-98.213496,39.567324],[-98.207253,39.567341],[-98.194682,39.567278],[-98.190721,39.567288],[-98.172089,39.567244],[-98.157133,39.567138],[-98.153483,39.567165],[-98.150783,39.567081],[-98.138362,39.567111],[-98.133909,39.567143],[-98.119618,39.567087],[-98.119571,39.567088],[-98.114329,39.56715],[-98.096382,39.567151],[-98.095015,39.567123],[-98.082026,39.567171],[-98.066568,39.567178],[-98.063326,39.567239],[-98.059226,39.567224],[-98.044531,39.56714],[-98.040264,39.567283],[-98.034095,39.567112],[-98.025804,39.567093],[-98.022995,39.567116],[-98.006959,39.567071],[-98.004049,39.567082],[-97.988166,39.567063],[-97.985351,39.567064],[-97.969402,39.567002],[-97.96665,39.567019],[-97.950655,39.566958],[-97.947753,39.566956],[-97.931844,39.566921],[-97.931864,39.58093],[-97.931939,39.581304],[-97.931957,39.593766],[-97.931812,39.59582],[-97.931723,39.610306],[-97.931669,39.624822],[-97.931674,39.626194],[-97.931649,39.629614],[-97.931597,39.639298],[-97.931482,39.653767],[-97.922286,39.653724],[-97.9129,39.653724],[-97.901445,39.653844],[-97.901224,39.653843],[-97.895973,39.653834],[-97.895805,39.653834],[-97.895273,39.653833],[-97.890097,39.653812],[-97.889564,39.653587],[-97.884034,39.65356],[-97.875408,39.653535],[-97.858186,39.653525],[-97.856613,39.653439],[-97.849385,39.653633],[-97.841223,39.653683],[-97.837912,39.653597],[-97.819189,39.653673],[-97.805145,39.653636],[-97.800383,39.653632],[-97.786385,39.653728],[-97.786067,39.653729],[-97.785799,39.65373],[-97.772254,39.653624],[-97.768339,39.653638],[-97.762865,39.65363],[-97.744115,39.653651],[-97.725355,39.653686],[-97.725087,39.653685],[-97.716846,39.653646],[-97.716451,39.653889],[-97.714198,39.653865],[-97.713645,39.653654],[-97.706564,39.65364],[-97.697387,39.653698],[-97.68783,39.653787],[-97.678413,39.653794],[-97.669377,39.653557],[-97.660454,39.653517],[-97.660135,39.653514],[-97.650649,39.65348],[-97.646587,39.65353],[-97.633705,39.653459],[-97.613389,39.653369],[-97.611754,39.653527],[-97.601745,39.653527],[-97.599721,39.65336],[-97.594695,39.653414],[-97.575162,39.653499],[-97.572814,39.653525],[-97.571563,39.653801],[-97.570037,39.653757],[-97.569818,39.653755],[-97.569501,39.653547],[-97.561693,39.65355],[-97.551697,39.653562],[-97.551249,39.653556],[-97.53732,39.6536],[-97.518394,39.6536],[-97.500074,39.653649],[-97.499493,39.653651],[-97.480809,39.653691],[-97.462802,39.653722],[-97.443995,39.653774],[-97.436921,39.6538],[-97.425156,39.653836],[-97.418622,39.653867],[-97.415819,39.65388],[-97.406362,39.653926],[-97.38758,39.653983],[-97.36867,39.654043],[-97.368706,39.636989],[-97.368666,39.625041],[-97.368655,39.612333],[-97.368645,39.610513],[-97.368622,39.596018],[-97.368643,39.585315],[-97.368651,39.584112],[-97.368374,39.577145],[-97.368635,39.575926],[-97.368574,39.567018],[-97.34988,39.566974],[-97.3433,39.567005],[-97.331398,39.566917],[-97.312359,39.566882],[-97.307741,39.566879],[-97.298288,39.56681],[-97.295036,39.566791],[-97.293662,39.5668],[-97.292325,39.566781],[-97.290966,39.566772],[-97.289651,39.56676],[-97.288938,39.566756],[-97.288222,39.566753],[-97.286697,39.566762],[-97.284685,39.566751],[-97.284213,39.566736],[-97.283133,39.566724],[-97.281966,39.566726],[-97.280569,39.566729],[-97.279226,39.566723],[-97.278203,39.566707],[-97.277394,39.566703],[-97.277037,39.566683],[-97.275348,39.566676],[-97.273291,39.566671],[-97.271257,39.566679],[-97.271199,39.566679],[-97.261865,39.566649],[-97.256685,39.56666],[-97.256135,39.566655],[-97.238239,39.566604],[-97.237366,39.5666],[-97.219725,39.566532],[-97.213948,39.566524],[-97.208187,39.566525],[-97.205876,39.566612],[-97.197819,39.566726],[-97.192054,39.566562],[-97.182302,39.566564],[-97.181263,39.566534],[-97.163417,39.566535],[-97.162477,39.566538],[-97.144819,39.566571],[-97.143707,39.56657],[-97.126733,39.5666],[-97.117435,39.566595],[-97.108006,39.566578],[-97.106206,39.566578],[-97.09653,39.566586],[-97.089276,39.566576],[-97.087502,39.566568],[-97.070594,39.566555],[-97.068747,39.566546],[-97.051872,39.566559],[-97.050054,39.566541],[-97.040268,39.566508],[-97.033151,39.566532],[-97.031307,39.566509],[-97.026499,39.566465],[-97.014919,39.566459],[-97.012568,39.56646],[-96.997563,39.566461],[-96.995066,39.566397],[-96.977478,39.566401],[-96.975149,39.566362],[-96.958719,39.566401],[-96.94631,39.566424],[-96.939994,39.566435],[-96.938659,39.566606],[-96.934487,39.566429],[-96.93182,39.566439],[-96.930422,39.566538],[-96.918751,39.566419],[-96.909466,39.566401],[-96.908167,39.566475],[-96.900242,39.566434],[-96.884554,39.56638],[-96.881517,39.566397],[-96.862755,39.566404],[-96.857584,39.566431],[-96.844083,39.566404],[-96.828849,39.566414],[-96.825293,39.566434],[-96.810073,39.566436],[-96.806544,39.566423],[-96.790936,39.56635],[-96.787819,39.566361],[-96.774494,39.566441],[-96.769034,39.566469],[-96.755601,39.566458],[-96.752942,39.566475],[-96.740888,39.566493],[-96.736683,39.566492],[-96.735913,39.566476],[-96.731646,39.566525],[-96.720441,39.566476],[-96.719561,39.566493],[-96.718845,39.566493],[-96.717816,39.566478],[-96.712839,39.566564],[-96.707752,39.566579],[-96.704851,39.566418],[-96.693971,39.566441],[-96.681129,39.566407],[-96.681026,39.566406],[-96.673431,39.566536],[-96.67269,39.566421],[-96.663947,39.566402],[-96.657536,39.566342],[-96.656688,39.566484],[-96.652314,39.566445],[-96.638223,39.566375],[-96.632372,39.566337],[-96.619596,39.566294],[-96.592838,39.566236],[-96.587682,39.566332],[-96.581453,39.566333],[-96.580933,39.566335],[-96.580362,39.566332],[-96.580092,39.566331],[-96.574317,39.566315],[-96.573556,39.566319],[-96.572935,39.566321],[-96.572752,39.566322],[-96.56801,39.566297],[-96.567843,39.566299],[-96.567591,39.566298],[-96.567311,39.566305],[-96.561779,39.566301],[-96.547853,39.566224],[-96.538238,39.5662],[-96.527735,39.566214],[-96.519714,39.566103],[-96.517754,39.566113],[-96.500921,39.566009],[-96.498594,39.566078],[-96.482378,39.566049],[-96.482319,39.566049],[-96.468293,39.566107],[-96.463661,39.566049],[-96.444909,39.566023],[-96.435252,39.566097],[-96.407312,39.566055],[-96.399352,39.566039],[-96.388302,39.566145],[-96.387178,39.566065],[-96.384198,39.566132],[-96.370146,39.566148],[-96.369896,39.566145],[-96.360381,39.566103],[-96.351471,39.56616],[-96.351092,39.566154],[-96.332735,39.566237],[-96.314644,39.566247],[-96.295991,39.566236],[-96.295232,39.566232],[-96.281321,39.566238],[-96.280852,39.56624],[-96.277221,39.566235],[-96.276472,39.566232],[-96.25774,39.566224],[-96.239651,39.566215],[-96.238969,39.56622],[-96.239066,39.573478],[-96.239136,39.580683],[-96.23929,39.590584],[-96.239262,39.595194],[-96.239351,39.608121],[-96.239195,39.609702],[-96.239395,39.610266],[-96.239471,39.624201],[-96.239621,39.638898],[-96.239705,39.653262],[-96.239705,39.65333],[-96.239691,39.667757],[-96.239639,39.682227],[-96.239629,39.69675],[-96.239724,39.710137],[-96.239772,39.718502],[-96.239682,39.725589],[-96.239627,39.740254],[-96.2397,39.745501],[-96.239625,39.753373],[-96.239638,39.754755],[-96.239603,39.761955],[-96.239575,39.77188],[-96.239703,39.772041],[-96.239568,39.774692],[-96.239618,39.783732],[-96.239567,39.786714],[-96.239568,39.791031],[-96.239595,39.805492],[-96.239606,39.812506],[-96.239609,39.82119],[-96.239583,39.824212],[-96.239583,39.827119],[-96.23959,39.827274],[-96.23956,39.841566],[-96.23956,39.84839],[-96.239554,39.856298],[-96.239546,39.864557],[-96.239471,39.870807],[-96.239579,39.875672],[-96.239608,39.877803],[-96.23954,39.885314],[-96.239516,39.89983],[-96.239448,39.907129],[-96.2395,39.914345],[-96.239479,39.924185],[-96.23946,39.928654],[-96.239342,39.931002],[-96.239451,39.936168],[-96.239441,39.951136],[-96.23941,39.954453],[-96.239465,39.957519],[-96.239328,39.967364],[-96.239378,39.9723],[-96.239317,39.983303],[-96.239299,39.986787],[-96.239308,39.993603],[-96.239034,39.99593],[-96.2392,40.000881],[-96.242259,40.000861],[-96.244474,40.000602],[-96.247126,40.000894],[-96.269549,40.000845],[-96.277013,40.000867],[-96.295905,40.000878],[-96.30103,40.000837],[-96.302863,40.000615],[-96.305549,40.00086],[-96.314985,40.0009],[-96.333546,40.000922],[-96.341763,40.000929],[-96.343233,40.000933],[-96.348607,40.000952],[-96.34988,40.000949],[-96.350707,40.000944],[-96.352038,40.000949],[-96.353562,40.000958],[-96.354761,40.000956],[-96.370075,40.000976],[-96.388703,40.000986],[-96.407807,40.00099],[-96.426634,40.001014],[-96.445494,40.001013],[-96.463712,40.001023],[-96.469088,40.00099],[-96.482554,40.001002],[-96.501387,40.001025],[-96.52034,40.001043],[-96.527103,40.001094],[-96.530587,40.000983],[-96.539124,40.000841],[-96.53922,40.001079],[-96.557944,40.001113],[-96.563821,40.001024],[-96.581043,40.001147],[-96.581788,40.000963],[-96.600965,40.000876],[-96.601598,40.000875],[-96.604752,40.000897],[-96.605173,40.001211],[-96.610427,40.001058],[-96.614281,40.000937],[-96.61963,40.001017],[-96.622081,40.0013],[-96.638588,40.001305],[-96.654817,40.001328],[-96.676298,40.001352],[-96.6934,40.00136],[-96.706774,40.001462],[-96.712261,40.001538],[-96.719928,40.001503],[-96.731102,40.001439],[-96.750099,40.00143],[-96.768857,40.001429],[-96.787252,40.001475],[-96.797099,40.001437],[-96.805768,40.001495],[-96.82478,40.001525],[-96.843482,40.001557],[-96.862198,40.001504],[-96.872749,40.001478],[-96.873984,40.001479],[-96.88097,40.001507],[-96.89966,40.001484],[-96.918455,40.001529],[-96.937187,40.001495],[-96.955701,40.001509],[-96.974879,40.001532],[-96.992899,40.001537],[-97.005217,40.001516],[-97.010354,40.001436],[-97.011337,40.001429],[-97.013092,40.001418],[-97.030942,40.001373],[-97.036099,40.001563],[-97.040159,40.001382],[-97.049663,40.001323],[-97.10515,40.001725],[-97.118675,40.001639],[-97.125311,40.001938],[-97.138165,40.001811],[-97.141886,40.001466],[-97.144152,40.001585],[-97.145928,40.00168],[-97.153335,40.001545],[-97.165268,40.001481],[-97.172135,40.001451],[-97.181907,40.001553],[-97.182096,40.001771],[-97.20098,40.001813],[-97.202866,40.00185],[-97.203933,40.001365],[-97.221013,40.001179],[-97.238159,40.001387],[-97.245164,40.001512],[-97.250314,40.001829],[-97.256543,40.001803],[-97.260661,40.001969],[-97.275483,40.001965],[-97.294415,40.002016],[-97.313633,40.001967],[-97.33179,40.001971],[-97.350901,40.002022],[-97.351074,40.001932],[-97.362665,40.002034],[-97.369199,40.001966],[-97.387983,40.001961],[-97.406849,40.001975],[-97.425636,40.002026],[-97.444585,40.002009],[-97.462901,40.002016],[-97.481364,40.001777],[-97.487946,40.001697],[-97.499617,40.002013],[-97.500571,40.002143],[-97.509827,40.002082],[-97.514357,40.001884],[-97.5188,40.002013],[-97.537557,40.002033],[-97.556781,40.002036],[-97.57519,40.002056],[-97.593721,40.002051],[-97.611744,40.002063],[-97.612012,40.002062],[-97.631525,40.002091],[-97.650342,40.002118],[-97.669234,40.002133],[-97.687827,40.002129],[-97.707017,40.002128],[-97.725714,40.002141],[-97.738607,40.002094],[-97.744611,40.002142],[-97.763573,40.002133],[-97.767725,40.002137],[-97.770776,40.001977],[-97.775439,40.002231],[-97.779203,40.00207],[-97.80098,40.002055],[-97.819261,40.002053],[-97.838249,40.00205],[-97.857254,40.002081],[-97.876244,40.002069],[-97.899788,40.002088],[-97.931825,40.002072],[-97.986621,40.002144],[-97.988439,40.002192],[-98.00033,40.002173],[-98.014806,40.002231],[-98.015865,40.002224],[-98.038107,40.002188],[-98.038683,40.002188],[-98.042768,40.002187],[-98.046962,40.002186],[-98.053178,40.002283],[-98.053749,40.002285],[-98.063089,40.002335],[-98.067151,40.002353],[-98.067605,40.002328],[-98.068603,40.002167],[-98.076052,40.00229],[-98.087239,40.002263],[-98.087605,40.002262],[-98.099408,40.002227],[-98.0999,40.002217],[-98.123544,40.002304],[-98.135899,40.002307],[-98.153874,40.002204],[-98.156844,40.002241],[-98.172269,40.002438],[-98.1871,40.00253],[-98.197553,40.00234],[-98.213054,40.002392],[-98.240928,40.002415],[-98.249849,40.002359],[-98.268218,40.00249],[-98.285984,40.002449],[-98.30585,40.002472],[-98.329458,40.002434],[-98.343536,40.002414],[-98.371815,40.002401],[-98.391854,40.002404],[-98.410797,40.00245],[-98.414554,40.002488],[-98.429798,40.002406],[-98.446605,40.002334],[-98.467233,40.002412],[-98.486194,40.002403],[-98.492911,40.00238],[-98.499829,40.002491],[-98.500336,40.00222],[-98.504455,40.002291],[-98.504468,39.987763],[-98.504697,39.985996],[-98.504414,39.973242],[-98.504478,39.968849],[-98.504255,39.967541],[-98.504655,39.965414],[-98.504653,39.95875],[-98.504342,39.955122],[-98.504395,39.944221],[-98.504441,39.937209],[-98.504415,39.935745],[-98.504532,39.925303],[-98.50446,39.915291],[-98.504368,39.900768],[-98.504288,39.879066],[-98.504153,39.874151],[-98.504292,39.86456],[-98.504094,39.859133],[-98.504178,39.855979],[-98.504063,39.849834],[-98.504007,39.842839],[-98.50401,39.842666],[-98.503975,39.828317],[-98.504138,39.813824],[-98.504283,39.806431],[-98.504388,39.799294],[-98.504271,39.796075],[-98.504232,39.784727],[-98.504345,39.770396],[-98.504362,39.755893],[-98.504373,39.741384],[-98.504452,39.732951],[-98.50444,39.726929],[-98.504528,39.712451],[-98.50458,39.697976],[-98.504647,39.683528],[-98.504792,39.671407],[-98.504955,39.666434],[-98.504979,39.65453],[-98.504797,39.644153],[-98.50489,39.639113],[-98.50491,39.625576],[-98.505009,39.61106],[-98.505044,39.596564],[-98.505081,39.582017],[-98.505152,39.569754],[-98.505266,39.567603],[-98.502741,39.567536],[-98.487384,39.567492],[-98.486477,39.567478],[-98.480825,39.567481],[-98.470336,39.56745],[-98.46777,39.567443],[-98.451463,39.567456],[-98.448929,39.567412],[-98.442164,39.567358],[-98.43993,39.56749],[-98.432759,39.56744],[-98.430287,39.567402],[-98.414069,39.567355],[-98.411576,39.567347],[-98.395373,39.56734],[-98.393049,39.567429]]]]}},{"type":"Feature","properties":{"id":107,"NAME":"107","text-color":"#000000","text-size":16,"labelx":-97.729744,"labely":39.118043,"TotalPop":24305,"PopDevPct":0.03412154,"DemPct":0.2263806,"RepPct":0.72436021,"WhitePct":0.89220502,"MinorityPct":0.10779498,"BlackPct":0.02397224,"HispanicPct":0.0455953,"PacificPct":0.00197544,"AsianPct":0.00811532,"NativePct":0.02658836,"TotalVAP":18730,"Margin":-0.2736194,"color":"#f80d00","opacity":"0.5"},"geometry":{"type":"MultiPolygon","coordinates":[[[[-98.37645,39.567387],[-98.392626,39.567346],[-98.393049,39.567429],[-98.395373,39.56734],[-98.411576,39.567347],[-98.414069,39.567355],[-98.430287,39.567402],[-98.432759,39.56744],[-98.43993,39.56749],[-98.442164,39.567358],[-98.448929,39.567412],[-98.451463,39.567456],[-98.46777,39.567443],[-98.470336,39.56745],[-98.480825,39.567481],[-98.486477,39.567478],[-98.487384,39.567492],[-98.487377,39.553034],[-98.487586,39.542629],[-98.487674,39.538395],[-98.487881,39.523874],[-98.488014,39.516315],[-98.488146,39.509323],[-98.48814,39.508843],[-98.488388,39.494883],[-98.488321,39.48915],[-98.488398,39.485505],[-98.488509,39.480233],[-98.488811,39.465804],[-98.489095,39.451259],[-98.489321,39.438706],[-98.489239,39.437364],[-98.48923,39.436908],[-98.48925,39.432371],[-98.48925,39.432035],[-98.489269,39.427516],[-98.48927,39.427251],[-98.489276,39.425929],[-98.48948,39.425672],[-98.489638,39.408009],[-98.489722,39.39365],[-98.489749,39.37935],[-98.489789,39.364831],[-98.489836,39.356026],[-98.489857,39.350319],[-98.489945,39.335942],[-98.489979,39.3213],[-98.490047,39.306844],[-98.489972,39.292321],[-98.490005,39.285041],[-98.490054,39.263355],[-98.490054,39.263301],[-98.490073,39.252482],[-98.490076,39.248797],[-98.490068,39.241666],[-98.490107,39.234282],[-98.490149,39.21978],[-98.471492,39.21967],[-98.457381,39.219615],[-98.452833,39.219586],[-98.434193,39.219412],[-98.415537,39.219378],[-98.396916,39.219487],[-98.387916,39.219445],[-98.377897,39.219399],[-98.35893,39.219451],[-98.340385,39.219478],[-98.321826,39.219511],[-98.313863,39.219737],[-98.302818,39.219728],[-98.284254,39.219538],[-98.265569,39.219573],[-98.247051,39.219491],[-98.246423,39.219348],[-98.228318,39.219421],[-98.209804,39.219291],[-98.191192,39.219338],[-98.178174,39.219348],[-98.177687,39.219107],[-98.154008,39.219158],[-98.125328,39.219221],[-98.106686,39.219204],[-98.100813,39.219198],[-98.093209,39.219402],[-98.067734,39.219223],[-98.062809,39.219189],[-98.060671,39.219207],[-98.047151,39.219188],[-98.046832,39.219012],[-98.042031,39.219035],[-98.028482,39.219096],[-98.023481,39.219216],[-98.013497,39.219218],[-98.011237,39.219222],[-98.004857,39.219216],[-97.987454,39.219025],[-97.981881,39.218868],[-97.962004,39.218757],[-97.952568,39.219128],[-97.948772,39.219169],[-97.930848,39.219182],[-97.929746,39.219273],[-97.929718,39.204733],[-97.92989,39.198028],[-97.929875,39.190279],[-97.92978,39.175791],[-97.929853,39.164954],[-97.929756,39.157727],[-97.929893,39.157425],[-97.929954,39.14998],[-97.929963,39.146707],[-97.930021,39.132492],[-97.930344,39.132146],[-97.928426,39.132066],[-97.92834,39.125003],[-97.92884,39.117973],[-97.928832,39.103475],[-97.928845,39.079788],[-97.928919,39.059933],[-97.928895,39.045387],[-97.928326,39.030897],[-97.928391,39.016353],[-97.928414,39.012709],[-97.928424,39.00704],[-97.928427,39.001822],[-97.928514,38.999347],[-97.928379,38.99909],[-97.928446,38.987342],[-97.928479,38.971551],[-97.92856,38.958395],[-97.92856,38.958264],[-97.928587,38.94372],[-97.928617,38.929202],[-97.928663,38.914848],[-97.928665,38.914688],[-97.928681,38.900126],[-97.928653,38.883577],[-97.928967,38.882176],[-97.928778,38.878748],[-97.928761,38.878506],[-97.928695,38.877676],[-97.928595,38.871121],[-97.928592,38.871099],[-97.928577,38.856506],[-97.928505,38.841998],[-97.928442,38.831084],[-97.928439,38.82756],[-97.928376,38.815452],[-97.928353,38.814347],[-97.928503,38.806513],[-97.890441,38.796086],[-97.873226,38.791243],[-97.854745,38.785926],[-97.846466,38.78372],[-97.836079,38.780395],[-97.817553,38.775028],[-97.812106,38.773439],[-97.798778,38.779585],[-97.789678,38.783779],[-97.78966,38.783787],[-97.779896,38.788287],[-97.763194,38.79598],[-97.761389,38.796744],[-97.759459,38.797566],[-97.757243,38.798592],[-97.753376,38.800484],[-97.743001,38.805272],[-97.742986,38.805279],[-97.72675,38.81275],[-97.724338,38.813859],[-97.705768,38.822398],[-97.696498,38.826658],[-97.696498,38.827205],[-97.695312,38.827203],[-97.694168,38.827197],[-97.686654,38.82716],[-97.668244,38.827182],[-97.649619,38.827147],[-97.645065,38.827147],[-97.640471,38.827147],[-97.639897,38.827147],[-97.639625,38.827147],[-97.637882,38.827164],[-97.637419,38.827169],[-97.63718,38.827169],[-97.636717,38.827169],[-97.635266,38.82717],[-97.635187,38.82717],[-97.634043,38.827168],[-97.631076,38.827163],[-97.630428,38.827162],[-97.630028,38.827161],[-97.629465,38.82716],[-97.628345,38.827158],[-97.627211,38.827156],[-97.625043,38.827152],[-97.622405,38.827153],[-97.62191,38.827153],[-97.621692,38.827153],[-97.621162,38.827153],[-97.621004,38.827153],[-97.620022,38.827153],[-97.619343,38.827153],[-97.618848,38.827154],[-97.617721,38.827154],[-97.617643,38.827154],[-97.616574,38.827154],[-97.615995,38.827154],[-97.614939,38.827154],[-97.614294,38.827155],[-97.613838,38.827155],[-97.612608,38.827155],[-97.610953,38.827135],[-97.609219,38.827113],[-97.609204,38.830275],[-97.60918,38.83435],[-97.609167,38.835929],[-97.609136,38.838207],[-97.609104,38.840542],[-97.610301,38.840539],[-97.611461,38.840537],[-97.612424,38.840535],[-97.612424,38.841619],[-97.613545,38.841624],[-97.613618,38.841624],[-97.614752,38.841629],[-97.615701,38.841633],[-97.615992,38.841634],[-97.617287,38.84164],[-97.618576,38.841631],[-97.619862,38.841635],[-97.621186,38.841634],[-97.621443,38.841634],[-97.62182,38.841634],[-97.62227,38.841633],[-97.623346,38.841632],[-97.623562,38.841632],[-97.624833,38.841631],[-97.625623,38.841635],[-97.630521,38.841658],[-97.630869,38.841658],[-97.630834,38.84334],[-97.628005,38.844212],[-97.628219,38.84438],[-97.62649,38.844992],[-97.626044,38.846077],[-97.623705,38.848127],[-97.623509,38.848902],[-97.623259,38.849795],[-97.621499,38.85205],[-97.620403,38.851307],[-97.619673,38.852567],[-97.619208,38.853512],[-97.618816,38.856163],[-97.61731,38.856165],[-97.61873,38.856973],[-97.618751,38.858696],[-97.617398,38.858392],[-97.616918,38.857447],[-97.616762,38.859799],[-97.617345,38.860641],[-97.614973,38.860782],[-97.615228,38.86173],[-97.615229,38.863366],[-97.617063,38.863358],[-97.61705,38.864232],[-97.617036,38.867119],[-97.614022,38.867081],[-97.613882,38.870702],[-97.61291,38.873691],[-97.616928,38.873819],[-97.616907,38.875964],[-97.612291,38.876269],[-97.61229,38.876506],[-97.612297,38.878506],[-97.612275,38.879474],[-97.612243,38.885182],[-97.612227,38.889349],[-97.612269,38.893755],[-97.612232,38.900304],[-97.612194,38.907014],[-97.612152,38.914321],[-97.612161,38.915975],[-97.612107,38.927049],[-97.612,38.943367],[-97.612056,38.944883],[-97.61201,38.957954],[-97.593353,38.957916],[-97.575384,38.957942],[-97.556802,38.957999],[-97.538277,38.958052],[-97.519694,38.958084],[-97.501094,38.958065],[-97.482553,38.95815],[-97.47805,38.958217],[-97.4656,38.958202],[-97.455423,38.95819],[-97.45247,38.958186],[-97.446094,38.958102],[-97.427435,38.958114],[-97.408814,38.95815],[-97.395071,38.958101],[-97.390213,38.958047],[-97.371614,38.957852],[-97.371435,38.972405],[-97.371335,38.986899],[-97.371293,38.996789],[-97.371188,38.997654],[-97.371199,39.001607],[-97.371217,39.015945],[-97.37121,39.030452],[-97.371187,39.0385],[-97.371199,39.044942],[-97.371089,39.049444],[-97.37118,39.059449],[-97.37116,39.073941],[-97.371145,39.10297],[-97.37114,39.115738],[-97.371154,39.131961],[-97.371161,39.146491],[-97.370972,39.156946],[-97.371118,39.161039],[-97.371135,39.175523],[-97.370988,39.182785],[-97.370703,39.20699],[-97.370789,39.21174],[-97.370697,39.21899],[-97.370349,39.248021],[-97.370148,39.272578],[-97.370135,39.273805],[-97.37016,39.277001],[-97.370044,39.284836],[-97.369996,39.291514],[-97.369839,39.306011],[-97.388622,39.306157],[-97.407317,39.306323],[-97.40749,39.306324],[-97.409954,39.306341],[-97.426027,39.306425],[-97.444739,39.306466],[-97.463451,39.306496],[-97.480482,39.306511],[-97.499186,39.306528],[-97.517903,39.306545],[-97.51907,39.306624],[-97.536629,39.306589],[-97.53686,39.306589],[-97.555252,39.306477],[-97.555519,39.306477],[-97.569299,39.306503],[-97.574488,39.306474],[-97.592363,39.306584],[-97.611113,39.306589],[-97.629837,39.306597],[-97.639126,39.306615],[-97.644339,39.306677],[-97.654954,39.306616],[-97.667145,39.306636],[-97.666908,39.31046],[-97.666857,39.321169],[-97.666741,39.335718],[-97.666705,39.345417],[-97.666473,39.350333],[-97.665919,39.355143],[-97.665729,39.358579],[-97.666077,39.364841],[-97.666388,39.370764],[-97.666378,39.379359],[-97.666332,39.394002],[-97.666297,39.408508],[-97.666302,39.416413],[-97.666326,39.423012],[-97.666401,39.437512],[-97.666459,39.452038],[-97.666537,39.466506],[-97.666571,39.485216],[-97.665737,39.489344],[-97.663765,39.493264],[-97.659208,39.499699],[-97.6581,39.501727],[-97.656692,39.505845],[-97.656413,39.510324],[-97.656402,39.522833],[-97.656522,39.524768],[-97.647905,39.52471],[-97.64797,39.539236],[-97.648085,39.550597],[-97.648109,39.553617],[-97.648216,39.557385],[-97.648223,39.557441],[-97.648282,39.559539],[-97.648318,39.560542],[-97.648313,39.561545],[-97.648317,39.562555],[-97.648313,39.563354],[-97.647276,39.563507],[-97.646329,39.563494],[-97.645581,39.562853],[-97.64341,39.562856],[-97.642933,39.564701],[-97.638891,39.564717],[-97.638862,39.566511],[-97.630096,39.566445],[-97.625569,39.566457],[-97.618168,39.566472],[-97.617796,39.566473],[-97.61756,39.566474],[-97.6173,39.566474],[-97.593376,39.566607],[-97.593282,39.566608],[-97.593435,39.573505],[-97.593443,39.573851],[-97.593627,39.573855],[-97.598626,39.573948],[-97.618741,39.573768],[-97.620338,39.573768],[-97.624904,39.573841],[-97.625213,39.573859],[-97.62529,39.573866],[-97.625275,39.576795],[-97.630832,39.576778],[-97.630935,39.581317],[-97.631115,39.580801],[-97.633343,39.580853],[-97.633418,39.579214],[-97.631255,39.579735],[-97.630928,39.576781],[-97.630926,39.574373],[-97.633146,39.573741],[-97.648563,39.57377],[-97.648747,39.575202],[-97.649977,39.57494],[-97.649973,39.575834],[-97.64996,39.576818],[-97.649849,39.57811],[-97.652325,39.578146],[-97.652357,39.577393],[-97.654197,39.577372],[-97.65515,39.577359],[-97.655154,39.580698],[-97.657668,39.580705],[-97.657689,39.581007],[-97.657596,39.582177],[-97.658215,39.588036],[-97.658351,39.588916],[-97.658415,39.589377],[-97.658792,39.591945],[-97.65882,39.592151],[-97.659573,39.598546],[-97.659695,39.602535],[-97.659794,39.606625],[-97.659882,39.609774],[-97.66003,39.615243],[-97.660048,39.624007],[-97.660112,39.638746],[-97.660135,39.653514],[-97.660454,39.653517],[-97.669377,39.653557],[-97.678413,39.653794],[-97.68783,39.653787],[-97.697387,39.653698],[-97.706564,39.65364],[-97.713645,39.653654],[-97.714198,39.653865],[-97.716451,39.653889],[-97.716846,39.653646],[-97.725087,39.653685],[-97.725355,39.653686],[-97.744115,39.653651],[-97.762865,39.65363],[-97.768339,39.653638],[-97.772254,39.653624],[-97.785799,39.65373],[-97.786067,39.653729],[-97.786385,39.653728],[-97.800383,39.653632],[-97.805145,39.653636],[-97.819189,39.653673],[-97.837912,39.653597],[-97.841223,39.653683],[-97.849385,39.653633],[-97.856613,39.653439],[-97.858186,39.653525],[-97.875408,39.653535],[-97.884034,39.65356],[-97.889564,39.653587],[-97.890097,39.653812],[-97.895273,39.653833],[-97.895805,39.653834],[-97.895973,39.653834],[-97.901224,39.653843],[-97.901445,39.653844],[-97.9129,39.653724],[-97.922286,39.653724],[-97.931482,39.653767],[-97.931597,39.639298],[-97.931649,39.629614],[-97.931674,39.626194],[-97.931669,39.624822],[-97.931723,39.610306],[-97.931812,39.59582],[-97.931957,39.593766],[-97.931939,39.581304],[-97.931864,39.58093],[-97.931844,39.566921],[-97.947753,39.566956],[-97.950655,39.566958],[-97.96665,39.567019],[-97.969402,39.567002],[-97.985351,39.567064],[-97.988166,39.567063],[-98.004049,39.567082],[-98.006959,39.567071],[-98.022995,39.567116],[-98.025804,39.567093],[-98.034095,39.567112],[-98.040264,39.567283],[-98.044531,39.56714],[-98.059226,39.567224],[-98.063326,39.567239],[-98.066568,39.567178],[-98.082026,39.567171],[-98.095015,39.567123],[-98.096382,39.567151],[-98.114329,39.56715],[-98.119571,39.567088],[-98.119618,39.567087],[-98.133909,39.567143],[-98.138362,39.567111],[-98.150783,39.567081],[-98.153483,39.567165],[-98.157133,39.567138],[-98.172089,39.567244],[-98.190721,39.567288],[-98.194682,39.567278],[-98.207253,39.567341],[-98.213496,39.567324],[-98.228179,39.567394],[-98.232251,39.567359],[-98.233757,39.567397],[-98.247036,39.56742],[-98.250918,39.5674],[-98.264149,39.567403],[-98.269639,39.567399],[-98.282893,39.567421],[-98.288373,39.567436],[-98.301594,39.567388],[-98.307083,39.567386],[-98.31539,39.567399],[-98.325625,39.567339],[-98.338671,39.567248],[-98.341585,39.567335],[-98.344553,39.567335],[-98.357683,39.567369],[-98.363184,39.567302],[-98.37645,39.567387]]]]}},{"type":"Feature","properties":{"id":108,"NAME":"108","text-color":"#000000","text-size":16,"labelx":-94.75174,"labely":38.916999,"TotalPop":24157,"PopDevPct":0.02782449,"DemPct":0.5250218,"RepPct":0.42127289,"WhitePct":0.76493573,"MinorityPct":0.23506427,"BlackPct":0.0870437,"HispanicPct":0.07244216,"PacificPct":0.0018509,"AsianPct":0.05269923,"NativePct":0.01881748,"TotalVAP":19450,"Margin":0.0250218,"color":"#000082","opacity":"0.5"},"geometry":{"type":"MultiPolygon","coordinates":[[[[-94.742423,38.912854],[-94.742479,38.914204],[-94.742315,38.918292],[-94.742276,38.920191],[-94.74227,38.920517],[-94.742222,38.922876],[-94.742193,38.924293],[-94.742182,38.925927],[-94.742128,38.927432],[-94.738699,38.927431],[-94.737489,38.927431],[-94.735561,38.927431],[-94.733819,38.927452],[-94.733482,38.927446],[-94.729505,38.927442],[-94.723524,38.927439],[-94.723524,38.930102],[-94.72353,38.93243],[-94.723642,38.934001],[-94.723645,38.935082],[-94.733736,38.934852],[-94.737511,38.934846],[-94.740765,38.935568],[-94.742177,38.936209],[-94.742177,38.936539],[-94.742176,38.937733],[-94.742183,38.938391],[-94.737514,38.938392],[-94.737523,38.942035],[-94.738016,38.942034],[-94.739613,38.942039],[-94.74059,38.942033],[-94.741561,38.94203],[-94.742189,38.942023],[-94.742199,38.944166],[-94.742196,38.945339],[-94.738622,38.949527],[-94.732602,38.956527],[-94.723636,38.965947],[-94.718999,38.970805],[-94.718999,38.971112],[-94.719038,38.971111],[-94.721343,38.971105],[-94.721502,38.971103],[-94.723648,38.9711],[-94.725456,38.971059],[-94.72723,38.971053],[-94.728307,38.971055],[-94.730726,38.971023],[-94.732969,38.971017],[-94.73564,38.971016],[-94.738047,38.971024],[-94.73997,38.971021],[-94.741252,38.971037],[-94.742292,38.971087],[-94.745755,38.971162],[-94.749323,38.971038],[-94.751033,38.971041],[-94.75293,38.971044],[-94.757767,38.97105],[-94.76098,38.971053],[-94.765643,38.971037],[-94.76751,38.971038],[-94.770232,38.971031],[-94.770394,38.971029],[-94.77219,38.971024],[-94.776153,38.970997],[-94.776574,38.971003],[-94.779723,38.970989],[-94.77967,38.969634],[-94.77965,38.969041],[-94.779644,38.968501],[-94.779636,38.967411],[-94.779609,38.965427],[-94.77959,38.963706],[-94.77956,38.960395],[-94.77953,38.957825],[-94.779512,38.956421],[-94.77696,38.956432],[-94.775088,38.956443],[-94.774623,38.956446],[-94.772508,38.956456],[-94.770212,38.956463],[-94.764819,38.95647],[-94.764848,38.957027],[-94.764634,38.959692],[-94.765719,38.959757],[-94.76641,38.960282],[-94.767148,38.961096],[-94.767781,38.962957],[-94.766051,38.963357],[-94.765598,38.96336],[-94.764099,38.963368],[-94.760916,38.963367],[-94.760244,38.963355],[-94.759221,38.963363],[-94.756712,38.963354],[-94.755084,38.963369],[-94.754343,38.964155],[-94.752105,38.964154],[-94.752148,38.961528],[-94.752095,38.960613],[-94.750827,38.960411],[-94.748131,38.960632],[-94.747361,38.960549],[-94.74702,38.96004],[-94.744634,38.960284],[-94.743443,38.960284],[-94.742224,38.960217],[-94.743444,38.959718],[-94.744652,38.959168],[-94.746223,38.958223],[-94.747747,38.956286],[-94.749276,38.952855],[-94.7508,38.951002],[-94.751682,38.949201],[-94.751783,38.947338],[-94.751788,38.944485],[-94.751769,38.943198],[-94.751762,38.941561],[-94.751762,38.941108],[-94.751771,38.939636],[-94.751783,38.936734],[-94.752459,38.934725],[-94.758044,38.928095],[-94.758681,38.927353],[-94.760262,38.925504],[-94.763585,38.921622],[-94.764918,38.920063],[-94.764637,38.920062],[-94.764142,38.920065],[-94.763799,38.920071],[-94.762248,38.920086],[-94.760865,38.920039],[-94.760992,38.918459],[-94.761604,38.916791],[-94.761,38.915491],[-94.761016,38.914251],[-94.761031,38.912778],[-94.761028,38.911462],[-94.761018,38.910309],[-94.761028,38.90821],[-94.761025,38.906345],[-94.761002,38.90384],[-94.760991,38.90255],[-94.760993,38.901876],[-94.761778,38.901878],[-94.763818,38.903475],[-94.765039,38.904362],[-94.766148,38.904371],[-94.768467,38.90425],[-94.768861,38.901962],[-94.770803,38.902248],[-94.770835,38.901355],[-94.771857,38.901448],[-94.773968,38.901081],[-94.774195,38.900344],[-94.774167,38.899962],[-94.774214,38.899339],[-94.774466,38.89869],[-94.774498,38.898243],[-94.77309,38.898235],[-94.770798,38.898227],[-94.768771,38.898207],[-94.766685,38.898195],[-94.766129,38.898203],[-94.763086,38.898182],[-94.761015,38.89817],[-94.760564,38.898174],[-94.754774,38.898133],[-94.752889,38.898092],[-94.751461,38.897823],[-94.750585,38.898073],[-94.749898,38.898036],[-94.746896,38.898175],[-94.744635,38.898186],[-94.742359,38.898247],[-94.742382,38.900962],[-94.742391,38.903242],[-94.742381,38.906254],[-94.742381,38.906489],[-94.742378,38.908838],[-94.742423,38.912854]]]]}},{"type":"Feature","properties":{"id":109,"NAME":"109","text-color":"#000000","text-size":16,"labelx":-98.243436,"labely":38.904599,"TotalPop":23076,"PopDevPct":-0.01816956,"DemPct":0.18417132,"RepPct":0.7820298,"WhitePct":0.91222777,"MinorityPct":0.08777223,"BlackPct":0.02090076,"HispanicPct":0.03231115,"PacificPct":0.00098744,"AsianPct":0.00784464,"NativePct":0.02320478,"TotalVAP":18229,"Margin":-0.31582868,"color":"#820000","opacity":"0.5"},"geometry":{"type":"MultiPolygon","coordinates":[[[[-98.819901,38.696774],[-98.818435,38.696777],[-98.812073,38.696788],[-98.801399,38.696792],[-98.79353,38.696795],[-98.782843,38.696787],[-98.775316,38.696783],[-98.765937,38.696787],[-98.764308,38.696789],[-98.756455,38.696793],[-98.74575,38.696777],[-98.737914,38.696766],[-98.72716,38.696741],[-98.719946,38.696725],[-98.708627,38.696708],[-98.70145,38.696699],[-98.692504,38.696709],[-98.690072,38.696711],[-98.682733,38.696719],[-98.671502,38.696758],[-98.664338,38.696784],[-98.652879,38.696805],[-98.645943,38.696819],[-98.634711,38.696832],[-98.626714,38.696842],[-98.616183,38.696856],[-98.608664,38.696868],[-98.596982,38.696866],[-98.59009,38.696865],[-98.578733,38.696845],[-98.5718,38.696832],[-98.560131,38.696827],[-98.547602,38.696911],[-98.534517,38.69677],[-98.523186,38.696753],[-98.516699,38.696744],[-98.504634,38.696783],[-98.497608,38.696807],[-98.486108,38.696878],[-98.479958,38.696916],[-98.479913,38.681528],[-98.479984,38.652518],[-98.479974,38.637983],[-98.479926,38.623479],[-98.479896,38.608991],[-98.479972,38.594463],[-98.480088,38.579897],[-98.480083,38.565398],[-98.480107,38.550874],[-98.480149,38.54269],[-98.480181,38.536338],[-98.480377,38.521841],[-98.461802,38.521822],[-98.443474,38.521832],[-98.424992,38.521832],[-98.406532,38.521865],[-98.397232,38.521869],[-98.388,38.521908],[-98.380891,38.521904],[-98.378039,38.521625],[-98.3776,38.521868],[-98.36947,38.52179],[-98.361054,38.521814],[-98.35574,38.521779],[-98.349644,38.521772],[-98.33117,38.521903],[-98.312711,38.521924],[-98.294218,38.521965],[-98.2758,38.522071],[-98.266332,38.522129],[-98.257057,38.522176],[-98.238531,38.522167],[-98.220022,38.522155],[-98.201561,38.522104],[-98.18295,38.52211],[-98.1644,38.522133],[-98.159738,38.522136],[-98.159276,38.522135],[-98.156582,38.522138],[-98.154838,38.522143],[-98.151081,38.522192],[-98.145939,38.52219],[-98.127521,38.522206],[-98.109046,38.522206],[-98.090488,38.522216],[-98.081166,38.522228],[-98.07193,38.522225],[-98.034989,38.522245],[-98.018691,38.522228],[-98.01693,38.522419],[-98.016582,38.522359],[-97.998362,38.52236],[-97.970712,38.522335],[-97.963409,38.522286],[-97.924269,38.522755],[-97.924551,38.551476],[-97.924668,38.555962],[-97.924892,38.566098],[-97.924848,38.580664],[-97.924832,38.5952],[-97.92483,38.595294],[-97.924722,38.598038],[-97.92472,38.598091],[-97.924716,38.59814],[-97.924637,38.599152],[-97.92483,38.599542],[-97.924795,38.60988],[-97.924813,38.624338],[-97.924859,38.638546],[-97.924789,38.638695],[-97.924808,38.650467],[-97.925068,38.682279],[-97.92516,38.69682],[-97.92846,38.696974],[-97.928428,38.711454],[-97.928446,38.753429],[-97.928348,38.755599],[-97.92849,38.763421],[-97.92847,38.783964],[-97.928398,38.795891],[-97.928503,38.806513],[-97.928353,38.814347],[-97.928376,38.815452],[-97.928439,38.82756],[-97.928442,38.831084],[-97.928505,38.841998],[-97.928577,38.856506],[-97.928592,38.871099],[-97.928595,38.871121],[-97.928695,38.877676],[-97.928761,38.878506],[-97.928778,38.878748],[-97.928967,38.882176],[-97.928653,38.883577],[-97.928681,38.900126],[-97.928665,38.914688],[-97.928663,38.914848],[-97.928617,38.929202],[-97.928587,38.94372],[-97.92856,38.958264],[-97.92856,38.958395],[-97.928479,38.971551],[-97.928446,38.987342],[-97.928379,38.99909],[-97.928514,38.999347],[-97.928427,39.001822],[-97.928424,39.00704],[-97.928414,39.012709],[-97.928391,39.016353],[-97.928326,39.030897],[-97.928895,39.045387],[-97.928919,39.059933],[-97.928845,39.079788],[-97.928832,39.103475],[-97.92884,39.117973],[-97.92834,39.125003],[-97.928426,39.132066],[-97.930344,39.132146],[-97.930021,39.132492],[-97.929963,39.146707],[-97.929954,39.14998],[-97.929893,39.157425],[-97.929756,39.157727],[-97.929853,39.164954],[-97.92978,39.175791],[-97.929875,39.190279],[-97.92989,39.198028],[-97.929718,39.204733],[-97.929746,39.219273],[-97.930848,39.219182],[-97.948772,39.219169],[-97.952568,39.219128],[-97.962004,39.218757],[-97.981881,39.218868],[-97.987454,39.219025],[-98.004857,39.219216],[-98.011237,39.219222],[-98.013497,39.219218],[-98.023481,39.219216],[-98.028482,39.219096],[-98.042031,39.219035],[-98.046832,39.219012],[-98.047151,39.219188],[-98.060671,39.219207],[-98.062809,39.219189],[-98.067734,39.219223],[-98.093209,39.219402],[-98.100813,39.219198],[-98.106686,39.219204],[-98.125328,39.219221],[-98.154008,39.219158],[-98.177687,39.219107],[-98.178174,39.219348],[-98.191192,39.219338],[-98.209804,39.219291],[-98.228318,39.219421],[-98.246423,39.219348],[-98.247051,39.219491],[-98.265569,39.219573],[-98.284254,39.219538],[-98.302818,39.219728],[-98.313863,39.219737],[-98.321826,39.219511],[-98.340385,39.219478],[-98.35893,39.219451],[-98.377897,39.219399],[-98.387916,39.219445],[-98.396916,39.219487],[-98.415537,39.219378],[-98.434193,39.219412],[-98.452833,39.219586],[-98.457381,39.219615],[-98.471492,39.21967],[-98.490149,39.21978],[-98.490107,39.234282],[-98.490068,39.241666],[-98.490076,39.248797],[-98.490073,39.252482],[-98.490054,39.263301],[-98.490054,39.263355],[-98.490005,39.285041],[-98.489972,39.292321],[-98.490047,39.306844],[-98.489979,39.3213],[-98.489945,39.335942],[-98.489857,39.350319],[-98.489836,39.356026],[-98.489789,39.364831],[-98.489749,39.37935],[-98.489722,39.39365],[-98.489638,39.408009],[-98.48948,39.425672],[-98.489276,39.425929],[-98.48927,39.427251],[-98.489269,39.427516],[-98.48925,39.432035],[-98.48925,39.432371],[-98.48923,39.436908],[-98.489239,39.437364],[-98.489321,39.438706],[-98.489095,39.451259],[-98.488811,39.465804],[-98.488509,39.480233],[-98.488398,39.485505],[-98.488321,39.48915],[-98.488388,39.494883],[-98.48814,39.508843],[-98.488146,39.509323],[-98.488014,39.516315],[-98.487881,39.523874],[-98.487674,39.538395],[-98.487586,39.542629],[-98.487377,39.553034],[-98.487384,39.567492],[-98.502741,39.567536],[-98.505266,39.567603],[-98.505152,39.569754],[-98.505081,39.582017],[-98.505044,39.596564],[-98.505009,39.61106],[-98.50491,39.625576],[-98.50489,39.639113],[-98.504797,39.644153],[-98.504979,39.65453],[-98.504955,39.666434],[-98.504792,39.671407],[-98.504647,39.683528],[-98.50458,39.697976],[-98.504528,39.712451],[-98.50444,39.726929],[-98.504452,39.732951],[-98.504373,39.741384],[-98.504362,39.755893],[-98.504345,39.770396],[-98.504232,39.784727],[-98.504271,39.796075],[-98.504388,39.799294],[-98.504283,39.806431],[-98.504138,39.813824],[-98.503975,39.828317],[-98.50401,39.842666],[-98.504007,39.842839],[-98.504063,39.849834],[-98.504178,39.855979],[-98.504094,39.859133],[-98.504292,39.86456],[-98.504153,39.874151],[-98.504288,39.879066],[-98.504368,39.900768],[-98.50446,39.915291],[-98.504532,39.925303],[-98.504415,39.935745],[-98.504441,39.937209],[-98.504395,39.944221],[-98.504342,39.955122],[-98.504653,39.95875],[-98.504655,39.965414],[-98.504255,39.967541],[-98.504478,39.968849],[-98.504414,39.973242],[-98.504697,39.985996],[-98.504468,39.987763],[-98.504455,40.002291],[-98.519334,40.002449],[-98.523309,40.002335],[-98.54195,40.002272],[-98.556991,40.002432],[-98.560844,40.002281],[-98.575218,40.00248],[-98.57985,40.002401],[-98.593517,40.002475],[-98.60683,40.002383],[-98.616414,40.002409],[-98.625383,40.002335],[-98.635193,40.00239],[-98.641165,40.002523],[-98.652529,40.002393],[-98.653945,40.002267],[-98.669724,40.00241],[-98.681706,40.00246],[-98.681833,40.002461],[-98.68196,40.002463],[-98.682088,40.002464],[-98.682215,40.002466],[-98.691404,40.002504],[-98.692686,40.0024],[-98.706898,40.0024],[-98.719927,40.002205],[-98.726373,40.0024],[-98.729035,40.002321],[-98.748172,40.002247],[-98.756223,40.002232],[-98.766738,40.002336],[-98.784208,40.002286],[-98.784275,40.002382],[-98.804197,40.002339],[-98.810673,40.00238],[-98.828618,40.002343],[-98.831808,40.002409],[-98.842505,40.002337],[-98.863378,40.002395],[-98.879575,40.002302],[-98.898158,40.002303],[-98.909255,40.002266],[-98.926616,40.002289],[-98.934847,40.002181],[-98.953885,40.002303],[-98.971775,40.002266],[-98.991593,40.002194],[-99.003226,40.002241],[-99.02952,40.002212],[-99.048405,40.002202],[-99.066507,40.002346],[-99.067046,40.002348],[-99.066778,40.000366],[-99.066967,40.00008],[-99.066905,39.993032],[-99.06698,39.973809],[-99.066921,39.9677],[-99.067052,39.959398],[-99.067068,39.944957],[-99.067115,39.93044],[-99.067092,39.916031],[-99.067093,39.915941],[-99.067005,39.901564],[-99.066914,39.887079],[-99.066857,39.872583],[-99.066786,39.858154],[-99.066713,39.843585],[-99.066614,39.837036],[-99.066633,39.829133],[-99.066582,39.814617],[-99.066573,39.799998],[-99.066417,39.785576],[-99.066408,39.776596],[-99.066438,39.770923],[-99.066426,39.763687],[-99.066436,39.756499],[-99.066455,39.742015],[-99.066433,39.727476],[-99.066423,39.712559],[-99.066369,39.698495],[-99.066286,39.687501],[-99.066314,39.668806],[-99.066282,39.65568],[-99.066293,39.654845],[-99.066366,39.647776],[-99.066443,39.640549],[-99.066432,39.62602],[-99.066391,39.611564],[-99.066312,39.59705],[-99.066206,39.58955],[-99.066229,39.582504],[-99.066193,39.575571],[-99.06622,39.568125],[-99.063046,39.568092],[-99.047557,39.568041],[-99.044398,39.568035],[-99.044393,39.560308],[-99.0444,39.556945],[-99.044398,39.553116],[-99.044128,39.551842],[-99.044228,39.53857],[-99.044157,39.527623],[-99.044388,39.524078],[-99.044399,39.509547],[-99.044438,39.495031],[-99.044422,39.480562],[-99.044577,39.477564],[-99.044856,39.466069],[-99.045022,39.461051],[-99.045119,39.45905],[-99.045113,39.458916],[-99.04508,39.458465],[-99.045229,39.453774],[-99.045235,39.448918],[-99.04557,39.444349],[-99.045604,39.44066],[-99.046075,39.426325],[-99.046091,39.419207],[-99.045921,39.416152],[-99.045288,39.393847],[-99.045612,39.380144],[-99.045743,39.379448],[-99.046137,39.36482],[-99.04665,39.350476],[-99.046672,39.335926],[-99.04674,39.321365],[-99.04864,39.306932],[-99.048148,39.296904],[-99.048212,39.29234],[-99.048105,39.287886],[-99.048076,39.277957],[-99.047544,39.263366],[-99.047801,39.248899],[-99.047972,39.234377],[-99.048108,39.219671],[-99.048115,39.20538],[-99.048139,39.194459],[-99.048158,39.192119],[-99.048021,39.189273],[-99.048095,39.188001],[-99.04807,39.183632],[-99.048074,39.177266],[-99.047927,39.165931],[-99.047799,39.162009],[-99.047562,39.147432],[-99.047687,39.133014],[-99.0375,39.133121],[-99.037707,39.12549],[-99.037987,39.119607],[-99.037875,39.103954],[-99.037971,39.089467],[-99.03789,39.074879],[-99.03789,39.064196],[-99.038045,39.0495],[-99.038131,39.046003],[-99.038256,39.040871],[-99.038097,39.034023],[-99.038227,39.033693],[-99.0385,39.016173],[-99.038598,39.00894],[-99.038678,39.002335],[-99.038842,38.987198],[-99.03902,38.972647],[-99.039182,38.958141],[-99.039203,38.951288],[-99.039419,38.929123],[-99.039492,38.914526],[-99.039596,38.900029],[-99.039709,38.885474],[-99.039786,38.877231],[-99.039782,38.876299],[-99.039864,38.870923],[-99.039336,38.863834],[-99.039331,38.863577],[-99.03926,38.857228],[-99.039447,38.856109],[-99.039716,38.841873],[-99.039941,38.827325],[-99.040237,38.812808],[-99.040376,38.804772],[-99.040151,38.802505],[-99.040494,38.798324],[-99.040548,38.79479],[-99.040761,38.783741],[-99.041096,38.769243],[-99.041387,38.754731],[-99.041329,38.749889],[-99.041943,38.73305],[-99.041987,38.729674],[-99.042064,38.725727],[-99.042337,38.711801],[-99.042626,38.696807],[-99.032971,38.696759],[-99.024096,38.696756],[-99.014659,38.696752],[-98.996137,38.696763],[-98.986919,38.696766],[-98.977571,38.69677],[-98.968396,38.696788],[-98.958865,38.696807],[-98.949791,38.696819],[-98.940461,38.696833],[-98.931282,38.696828],[-98.921959,38.696824],[-98.912669,38.69682],[-98.904748,38.696819],[-98.886291,38.696801],[-98.875585,38.696792],[-98.870532,38.696789],[-98.867954,38.696787],[-98.849375,38.696747],[-98.838498,38.696752],[-98.830954,38.696756],[-98.819901,38.696774]]]]}},{"type":"Feature","properties":{"id":110,"NAME":"110","text-color":"#000000","text-size":16,"labelx":-99.505307,"labely":39.562868,"TotalPop":22587,"PopDevPct":-0.03897538,"DemPct":0.15678045,"RepPct":0.80880433,"WhitePct":0.92217767,"MinorityPct":0.07782233,"BlackPct":0.02117807,"HispanicPct":0.028068,"PacificPct":0.00225899,"AsianPct":0.00672051,"NativePct":0.02033094,"TotalVAP":17707,"Margin":-0.34321955,"color":"#f80d00","opacity":"0.5"},"geometry":{"type":"MultiPolygon","coordinates":[[[[-99.605187,39.132481],[-99.593688,39.13244],[-99.591776,39.132357],[-99.592018,39.122044],[-99.592063,39.116852],[-99.592139,39.113217],[-99.592321,39.102326],[-99.592565,39.087765],[-99.592983,39.078765],[-99.592825,39.074455],[-99.593081,39.073172],[-99.592891,39.070274],[-99.593126,39.05889],[-99.593507,39.038167],[-99.593641,39.035026],[-99.593647,39.029906],[-99.593839,39.015378],[-99.594073,39.000911],[-99.594274,38.986406],[-99.594492,38.971903],[-99.594673,38.957587],[-99.594673,38.957361],[-99.594728,38.950445],[-99.594731,38.950211],[-99.594786,38.942953],[-99.594763,38.937883],[-99.594751,38.937247],[-99.59497,38.935745],[-99.594976,38.935238],[-99.594855,38.928458],[-99.595005,38.913939],[-99.59513,38.899421],[-99.595291,38.884926],[-99.595456,38.870457],[-99.595514,38.861556],[-99.595743,38.841435],[-99.59592,38.826931],[-99.596202,38.812715],[-99.596272,38.798372],[-99.596297,38.797916],[-99.596372,38.790881],[-99.596728,38.78199],[-99.596757,38.768844],[-99.596948,38.755392],[-99.59742,38.738161],[-99.597404,38.736874],[-99.597359,38.734966],[-99.597709,38.725429],[-99.598152,38.714168],[-99.598083,38.710955],[-99.598323,38.696514],[-99.585087,38.696537],[-99.567047,38.696597],[-99.563428,38.696608],[-99.560893,38.696601],[-99.548256,38.696621],[-99.529699,38.696633],[-99.523429,38.696634],[-99.511197,38.696631],[-99.505545,38.696629],[-99.492685,38.696649],[-99.487053,38.696632],[-99.474254,38.696637],[-99.468558,38.696638],[-99.456483,38.696684],[-99.450031,38.696693],[-99.434898,38.696693],[-99.428879,38.696676],[-99.419595,38.696697],[-99.41309,38.696702],[-99.398304,38.696751],[-99.394748,38.696766],[-99.375383,38.69692],[-99.364152,38.696815],[-99.357654,38.696803],[-99.346162,38.696828],[-99.329832,38.696839],[-99.32766,38.696831],[-99.320672,38.696825],[-99.320364,38.696823],[-99.319521,38.69683],[-99.302039,38.696855],[-99.284489,38.696861],[-99.282983,38.696866],[-99.273576,38.696888],[-99.272124,38.696911],[-99.264893,38.696918],[-99.262869,38.696922],[-99.25371,38.696934],[-99.244578,38.696945],[-99.241781,38.696947],[-99.233608,38.697012],[-99.226462,38.696913],[-99.20947,38.696951],[-99.198704,38.696972],[-99.190981,38.696978],[-99.18024,38.697014],[-99.174373,38.697021],[-99.17219,38.697007],[-99.163135,38.697034],[-99.155329,38.697049],[-99.152422,38.697047],[-99.150995,38.697046],[-99.146189,38.69702],[-99.143224,38.697015],[-99.12544,38.696967],[-99.116792,38.69695],[-99.098262,38.696882],[-99.088986,38.696854],[-99.079377,38.696876],[-99.065091,38.697021],[-99.060755,38.696964],[-99.05147,38.696847],[-99.042626,38.696807],[-99.042337,38.711801],[-99.042064,38.725727],[-99.041987,38.729674],[-99.041943,38.73305],[-99.041329,38.749889],[-99.041387,38.754731],[-99.041096,38.769243],[-99.040761,38.783741],[-99.040548,38.79479],[-99.040494,38.798324],[-99.040151,38.802505],[-99.040376,38.804772],[-99.040237,38.812808],[-99.039941,38.827325],[-99.039716,38.841873],[-99.039447,38.856109],[-99.03926,38.857228],[-99.039331,38.863577],[-99.039336,38.863834],[-99.039864,38.870923],[-99.039782,38.876299],[-99.039786,38.877231],[-99.039709,38.885474],[-99.039596,38.900029],[-99.039492,38.914526],[-99.039419,38.929123],[-99.039203,38.951288],[-99.039182,38.958141],[-99.03902,38.972647],[-99.038842,38.987198],[-99.038678,39.002335],[-99.038598,39.00894],[-99.0385,39.016173],[-99.038227,39.033693],[-99.038097,39.034023],[-99.038256,39.040871],[-99.038131,39.046003],[-99.038045,39.0495],[-99.03789,39.064196],[-99.03789,39.074879],[-99.037971,39.089467],[-99.037875,39.103954],[-99.037987,39.119607],[-99.037707,39.12549],[-99.0375,39.133121],[-99.047687,39.133014],[-99.047562,39.147432],[-99.047799,39.162009],[-99.047927,39.165931],[-99.048074,39.177266],[-99.04807,39.183632],[-99.048095,39.188001],[-99.048021,39.189273],[-99.048158,39.192119],[-99.048139,39.194459],[-99.048115,39.20538],[-99.048108,39.219671],[-99.047972,39.234377],[-99.047801,39.248899],[-99.047544,39.263366],[-99.048076,39.277957],[-99.048105,39.287886],[-99.048212,39.29234],[-99.048148,39.296904],[-99.04864,39.306932],[-99.04674,39.321365],[-99.046672,39.335926],[-99.04665,39.350476],[-99.046137,39.36482],[-99.045743,39.379448],[-99.045612,39.380144],[-99.045288,39.393847],[-99.045921,39.416152],[-99.046091,39.419207],[-99.046075,39.426325],[-99.045604,39.44066],[-99.04557,39.444349],[-99.045235,39.448918],[-99.045229,39.453774],[-99.04508,39.458465],[-99.045113,39.458916],[-99.045119,39.45905],[-99.045022,39.461051],[-99.044856,39.466069],[-99.044577,39.477564],[-99.044422,39.480562],[-99.044438,39.495031],[-99.044399,39.509547],[-99.044388,39.524078],[-99.044157,39.527623],[-99.044228,39.53857],[-99.044128,39.551842],[-99.044398,39.553116],[-99.0444,39.556945],[-99.044393,39.560308],[-99.044398,39.568035],[-99.047557,39.568041],[-99.063046,39.568092],[-99.06622,39.568125],[-99.066193,39.575571],[-99.066229,39.582504],[-99.066206,39.58955],[-99.066312,39.59705],[-99.066391,39.611564],[-99.066432,39.62602],[-99.066443,39.640549],[-99.066366,39.647776],[-99.066293,39.654845],[-99.066282,39.65568],[-99.066314,39.668806],[-99.066286,39.687501],[-99.066369,39.698495],[-99.066423,39.712559],[-99.066433,39.727476],[-99.066455,39.742015],[-99.066436,39.756499],[-99.066426,39.763687],[-99.066438,39.770923],[-99.066408,39.776596],[-99.066417,39.785576],[-99.066573,39.799998],[-99.066582,39.814617],[-99.066633,39.829133],[-99.066614,39.837036],[-99.066713,39.843585],[-99.066786,39.858154],[-99.066857,39.872583],[-99.066914,39.887079],[-99.067005,39.901564],[-99.067093,39.915941],[-99.067092,39.916031],[-99.067115,39.93044],[-99.067068,39.944957],[-99.067052,39.959398],[-99.066921,39.9677],[-99.06698,39.973809],[-99.066905,39.993032],[-99.066967,40.00008],[-99.066778,40.000366],[-99.067046,40.002348],[-99.081686,40.002293],[-99.08571,40.002133],[-99.104461,40.002168],[-99.123083,40.002137],[-99.14763,40.00209],[-99.160701,40.002106],[-99.170153,40.002115],[-99.179134,40.002013],[-99.197805,40.002031],[-99.216597,40.002046],[-99.235275,40.002037],[-99.254034,40.002056],[-99.272916,40.002013],[-99.287219,40.002026],[-99.29091,40.001947],[-99.309801,40.001812],[-99.316495,40.00187],[-99.338441,40.001833],[-99.352207,40.001907],[-99.366774,40.001861],[-99.372506,40.001843],[-99.375376,40.002136],[-99.385054,40.002057],[-99.403389,40.001969],[-99.403524,40.002106],[-99.41305,40.002082],[-99.414065,40.00192],[-99.423611,40.00227],[-99.429045,40.002241],[-99.441023,40.002163],[-99.446257,40.00215],[-99.461435,40.002072],[-99.464149,40.002055],[-99.480163,40.001896],[-99.480698,40.001971],[-99.49281,40.001937],[-99.497542,40.001911],[-99.501048,40.002049],[-99.515339,40.001965],[-99.517851,40.001968],[-99.53529,40.001958],[-99.552022,40.001941],[-99.569852,40.001967],[-99.588949,40.001875],[-99.606966,40.001873],[-99.625324,40.001859],[-99.644195,40.001821],[-99.662992,40.001817],[-99.681926,40.001833],[-99.70076,40.001807],[-99.719594,40.001817],[-99.737771,40.001759],[-99.745802,40.001653],[-99.746629,40.00182],[-99.756835,40.001342],[-99.757013,40.001479],[-99.764214,40.001551],[-99.772102,40.001751],[-99.77564,40.001647],[-99.813433,40.001362],[-99.81385,40.001501],[-99.832217,40.001563],[-99.850072,40.001619],[-99.857543,40.001542],[-99.869266,40.00156],[-99.875399,40.001676],[-99.890641,40.001654],[-99.906603,40.001618],[-99.921139,40.001663],[-99.92456,40.001614],[-99.944637,40.001585],[-99.948531,40.001818],[-99.984617,40.001563],[-99.991631,40.001645],[-100.0192,40.001656],[-100.038065,40.001674],[-100.056433,40.001632],[-100.061812,40.001711],[-100.075047,40.001536],[-100.075275,40.001607],[-100.094093,40.001601],[-100.112801,40.001655],[-100.131525,40.001655],[-100.150471,40.001641],[-100.169375,40.001644],[-100.177794,40.001602],[-100.178276,39.998801],[-100.178168,39.9942],[-100.178186,39.986919],[-100.178215,39.974069],[-100.178248,39.972326],[-100.178428,39.957845],[-100.178482,39.948924],[-100.178727,39.933285],[-100.178859,39.92876],[-100.179059,39.92401],[-100.179098,39.914251],[-100.17909,39.885354],[-100.179109,39.870924],[-100.179455,39.856441],[-100.179309,39.856276],[-100.179301,39.844125],[-100.179281,39.841931],[-100.179349,39.83832],[-100.179452,39.832918],[-100.179525,39.827502],[-100.179854,39.798525],[-100.180006,39.784075],[-100.180079,39.769571],[-100.180119,39.755072],[-100.180151,39.742424],[-100.180168,39.740613],[-100.180163,39.739847],[-100.18016,39.737562],[-100.18017,39.737187],[-100.180181,39.736249],[-100.180178,39.734722],[-100.18015,39.731656],[-100.180156,39.730484],[-100.180168,39.721444],[-100.179939,39.718653],[-100.179884,39.708276],[-100.17994,39.682859],[-100.179927,39.668369],[-100.179964,39.661304],[-100.179959,39.653873],[-100.179977,39.64667],[-100.180026,39.639584],[-100.180353,39.639173],[-100.179975,39.638135],[-100.180021,39.632085],[-100.180186,39.610496],[-100.180254,39.596031],[-100.180326,39.584215],[-100.180345,39.581609],[-100.180419,39.574119],[-100.180351,39.56689],[-100.173602,39.567096],[-100.161667,39.567277],[-100.161863,39.551998],[-100.162018,39.547162],[-100.161902,39.542481],[-100.1621,39.537897],[-100.162127,39.523462],[-100.162158,39.50898],[-100.162208,39.494479],[-100.162165,39.480054],[-100.162156,39.465464],[-100.162055,39.436467],[-100.162076,39.421954],[-100.162125,39.407421],[-100.162069,39.392939],[-100.162299,39.378704],[-100.162472,39.354741],[-100.162573,39.352172],[-100.162482,39.349439],[-100.162492,39.348378],[-100.162917,39.306253],[-100.16335,39.263551],[-100.163352,39.262548],[-100.16354,39.247948],[-100.163574,39.24778],[-100.163656,39.233519],[-100.163741,39.218989],[-100.163826,39.204282],[-100.164044,39.189992],[-100.164048,39.17549],[-100.164125,39.160984],[-100.164246,39.146507],[-100.164347,39.134978],[-100.1642,39.132071],[-100.163548,39.131908],[-100.14794,39.132179],[-100.144666,39.13213],[-100.129353,39.131902],[-100.126916,39.131954],[-100.107479,39.131709],[-100.087994,39.131721],[-100.085078,39.131767],[-100.070724,39.131938],[-100.054605,39.1319],[-100.054436,39.131753],[-100.035565,39.13169],[-100.032754,39.131751],[-100.017603,39.13174],[-100.014941,39.131953],[-100.008571,39.131828],[-99.999811,39.132002],[-99.980465,39.132037],[-99.977691,39.132048],[-99.961914,39.132143],[-99.961884,39.131909],[-99.938459,39.131953],[-99.93123,39.131839],[-99.921855,39.13188],[-99.906685,39.131904],[-99.903218,39.132095],[-99.888323,39.132065],[-99.880243,39.132095],[-99.86817,39.132119],[-99.86003,39.13199],[-99.850746,39.131976],[-99.831476,39.13186],[-99.828671,39.132084],[-99.810075,39.132113],[-99.795788,39.132137],[-99.791364,39.13215],[-99.778002,39.132173],[-99.772842,39.132178],[-99.739965,39.132282],[-99.735591,39.132288],[-99.717038,39.132276],[-99.70608,39.132268],[-99.69837,39.132296],[-99.684772,39.132354],[-99.679626,39.13235],[-99.64744,39.13239],[-99.642415,39.132399],[-99.639726,39.132421],[-99.619269,39.132458],[-99.614038,39.132462],[-99.605187,39.132481]],[[-99.113704,38.856655],[-99.11393,38.842053],[-99.114197,38.82753],[-99.120041,38.827564],[-99.12077,38.829174],[-99.120803,38.830447],[-99.123239,38.830318],[-99.124299,38.831596],[-99.126745,38.831833],[-99.126996,38.832884],[-99.129496,38.833365],[-99.132535,38.835393],[-99.132689,38.82759],[-99.15173,38.827894],[-99.170238,38.827766],[-99.18872,38.827739],[-99.207236,38.827701],[-99.225817,38.827605],[-99.24437,38.827498],[-99.262699,38.827447],[-99.281221,38.827391],[-99.283673,38.827529],[-99.289893,38.827464],[-99.299618,38.827617],[-99.30006,38.827535],[-99.318566,38.827505],[-99.318619,38.835787],[-99.318519,38.841992],[-99.336972,38.842022],[-99.355549,38.842071],[-99.36707,38.841941],[-99.376042,38.847099],[-99.376381,38.854387],[-99.376611,38.862551],[-99.377017,38.867803],[-99.37828,38.894185],[-99.378285,38.894814],[-99.378297,38.895174],[-99.378601,38.904855],[-99.378608,38.908343],[-99.378615,38.912317],[-99.37749,38.914106],[-99.377341,38.914355],[-99.374071,38.919117],[-99.373936,38.919312],[-99.372609,38.921296],[-99.37211,38.928942],[-99.354355,38.928943],[-99.353297,38.928937],[-99.335685,38.92899],[-99.317429,38.929092],[-99.298496,38.929055],[-99.298781,38.914523],[-99.298782,38.914428],[-99.298039,38.914335],[-99.280325,38.914341],[-99.28035,38.913744],[-99.280154,38.913788],[-99.280136,38.914489],[-99.261507,38.914512],[-99.261754,38.899992],[-99.261953,38.885441],[-99.243632,38.885547],[-99.243781,38.878488],[-99.233735,38.878558],[-99.228569,38.878696],[-99.225102,38.879124],[-99.218636,38.879729],[-99.210834,38.879631],[-99.206598,38.87978],[-99.202559,38.880034],[-99.196321,38.880395],[-99.193783,38.880345],[-99.168599,38.878809],[-99.159212,38.878469],[-99.150948,38.878421],[-99.132611,38.87839],[-99.127706,38.878266],[-99.122338,38.877216],[-99.114171,38.874331],[-99.114173,38.874059],[-99.114206,38.871373],[-99.113825,38.860965],[-99.112697,38.858595],[-99.112502,38.858147],[-99.113731,38.857829],[-99.113704,38.856655]]]]}},{"type":"Feature","properties":{"id":111,"NAME":"111","text-color":"#000000","text-size":16,"labelx":-99.331284,"labely":38.88551,"TotalPop":24121,"PopDevPct":0.02629277,"DemPct":0.2913098,"RepPct":0.66931272,"WhitePct":0.86980681,"MinorityPct":0.13019319,"BlackPct":0.02051309,"HispanicPct":0.07026381,"PacificPct":0.00550478,"AsianPct":0.01770877,"NativePct":0.01734524,"TotalVAP":19256,"Margin":-0.2086902,"color":"#f80d00","opacity":"0.5"},"geometry":{"type":"MultiPolygon","coordinates":[[[[-99.113704,38.856655],[-99.113731,38.857829],[-99.112502,38.858147],[-99.112697,38.858595],[-99.113825,38.860965],[-99.114206,38.871373],[-99.114173,38.874059],[-99.114171,38.874331],[-99.122338,38.877216],[-99.127706,38.878266],[-99.132611,38.87839],[-99.150948,38.878421],[-99.159212,38.878469],[-99.168599,38.878809],[-99.193783,38.880345],[-99.196321,38.880395],[-99.202559,38.880034],[-99.206598,38.87978],[-99.210834,38.879631],[-99.218636,38.879729],[-99.225102,38.879124],[-99.228569,38.878696],[-99.233735,38.878558],[-99.243781,38.878488],[-99.243632,38.885547],[-99.261953,38.885441],[-99.261754,38.899992],[-99.261507,38.914512],[-99.280136,38.914489],[-99.280154,38.913788],[-99.28035,38.913744],[-99.280325,38.914341],[-99.298039,38.914335],[-99.298782,38.914428],[-99.298781,38.914523],[-99.298496,38.929055],[-99.317429,38.929092],[-99.335685,38.92899],[-99.353297,38.928937],[-99.354355,38.928943],[-99.37211,38.928942],[-99.372609,38.921296],[-99.373936,38.919312],[-99.374071,38.919117],[-99.377341,38.914355],[-99.37749,38.914106],[-99.378615,38.912317],[-99.378608,38.908343],[-99.378601,38.904855],[-99.378297,38.895174],[-99.378285,38.894814],[-99.37828,38.894185],[-99.377017,38.867803],[-99.376611,38.862551],[-99.376381,38.854387],[-99.376042,38.847099],[-99.36707,38.841941],[-99.355549,38.842071],[-99.336972,38.842022],[-99.318519,38.841992],[-99.318619,38.835787],[-99.318566,38.827505],[-99.30006,38.827535],[-99.299618,38.827617],[-99.289893,38.827464],[-99.283673,38.827529],[-99.281221,38.827391],[-99.262699,38.827447],[-99.24437,38.827498],[-99.225817,38.827605],[-99.207236,38.827701],[-99.18872,38.827739],[-99.170238,38.827766],[-99.15173,38.827894],[-99.132689,38.82759],[-99.132535,38.835393],[-99.129496,38.833365],[-99.126996,38.832884],[-99.126745,38.831833],[-99.124299,38.831596],[-99.123239,38.830318],[-99.120803,38.830447],[-99.12077,38.829174],[-99.120041,38.827564],[-99.114197,38.82753],[-99.11393,38.842053],[-99.113704,38.856655]]]]}},{"type":"Feature","properties":{"id":112,"NAME":"112","text-color":"#000000","text-size":16,"labelx":-98.816238,"labely":38.506076,"TotalPop":22577,"PopDevPct":-0.03940086,"DemPct":0.21277092,"RepPct":0.74761128,"WhitePct":0.80514169,"MinorityPct":0.19485831,"BlackPct":0.01928133,"HispanicPct":0.14163015,"PacificPct":0.00023371,"AsianPct":0.00455741,"NativePct":0.02833772,"TotalVAP":17115,"Margin":-0.28722908,"color":"#f80d00","opacity":"0.5"},"geometry":{"type":"MultiPolygon","coordinates":[[[[-98.70145,38.696699],[-98.708627,38.696708],[-98.719946,38.696725],[-98.72716,38.696741],[-98.737914,38.696766],[-98.74575,38.696777],[-98.756455,38.696793],[-98.764308,38.696789],[-98.765937,38.696787],[-98.775316,38.696783],[-98.782843,38.696787],[-98.79353,38.696795],[-98.801399,38.696792],[-98.812073,38.696788],[-98.818435,38.696777],[-98.819901,38.696774],[-98.830954,38.696756],[-98.838498,38.696752],[-98.849375,38.696747],[-98.867954,38.696787],[-98.870532,38.696789],[-98.875585,38.696792],[-98.886291,38.696801],[-98.904748,38.696819],[-98.912669,38.69682],[-98.921959,38.696824],[-98.931282,38.696828],[-98.940461,38.696833],[-98.949791,38.696819],[-98.958865,38.696807],[-98.968396,38.696788],[-98.977571,38.69677],[-98.986919,38.696766],[-98.996137,38.696763],[-99.014659,38.696752],[-99.024096,38.696756],[-99.032971,38.696759],[-99.033001,38.683061],[-99.032953,38.682024],[-99.032852,38.677041],[-99.032918,38.667402],[-99.032814,38.656565],[-99.033016,38.652859],[-99.032779,38.64781],[-99.032781,38.641606],[-99.033046,38.638343],[-99.033074,38.623857],[-99.033117,38.609366],[-99.03293,38.597314],[-99.032891,38.594793],[-99.033005,38.580247],[-99.032991,38.565731],[-99.032864,38.551238],[-99.032803,38.536675],[-99.032821,38.522587],[-99.032821,38.522205],[-99.032835,38.507605],[-99.033058,38.493097],[-99.032981,38.478579],[-99.032905,38.469615],[-99.032847,38.460709],[-99.032845,38.460317],[-99.032805,38.449522],[-99.032699,38.435012],[-99.03343,38.420919],[-99.033273,38.406379],[-99.033108,38.391839],[-99.032929,38.377349],[-99.03276,38.362858],[-99.032408,38.348334],[-99.01379,38.348064],[-98.995412,38.34781],[-98.977019,38.347567],[-98.97136,38.34749],[-98.958551,38.347317],[-98.940117,38.347068],[-98.921641,38.347144],[-98.921728,38.33262],[-98.921694,38.318103],[-98.921701,38.303597],[-98.921717,38.293018],[-98.921708,38.292558],[-98.921718,38.289071],[-98.92188,38.276048],[-98.922069,38.275714],[-98.922054,38.268752],[-98.922019,38.261365],[-98.921845,38.261227],[-98.912583,38.261088],[-98.903401,38.261163],[-98.894194,38.261176],[-98.885013,38.261166],[-98.876451,38.261164],[-98.869804,38.261211],[-98.858255,38.261121],[-98.857331,38.261115],[-98.848184,38.261078],[-98.839571,38.261043],[-98.829733,38.261024],[-98.821181,38.261012],[-98.820939,38.261011],[-98.811265,38.260954],[-98.802819,38.260942],[-98.792886,38.260915],[-98.789993,38.260922],[-98.784729,38.260868],[-98.774443,38.260848],[-98.766271,38.260853],[-98.751901,38.26081],[-98.737615,38.260824],[-98.729425,38.260829],[-98.71919,38.260802],[-98.710972,38.260828],[-98.70075,38.260844],[-98.700804,38.275473],[-98.700838,38.289991],[-98.700866,38.304467],[-98.700814,38.318932],[-98.700796,38.333409],[-98.70077,38.34207],[-98.697838,38.340254],[-98.696789,38.345565],[-98.700984,38.345714],[-98.701027,38.346385],[-98.695417,38.346546],[-98.690853,38.346981],[-98.688934,38.347805],[-98.687336,38.349407],[-98.686086,38.349797],[-98.684254,38.351605],[-98.682946,38.354466],[-98.679923,38.354672],[-98.677364,38.355176],[-98.675766,38.354969],[-98.673294,38.355793],[-98.672421,38.356549],[-98.669746,38.357487],[-98.667072,38.35728],[-98.66409,38.355757],[-98.663948,38.361945],[-98.663966,38.364361],[-98.663975,38.364648],[-98.66418,38.376483],[-98.664181,38.390988],[-98.645772,38.391082],[-98.627371,38.391103],[-98.608833,38.391161],[-98.590358,38.391283],[-98.572776,38.391034],[-98.554384,38.390962],[-98.535951,38.390847],[-98.517537,38.390832],[-98.499067,38.390922],[-98.48057,38.39105],[-98.480632,38.405597],[-98.480649,38.420138],[-98.48064,38.434674],[-98.480597,38.44633],[-98.480438,38.463698],[-98.48043,38.47824],[-98.480393,38.49277],[-98.48038,38.507282],[-98.480377,38.520509],[-98.480377,38.521841],[-98.480181,38.536338],[-98.480149,38.54269],[-98.480107,38.550874],[-98.480083,38.565398],[-98.480088,38.579897],[-98.479972,38.594463],[-98.479896,38.608991],[-98.479926,38.623479],[-98.479974,38.637983],[-98.479984,38.652518],[-98.479913,38.681528],[-98.479958,38.696916],[-98.486108,38.696878],[-98.497608,38.696807],[-98.504634,38.696783],[-98.516699,38.696744],[-98.523186,38.696753],[-98.534517,38.69677],[-98.547602,38.696911],[-98.560131,38.696827],[-98.5718,38.696832],[-98.578733,38.696845],[-98.59009,38.696865],[-98.596982,38.696866],[-98.608664,38.696868],[-98.616183,38.696856],[-98.626714,38.696842],[-98.634711,38.696832],[-98.645943,38.696819],[-98.652879,38.696805],[-98.664338,38.696784],[-98.671502,38.696758],[-98.682733,38.696719],[-98.690072,38.696711],[-98.692504,38.696709],[-98.70145,38.696699]]]]}},{"type":"Feature","properties":{"id":113,"NAME":"113","text-color":"#000000","text-size":16,"labelx":-98.690742,"labely":38.042832,"TotalPop":23990,"PopDevPct":0.02071902,"DemPct":0.20850733,"RepPct":0.75070409,"WhitePct":0.86342043,"MinorityPct":0.13657957,"BlackPct":0.01754481,"HispanicPct":0.0824336,"PacificPct":0.00129562,"AsianPct":0.00631613,"NativePct":0.02969121,"TotalVAP":18524,"Margin":-0.29149267,"color":"#f80d00","opacity":"0.5"},"geometry":{"type":"MultiPolygon","coordinates":[[[[-98.912583,38.261088],[-98.921845,38.261227],[-98.922019,38.261365],[-98.922054,38.268752],[-98.922069,38.275714],[-98.92188,38.276048],[-98.921718,38.289071],[-98.921708,38.292558],[-98.921717,38.293018],[-98.921701,38.303597],[-98.921694,38.318103],[-98.921728,38.33262],[-98.921641,38.347144],[-98.940117,38.347068],[-98.958551,38.347317],[-98.97136,38.34749],[-98.977019,38.347567],[-98.995412,38.34781],[-99.01379,38.348064],[-99.032408,38.348334],[-99.03276,38.362858],[-99.032929,38.377349],[-99.033108,38.391839],[-99.033273,38.406379],[-99.03343,38.420919],[-99.032699,38.435012],[-99.032805,38.449522],[-99.032845,38.460317],[-99.032847,38.460709],[-99.032905,38.469615],[-99.032981,38.478579],[-99.033058,38.493097],[-99.032835,38.507605],[-99.032821,38.522205],[-99.032821,38.522587],[-99.032803,38.536675],[-99.032864,38.551238],[-99.032991,38.565731],[-99.033005,38.580247],[-99.032891,38.594793],[-99.03293,38.597314],[-99.033117,38.609366],[-99.033074,38.623857],[-99.033046,38.638343],[-99.032781,38.641606],[-99.032779,38.64781],[-99.033016,38.652859],[-99.032814,38.656565],[-99.032918,38.667402],[-99.032852,38.677041],[-99.032953,38.682024],[-99.033001,38.683061],[-99.032971,38.696759],[-99.042626,38.696807],[-99.05147,38.696847],[-99.060755,38.696964],[-99.065091,38.697021],[-99.079377,38.696876],[-99.088986,38.696854],[-99.098262,38.696882],[-99.116792,38.69695],[-99.12544,38.696967],[-99.143224,38.697015],[-99.146189,38.69702],[-99.150995,38.697046],[-99.152422,38.697047],[-99.155329,38.697049],[-99.163135,38.697034],[-99.17219,38.697007],[-99.174373,38.697021],[-99.18024,38.697014],[-99.190981,38.696978],[-99.198704,38.696972],[-99.20947,38.696951],[-99.226462,38.696913],[-99.233608,38.697012],[-99.241781,38.696947],[-99.244578,38.696945],[-99.25371,38.696934],[-99.262869,38.696922],[-99.264893,38.696918],[-99.272124,38.696911],[-99.273576,38.696888],[-99.282983,38.696866],[-99.284489,38.696861],[-99.302039,38.696855],[-99.319521,38.69683],[-99.320364,38.696823],[-99.320672,38.696825],[-99.32766,38.696831],[-99.329832,38.696839],[-99.346162,38.696828],[-99.357654,38.696803],[-99.364152,38.696815],[-99.375383,38.69692],[-99.394748,38.696766],[-99.398304,38.696751],[-99.41309,38.696702],[-99.419595,38.696697],[-99.428879,38.696676],[-99.434898,38.696693],[-99.450031,38.696693],[-99.456483,38.696684],[-99.468558,38.696638],[-99.474254,38.696637],[-99.487053,38.696632],[-99.492685,38.696649],[-99.505545,38.696629],[-99.511197,38.696631],[-99.523429,38.696634],[-99.529699,38.696633],[-99.548256,38.696621],[-99.560893,38.696601],[-99.563428,38.696608],[-99.567047,38.696597],[-99.585087,38.696537],[-99.58531,38.686583],[-99.585779,38.665736],[-99.585754,38.654796],[-99.585969,38.646973],[-99.586024,38.640367],[-99.586329,38.625705],[-99.586604,38.611195],[-99.586549,38.59658],[-99.586492,38.58205],[-99.586432,38.567515],[-99.58644,38.55296],[-99.586459,38.543742],[-99.58631,38.538408],[-99.586386,38.534218],[-99.586353,38.523851],[-99.586286,38.509274],[-99.586193,38.49512],[-99.58622,38.488827],[-99.586049,38.47658],[-99.586011,38.473169],[-99.585897,38.463986],[-99.585869,38.463526],[-99.585827,38.463124],[-99.585408,38.436593],[-99.585292,38.422047],[-99.585127,38.407519],[-99.585026,38.385545],[-99.585148,38.375014],[-99.584847,38.367015],[-99.584847,38.36397],[-99.584794,38.349386],[-99.584747,38.334835],[-99.584642,38.320278],[-99.584527,38.30577],[-99.584417,38.294742],[-99.584313,38.276656],[-99.584381,38.268075],[-99.584207,38.262179],[-99.579563,38.262186],[-99.570675,38.262239],[-99.570493,38.262137],[-99.565924,38.262218],[-99.547478,38.262138],[-99.534678,38.262166],[-99.529111,38.262159],[-99.516249,38.262177],[-99.510689,38.262176],[-99.497761,38.262178],[-99.492395,38.262174],[-99.479379,38.262151],[-99.473872,38.262153],[-99.46094,38.262149],[-99.455461,38.262153],[-99.443286,38.262171],[-99.437154,38.262177],[-99.418853,38.262218],[-99.406399,38.262176],[-99.400476,38.26219],[-99.388038,38.262181],[-99.38208,38.262177],[-99.369806,38.262172],[-99.36377,38.26218],[-99.351599,38.262096],[-99.345387,38.262045],[-99.333844,38.261949],[-99.327004,38.261891],[-99.312041,38.261728],[-99.290385,38.261484],[-99.278751,38.261364],[-99.25351,38.261118],[-99.242034,38.261077],[-99.23505,38.261073],[-99.224521,38.261108],[-99.216575,38.26112],[-99.205905,38.261118],[-99.198115,38.261151],[-99.187512,38.261223],[-99.17043,38.261322],[-99.169295,38.261327],[-99.16119,38.261368],[-99.142767,38.261507],[-99.132291,38.261454],[-99.132236,38.255428],[-99.132225,38.246922],[-99.132026,38.23241],[-99.131927,38.217889],[-99.131853,38.203353],[-99.131793,38.188797],[-99.131821,38.181625],[-99.131824,38.177907],[-99.131741,38.174337],[-99.131785,38.166127],[-99.131814,38.159835],[-99.131847,38.152787],[-99.131844,38.15249],[-99.131844,38.141428],[-99.131846,38.130575],[-99.131914,38.125003],[-99.131853,38.116228],[-99.131951,38.101641],[-99.132006,38.087202],[-99.132013,38.072652],[-99.132081,38.058129],[-99.132113,38.043599],[-99.132128,38.029015],[-99.132206,38.014423],[-99.132251,37.999855],[-99.118264,37.99991],[-99.105026,37.99997],[-99.095748,38.000013],[-99.077133,38.000028],[-99.058822,38.000119],[-99.040468,38.000187],[-99.022136,38.000236],[-99.022228,37.985666],[-99.022222,37.971105],[-99.022241,37.95916],[-99.022237,37.956387],[-99.022217,37.944765],[-99.022233,37.941856],[-99.022288,37.927276],[-99.022322,37.912667],[-99.022374,37.898333],[-99.022008,37.897897],[-99.022486,37.875814],[-99.022488,37.8544],[-99.022547,37.839899],[-99.022627,37.825358],[-99.013318,37.825336],[-99.008536,37.825336],[-99.00426,37.825332],[-98.995404,37.825325],[-98.985907,37.825331],[-98.977093,37.825317],[-98.967518,37.82533],[-98.958896,37.825359],[-98.949141,37.825405],[-98.940301,37.825429],[-98.930828,37.825419],[-98.921984,37.8254],[-98.912482,37.825385],[-98.903844,37.82536],[-98.903624,37.825358],[-98.894156,37.825345],[-98.886038,37.825321],[-98.875797,37.825299],[-98.867416,37.825312],[-98.857512,37.825277],[-98.849541,37.82528],[-98.839224,37.825261],[-98.83122,37.825254],[-98.82084,37.825253],[-98.812755,37.825247],[-98.802413,37.825258],[-98.794413,37.825239],[-98.789187,37.825232],[-98.784125,37.825221],[-98.776519,37.825169],[-98.765698,37.825077],[-98.758003,37.82503],[-98.743625,37.824975],[-98.729034,37.824866],[-98.721258,37.824808],[-98.719383,37.824793],[-98.710606,37.824744],[-98.693651,37.824613],[-98.692326,37.824598],[-98.684662,37.824536],[-98.675706,37.824489],[-98.666604,37.824421],[-98.657469,37.824384],[-98.655869,37.824381],[-98.648252,37.824318],[-98.63732,37.824246],[-98.62981,37.824236],[-98.619155,37.824227],[-98.611651,37.824238],[-98.600758,37.824244],[-98.593184,37.824289],[-98.58235,37.824306],[-98.574884,37.82435],[-98.563974,37.824397],[-98.556955,37.824417],[-98.545655,37.824449],[-98.538487,37.824465],[-98.529131,37.824488],[-98.527284,37.824494],[-98.520138,37.824548],[-98.508924,37.824524],[-98.501745,37.824519],[-98.490628,37.824506],[-98.486086,37.824502],[-98.472257,37.824497],[-98.472196,37.839048],[-98.472123,37.853556],[-98.471989,37.868119],[-98.472065,37.880232],[-98.471915,37.899914],[-98.471941,37.911591],[-98.471939,37.914625],[-98.472024,37.926021],[-98.472109,37.94057],[-98.472211,37.955137],[-98.472251,37.958457],[-98.472253,37.958777],[-98.472308,37.969696],[-98.472306,37.984212],[-98.472313,37.998662],[-98.472341,38.013154],[-98.47238,38.020291],[-98.472402,38.027633],[-98.472449,38.042105],[-98.472473,38.053966],[-98.472478,38.056609],[-98.47248,38.071044],[-98.472461,38.071085],[-98.472507,38.085599],[-98.472577,38.100383],[-98.47267,38.121977],[-98.472926,38.143724],[-98.473104,38.147567],[-98.472944,38.158204],[-98.472794,38.172757],[-98.458099,38.172961],[-98.435978,38.172879],[-98.417774,38.173116],[-98.398825,38.173333],[-98.389597,38.17344],[-98.377359,38.173412],[-98.371411,38.173546],[-98.371181,38.173728],[-98.362174,38.173777],[-98.344142,38.173741],[-98.335922,38.173549],[-98.325847,38.173576],[-98.307455,38.173567],[-98.301059,38.173581],[-98.289079,38.173462],[-98.270693,38.173537],[-98.252237,38.173516],[-98.239129,38.173517],[-98.234814,38.173536],[-98.234566,38.173237],[-98.227639,38.173377],[-98.222783,38.173459],[-98.222147,38.173475],[-98.221097,38.173501],[-98.21997,38.173529],[-98.216032,38.173498],[-98.21564,38.166093],[-98.21592,38.16454],[-98.215924,38.15875],[-98.20669,38.158928],[-98.197421,38.159099],[-98.17933,38.159103],[-98.179187,38.158936],[-98.16989,38.15905],[-98.169482,38.159057],[-98.16233,38.159183],[-98.16148,38.159198],[-98.1526,38.159354],[-98.146463,38.159442],[-98.142774,38.159514],[-98.142181,38.159538],[-98.142372,38.164028],[-98.142268,38.173918],[-98.123532,38.17388],[-98.122825,38.173879],[-98.105943,38.173861],[-98.087512,38.173777],[-98.069107,38.173726],[-98.050634,38.173606],[-98.032253,38.17345],[-98.018363,38.173314],[-98.014305,38.173306],[-98.004995,38.17324],[-97.99572,38.173185],[-97.987165,38.173091],[-97.977364,38.17309],[-97.974971,38.173035],[-97.958914,38.173171],[-97.956433,38.173313],[-97.940471,38.173683],[-97.922136,38.173713],[-97.922116,38.188268],[-97.922159,38.202782],[-97.922197,38.217328],[-97.922221,38.224529],[-97.922231,38.231839],[-97.922231,38.246388],[-97.922234,38.25346],[-97.922402,38.25883],[-97.922383,38.260155],[-97.92244,38.260449],[-97.923856,38.260488],[-97.925055,38.260494],[-97.9252,38.260495],[-97.925117,38.275081],[-97.925139,38.282036],[-97.925196,38.289578],[-97.924932,38.304158],[-97.924783,38.318683],[-97.924722,38.333263],[-97.924427,38.34789],[-97.924541,38.362451],[-97.924552,38.370564],[-97.924445,38.373127],[-97.924306,38.373144],[-97.924298,38.374553],[-97.924444,38.37455],[-97.924611,38.374991],[-97.924451,38.375999],[-97.924483,38.376995],[-97.924622,38.391556],[-97.924678,38.406101],[-97.924735,38.420653],[-97.924558,38.428001],[-97.924558,38.435184],[-97.924641,38.449701],[-97.924727,38.458719],[-97.924667,38.464261],[-97.924614,38.478816],[-97.924423,38.493327],[-97.924542,38.500048],[-97.924334,38.507827],[-97.924224,38.515307],[-97.924269,38.522755],[-97.963409,38.522286],[-97.970712,38.522335],[-97.998362,38.52236],[-98.016582,38.522359],[-98.01693,38.522419],[-98.018691,38.522228],[-98.034989,38.522245],[-98.07193,38.522225],[-98.081166,38.522228],[-98.090488,38.522216],[-98.109046,38.522206],[-98.127521,38.522206],[-98.145939,38.52219],[-98.151081,38.522192],[-98.154838,38.522143],[-98.156582,38.522138],[-98.159276,38.522135],[-98.159738,38.522136],[-98.1644,38.522133],[-98.18295,38.52211],[-98.201561,38.522104],[-98.220022,38.522155],[-98.238531,38.522167],[-98.257057,38.522176],[-98.266332,38.522129],[-98.2758,38.522071],[-98.294218,38.521965],[-98.312711,38.521924],[-98.33117,38.521903],[-98.349644,38.521772],[-98.35574,38.521779],[-98.361054,38.521814],[-98.36947,38.52179],[-98.3776,38.521868],[-98.378039,38.521625],[-98.380891,38.521904],[-98.388,38.521908],[-98.397232,38.521869],[-98.406532,38.521865],[-98.424992,38.521832],[-98.443474,38.521832],[-98.461802,38.521822],[-98.480377,38.521841],[-98.480377,38.520509],[-98.48038,38.507282],[-98.480393,38.49277],[-98.48043,38.47824],[-98.480438,38.463698],[-98.480597,38.44633],[-98.48064,38.434674],[-98.480649,38.420138],[-98.480632,38.405597],[-98.48057,38.39105],[-98.499067,38.390922],[-98.517537,38.390832],[-98.535951,38.390847],[-98.554384,38.390962],[-98.572776,38.391034],[-98.590358,38.391283],[-98.608833,38.391161],[-98.627371,38.391103],[-98.645772,38.391082],[-98.664181,38.390988],[-98.66418,38.376483],[-98.663975,38.364648],[-98.663966,38.364361],[-98.663948,38.361945],[-98.66409,38.355757],[-98.667072,38.35728],[-98.669746,38.357487],[-98.672421,38.356549],[-98.673294,38.355793],[-98.675766,38.354969],[-98.677364,38.355176],[-98.679923,38.354672],[-98.682946,38.354466],[-98.684254,38.351605],[-98.686086,38.349797],[-98.687336,38.349407],[-98.688934,38.347805],[-98.690853,38.346981],[-98.695417,38.346546],[-98.701027,38.346385],[-98.700984,38.345714],[-98.696789,38.345565],[-98.697838,38.340254],[-98.70077,38.34207],[-98.700796,38.333409],[-98.700814,38.318932],[-98.700866,38.304467],[-98.700838,38.289991],[-98.700804,38.275473],[-98.70075,38.260844],[-98.710972,38.260828],[-98.71919,38.260802],[-98.729425,38.260829],[-98.737615,38.260824],[-98.751901,38.26081],[-98.766271,38.260853],[-98.774443,38.260848],[-98.784729,38.260868],[-98.789993,38.260922],[-98.792886,38.260915],[-98.802819,38.260942],[-98.811265,38.260954],[-98.820939,38.261011],[-98.821181,38.261012],[-98.829733,38.261024],[-98.839571,38.261043],[-98.848184,38.261078],[-98.857331,38.261115],[-98.858255,38.261121],[-98.869804,38.261211],[-98.876451,38.261164],[-98.885013,38.261166],[-98.894194,38.261176],[-98.903401,38.261163],[-98.912583,38.261088]]]]}},{"type":"Feature","properties":{"id":114,"NAME":"114","text-color":"#000000","text-size":16,"labelx":-98.275825,"labely":37.651888,"TotalPop":23846,"PopDevPct":0.01459215,"DemPct":0.2236906,"RepPct":0.73530269,"WhitePct":0.91179983,"MinorityPct":0.08820017,"BlackPct":0.01318932,"HispanicPct":0.036637,"PacificPct":0.00184542,"AsianPct":0.00629614,"NativePct":0.02724707,"TotalVAP":18424,"Margin":-0.2763094,"color":"#f80d00","opacity":"0.5"},"geometry":{"type":"MultiPolygon","coordinates":[[[[-97.72047,37.919817],[-97.718213,37.918975],[-97.715955,37.917199],[-97.71362,37.913239],[-97.712403,37.912044],[-97.709402,37.910548],[-97.70597,37.909124],[-97.704735,37.908977],[-97.702189,37.907404],[-97.702178,37.907757],[-97.702174,37.907861],[-97.701969,37.911325],[-97.701949,37.919669],[-97.701947,37.926909],[-97.701971,37.934853],[-97.701997,37.940484],[-97.702009,37.941519],[-97.701964,37.956034],[-97.701963,37.95984],[-97.701962,37.96399],[-97.701962,37.965195],[-97.701961,37.970546],[-97.701994,37.981548],[-97.702006,37.985053],[-97.702133,37.996393],[-97.702163,37.999611],[-97.702162,37.999662],[-97.701905,38.014098],[-97.701896,38.027375],[-97.7019,38.028917],[-97.701894,38.043205],[-97.701935,38.05776],[-97.701904,38.064726],[-97.702006,38.072221],[-97.720341,38.072242],[-97.726507,38.072104],[-97.738904,38.072087],[-97.771739,38.07195],[-97.775431,38.071999],[-97.793888,38.072146],[-97.811744,38.072007],[-97.811605,38.05745],[-97.81627,38.057477],[-97.817632,38.057495],[-97.822599,38.057505],[-97.830205,38.057512],[-97.834802,38.057524],[-97.836344,38.057528],[-97.848557,38.057553],[-97.848544,38.054361],[-97.84854,38.053204],[-97.848528,38.050287],[-97.848509,38.045426],[-97.848499,38.042985],[-97.848527,38.035864],[-97.848535,38.033798],[-97.848557,38.028373],[-97.854203,38.02851],[-97.855235,38.028447],[-97.866851,38.028608],[-97.876041,38.028689],[-97.885296,38.028735],[-97.892929,38.028719],[-97.892927,38.025473],[-97.893198,38.025481],[-97.894463,38.025478],[-97.894458,38.023876],[-97.901477,38.023865],[-97.90147,38.025082],[-97.902455,38.02508],[-97.901828,38.025697],[-97.903712,38.025704],[-97.903712,38.025849],[-97.906011,38.025838],[-97.905999,38.024975],[-97.906414,38.024985],[-97.906721,38.024967],[-97.906924,38.024918],[-97.907135,38.024846],[-97.907906,38.02485],[-97.908953,38.023587],[-97.912456,38.017611],[-97.912707,38.017767],[-97.913532,38.018314],[-97.918236,38.020115],[-97.921638,38.023495],[-97.92245,38.023967],[-97.924176,38.025502],[-97.926475,38.02826],[-97.927115,38.029154],[-97.929077,38.032064],[-97.930117,38.035672],[-97.931761,38.037611],[-97.932626,38.039089],[-97.937801,38.041833],[-97.938268,38.042523],[-97.939851,38.043328],[-97.942907,38.043161],[-97.945884,38.042596],[-97.947696,38.042787],[-97.949633,38.043296],[-97.949711,38.049548],[-97.949714,38.050077],[-97.949703,38.051733],[-97.950815,38.052886],[-97.955264,38.053],[-97.955319,38.053545],[-97.955386,38.053547],[-97.958814,38.053627],[-97.963058,38.053577],[-97.965539,38.053554],[-97.96563,38.057217],[-97.965597,38.062592],[-97.965592,38.065996],[-97.965588,38.066746],[-97.965753,38.071615],[-97.965505,38.071612],[-97.96565,38.074545],[-97.965871,38.075509],[-97.965931,38.078827],[-97.962916,38.078885],[-97.958997,38.078935],[-97.958995,38.079497],[-97.958982,38.080434],[-97.958948,38.082785],[-97.958925,38.084398],[-97.958913,38.085231],[-97.958897,38.086401],[-97.959021,38.087674],[-97.959251,38.090031],[-97.959451,38.092097],[-97.959447,38.092795],[-97.952611,38.092859],[-97.95046,38.092883],[-97.95022,38.092894],[-97.947617,38.092885],[-97.947637,38.093622],[-97.947765,38.100234],[-97.946436,38.10024],[-97.944343,38.100249],[-97.943312,38.100254],[-97.943271,38.100773],[-97.942766,38.100772],[-97.942787,38.100256],[-97.942237,38.100259],[-97.940942,38.100265],[-97.931494,38.100619],[-97.931429,38.096885],[-97.922049,38.097312],[-97.922049,38.097448],[-97.922046,38.098898],[-97.92204,38.101073],[-97.922044,38.103581],[-97.922056,38.113766],[-97.922467,38.115583],[-97.922071,38.118058],[-97.922116,38.130097],[-97.92212,38.134347],[-97.922116,38.135809],[-97.922092,38.144389],[-97.922091,38.144639],[-97.922122,38.159205],[-97.922136,38.173713],[-97.940471,38.173683],[-97.956433,38.173313],[-97.958914,38.173171],[-97.974971,38.173035],[-97.977364,38.17309],[-97.987165,38.173091],[-97.99572,38.173185],[-98.004995,38.17324],[-98.014305,38.173306],[-98.018363,38.173314],[-98.032253,38.17345],[-98.050634,38.173606],[-98.069107,38.173726],[-98.087512,38.173777],[-98.105943,38.173861],[-98.122825,38.173879],[-98.123532,38.17388],[-98.142268,38.173918],[-98.142372,38.164028],[-98.142181,38.159538],[-98.142774,38.159514],[-98.146463,38.159442],[-98.1526,38.159354],[-98.16148,38.159198],[-98.16233,38.159183],[-98.169482,38.159057],[-98.16989,38.15905],[-98.179187,38.158936],[-98.17933,38.159103],[-98.197421,38.159099],[-98.20669,38.158928],[-98.215924,38.15875],[-98.21592,38.16454],[-98.21564,38.166093],[-98.216032,38.173498],[-98.21997,38.173529],[-98.221097,38.173501],[-98.222147,38.173475],[-98.222783,38.173459],[-98.227639,38.173377],[-98.234566,38.173237],[-98.234814,38.173536],[-98.239129,38.173517],[-98.252237,38.173516],[-98.270693,38.173537],[-98.289079,38.173462],[-98.301059,38.173581],[-98.307455,38.173567],[-98.325847,38.173576],[-98.335922,38.173549],[-98.344142,38.173741],[-98.362174,38.173777],[-98.371181,38.173728],[-98.371411,38.173546],[-98.377359,38.173412],[-98.389597,38.17344],[-98.398825,38.173333],[-98.417774,38.173116],[-98.435978,38.172879],[-98.458099,38.172961],[-98.472794,38.172757],[-98.472944,38.158204],[-98.473104,38.147567],[-98.472926,38.143724],[-98.47267,38.121977],[-98.472577,38.100383],[-98.472507,38.085599],[-98.472461,38.071085],[-98.47248,38.071044],[-98.472478,38.056609],[-98.472473,38.053966],[-98.472449,38.042105],[-98.472402,38.027633],[-98.47238,38.020291],[-98.472341,38.013154],[-98.472313,37.998662],[-98.472306,37.984212],[-98.472308,37.969696],[-98.472253,37.958777],[-98.472251,37.958457],[-98.472211,37.955137],[-98.472109,37.94057],[-98.472024,37.926021],[-98.471939,37.914625],[-98.471941,37.911591],[-98.471915,37.899914],[-98.472065,37.880232],[-98.471989,37.868119],[-98.472123,37.853556],[-98.472196,37.839048],[-98.472257,37.824497],[-98.486086,37.824502],[-98.490628,37.824506],[-98.501745,37.824519],[-98.508924,37.824524],[-98.520138,37.824548],[-98.527284,37.824494],[-98.529131,37.824488],[-98.538487,37.824465],[-98.545655,37.824449],[-98.556955,37.824417],[-98.563974,37.824397],[-98.574884,37.82435],[-98.58235,37.824306],[-98.593184,37.824289],[-98.600758,37.824244],[-98.611651,37.824238],[-98.619155,37.824227],[-98.62981,37.824236],[-98.63732,37.824246],[-98.648252,37.824318],[-98.655869,37.824381],[-98.657469,37.824384],[-98.666604,37.824421],[-98.675706,37.824489],[-98.684662,37.824536],[-98.692326,37.824598],[-98.693651,37.824613],[-98.710606,37.824744],[-98.719383,37.824793],[-98.721258,37.824808],[-98.729034,37.824866],[-98.743625,37.824975],[-98.740616,37.822318],[-98.739695,37.819742],[-98.739674,37.806364],[-98.73959,37.791798],[-98.739478,37.777249],[-98.739367,37.762631],[-98.739293,37.748035],[-98.739277,37.733531],[-98.739293,37.730092],[-98.739299,37.728967],[-98.739299,37.728942],[-98.739304,37.727876],[-98.739311,37.726267],[-98.739285,37.722832],[-98.739246,37.719101],[-98.739116,37.708375],[-98.739076,37.705633],[-98.739065,37.704373],[-98.739058,37.701585],[-98.739053,37.699253],[-98.739046,37.69661],[-98.739046,37.696382],[-98.739031,37.689888],[-98.739038,37.675211],[-98.739252,37.660613],[-98.731327,37.660572],[-98.730829,37.660566],[-98.729384,37.660555],[-98.721526,37.660569],[-98.720642,37.659041],[-98.72057,37.657384],[-98.721928,37.655155],[-98.722006,37.653058],[-98.720481,37.653051],[-98.719049,37.653082],[-98.718257,37.652289],[-98.718227,37.651136],[-98.716459,37.651085],[-98.716419,37.650243],[-98.718228,37.650256],[-98.718242,37.649521],[-98.72127,37.649578],[-98.721244,37.646821],[-98.718372,37.647166],[-98.718348,37.648072],[-98.716437,37.648074],[-98.716477,37.645723],[-98.721314,37.645824],[-98.724372,37.645888],[-98.725309,37.645908],[-98.72556,37.645912],[-98.727019,37.645919],[-98.729075,37.64593],[-98.730176,37.64594],[-98.731302,37.64595],[-98.732444,37.645961],[-98.732835,37.645964],[-98.733621,37.645972],[-98.734143,37.645976],[-98.734237,37.645977],[-98.735522,37.645989],[-98.736826,37.646001],[-98.738134,37.646013],[-98.739475,37.646026],[-98.739484,37.644969],[-98.739494,37.643929],[-98.739515,37.642891],[-98.739531,37.641833],[-98.739541,37.640785],[-98.739552,37.639737],[-98.739565,37.638703],[-98.739584,37.637662],[-98.739589,37.636616],[-98.739589,37.636529],[-98.739592,37.636117],[-98.739609,37.635558],[-98.739644,37.63337],[-98.739655,37.631425],[-98.739496,37.616206],[-98.739449,37.609369],[-98.739404,37.601697],[-98.739394,37.587113],[-98.739495,37.574972],[-98.739512,37.57256],[-98.739629,37.558009],[-98.739647,37.553718],[-98.739492,37.543826],[-98.739116,37.540725],[-98.7385,37.539216],[-98.736193,37.536238],[-98.733832,37.534562],[-98.731561,37.533552],[-98.722486,37.530067],[-98.719526,37.528748],[-98.717726,37.527655],[-98.714069,37.524911],[-98.713815,37.524719],[-98.702279,37.515984],[-98.700267,37.51446],[-98.69409,37.509781],[-98.686325,37.504819],[-98.684235,37.502068],[-98.683895,37.500876],[-98.683661,37.501131],[-98.680232,37.501132],[-98.679245,37.499802],[-98.677245,37.499778],[-98.677221,37.4965],[-98.665336,37.494243],[-98.65322,37.491865],[-98.647036,37.490243],[-98.631627,37.48621],[-98.629186,37.485669],[-98.627356,37.485238],[-98.611158,37.481971],[-98.60698,37.481004],[-98.592595,37.477281],[-98.57425,37.472615],[-98.566998,37.470701],[-98.556094,37.470742],[-98.553558,37.470747],[-98.553525,37.470748],[-98.550861,37.470771],[-98.549435,37.470779],[-98.546933,37.470777],[-98.537768,37.470809],[-98.519514,37.470856],[-98.501234,37.4709],[-98.482963,37.470951],[-98.464663,37.471013],[-98.464648,37.44818],[-98.464656,37.442041],[-98.464763,37.42752],[-98.464921,37.398461],[-98.464918,37.39],[-98.464951,37.384086],[-98.458584,37.384073],[-98.430313,37.384086],[-98.414067,37.384095],[-98.410101,37.384096],[-98.409121,37.383963],[-98.402054,37.384033],[-98.39053,37.383996],[-98.375352,37.383993],[-98.355066,37.384077],[-98.349804,37.384056],[-98.339559,37.384131],[-98.335916,37.384145],[-98.33529,37.384147],[-98.318424,37.384212],[-98.314006,37.384134],[-98.300069,37.384199],[-98.293079,37.384139],[-98.279425,37.384163],[-98.258563,37.384201],[-98.245207,37.384223],[-98.240147,37.384225],[-98.226991,37.384252],[-98.222168,37.384265],[-98.210797,37.384276],[-98.209841,37.384489],[-98.209197,37.384266],[-98.203827,37.384316],[-98.185586,37.384324],[-98.167276,37.384275],[-98.162134,37.384251],[-98.1489,37.384219],[-98.135079,37.384309],[-98.130713,37.384341],[-98.116842,37.38444],[-98.113092,37.384472],[-98.107356,37.384506],[-98.09858,37.384553],[-98.08035,37.384704],[-98.07656,37.384739],[-98.074397,37.384763],[-98.073788,37.38477],[-98.058314,37.384929],[-98.0438,37.38507],[-98.040156,37.385104],[-98.034671,37.385152],[-98.030956,37.385196],[-98.025623,37.385226],[-98.013464,37.385291],[-98.011677,37.385294],[-98.007301,37.385296],[-97.98726,37.385375],[-97.985865,37.385408],[-97.970995,37.385397],[-97.961946,37.385403],[-97.952878,37.385434],[-97.949568,37.38544],[-97.931497,37.385479],[-97.925654,37.385544],[-97.916464,37.385577],[-97.913507,37.385588],[-97.905193,37.385316],[-97.895173,37.385629],[-97.879928,37.385805],[-97.87918,37.385809],[-97.861728,37.385938],[-97.859413,37.385958],[-97.843566,37.386082],[-97.841058,37.3861],[-97.82536,37.386188],[-97.822859,37.386213],[-97.807057,37.386293],[-97.807169,37.400892],[-97.80725,37.415461],[-97.807312,37.430024],[-97.807341,37.435333],[-97.807425,37.443667],[-97.807349,37.444661],[-97.807486,37.459286],[-97.8076,37.474184],[-97.807566,37.488906],[-97.807602,37.502486],[-97.807608,37.503703],[-97.80766,37.518209],[-97.807663,37.532773],[-97.807696,37.547305],[-97.807722,37.561821],[-97.807819,37.575781],[-97.808031,37.576212],[-97.808083,37.585858],[-97.808141,37.588508],[-97.808159,37.589334],[-97.808216,37.595073],[-97.808073,37.604329],[-97.808105,37.618483],[-97.808157,37.623438],[-97.808245,37.632664],[-97.808348,37.646788],[-97.806717,37.654039],[-97.806808,37.659502],[-97.806835,37.661285],[-97.807185,37.668318],[-97.807186,37.668547],[-97.807075,37.675735],[-97.807365,37.690177],[-97.807384,37.691032],[-97.807585,37.704668],[-97.807778,37.719115],[-97.807885,37.720879],[-97.807823,37.733855],[-97.834561,37.733521],[-97.84444,37.73344],[-97.862663,37.733374],[-97.8719,37.733481],[-97.881169,37.733601],[-97.899818,37.733829],[-97.917999,37.733884],[-97.936259,37.733835],[-97.954617,37.733748],[-97.97292,37.733647],[-97.991291,37.733535],[-97.991435,37.733534],[-98.009427,37.733429],[-98.020619,37.73334],[-98.027326,37.733289],[-98.027519,37.747803],[-98.027426,37.762595],[-98.027541,37.777256],[-98.027538,37.778599],[-98.027538,37.779716],[-98.027538,37.780173],[-98.027538,37.780618],[-98.027539,37.781738],[-98.027533,37.783567],[-98.027515,37.79198],[-98.027478,37.806537],[-98.027499,37.824615],[-98.031861,37.824637],[-98.031972,37.839125],[-98.031952,37.853732],[-98.031987,37.862035],[-98.031908,37.868236],[-98.031862,37.882805],[-98.031825,37.897342],[-98.031808,37.908175],[-98.031834,37.911883],[-98.02025,37.911859],[-98.013697,37.911881],[-97.995323,37.911942],[-97.986328,37.911989],[-97.976977,37.912031],[-97.958659,37.912077],[-97.940336,37.912127],[-97.921994,37.912205],[-97.903476,37.91219],[-97.885143,37.912195],[-97.866779,37.912194],[-97.848405,37.912201],[-97.830042,37.912177],[-97.813454,37.912184],[-97.813016,37.912187],[-97.812014,37.912195],[-97.811683,37.912151],[-97.811051,37.912151],[-97.793709,37.912188],[-97.784357,37.912255],[-97.775363,37.912267],[-97.756979,37.912316],[-97.738573,37.912387],[-97.720287,37.912409],[-97.72047,37.919817]]]]}},{"type":"Feature","properties":{"id":115,"NAME":"115","text-color":"#000000","text-size":16,"labelx":-100.009987,"labely":37.459053,"TotalPop":23901,"PopDevPct":0.01693228,"DemPct":0.17296089,"RepPct":0.78826816,"WhitePct":0.75497598,"MinorityPct":0.24502402,"BlackPct":0.0082933,"HispanicPct":0.20561656,"PacificPct":0.00051476,"AsianPct":0.00817891,"NativePct":0.02459391,"TotalVAP":17484,"Margin":-0.32703911,"color":"#820000","opacity":"0.5"},"geometry":{"type":"MultiPolygon","coordinates":[[[[-99.022322,37.912667],[-99.022288,37.927276],[-99.022233,37.941856],[-99.022217,37.944765],[-99.022237,37.956387],[-99.022241,37.95916],[-99.022222,37.971105],[-99.022228,37.985666],[-99.022136,38.000236],[-99.040468,38.000187],[-99.058822,38.000119],[-99.077133,38.000028],[-99.095748,38.000013],[-99.105026,37.99997],[-99.118264,37.99991],[-99.132251,37.999855],[-99.150582,37.999825],[-99.16877,37.999852],[-99.186968,37.999821],[-99.205118,37.999866],[-99.223465,37.999899],[-99.240685,37.999968],[-99.258975,38.000122],[-99.277307,38.000272],[-99.294226,38.000526],[-99.2956,38.000452],[-99.306327,38.00053],[-99.317865,38.00053],[-99.326625,38.000654],[-99.343813,38.000718],[-99.350289,38.000745],[-99.36867,38.000704],[-99.387105,38.000687],[-99.405318,38.000651],[-99.423575,38.000611],[-99.441837,38.000598],[-99.459579,38.000554],[-99.459564,37.986047],[-99.459593,37.971494],[-99.459608,37.956929],[-99.459565,37.942406],[-99.459615,37.927918],[-99.459576,37.913344],[-99.496269,37.913271],[-99.514594,37.913132],[-99.533272,37.91298],[-99.54361,37.912882],[-99.551273,37.912925],[-99.569879,37.913016],[-99.597399,37.912737],[-99.605019,37.912717],[-99.60652,37.912851],[-99.624829,37.91292],[-99.643166,37.913008],[-99.652609,37.913093],[-99.661485,37.913163],[-99.679612,37.913303],[-99.684946,37.913288],[-99.697886,37.913264],[-99.716213,37.913238],[-99.734514,37.913176],[-99.752795,37.913125],[-99.771069,37.913113],[-99.780192,37.912996],[-99.790237,37.913017],[-99.81224,37.913063],[-99.826719,37.913151],[-99.846843,37.913289],[-99.853917,37.913318],[-99.863337,37.913173],[-99.873763,37.913214],[-99.899719,37.913324],[-99.918128,37.913262],[-99.933334,37.91322],[-99.961413,37.913088],[-99.962874,37.913143],[-99.991454,37.913078],[-100.009335,37.912971],[-100.02755,37.913012],[-100.045801,37.913118],[-100.053972,37.913244],[-100.090987,37.913355],[-100.100505,37.913385],[-100.117451,37.913389],[-100.135708,37.913564],[-100.154106,37.913762],[-100.172456,37.913856],[-100.190713,37.913893],[-100.209038,37.913943],[-100.22709,37.914018],[-100.227013,37.928535],[-100.226959,37.942994],[-100.226829,37.972003],[-100.226724,37.986678],[-100.22661,38.001015],[-100.244844,38.001052],[-100.24493,38.001052],[-100.26323,38.001092],[-100.281528,38.00112],[-100.299707,38.001168],[-100.318199,38.001181],[-100.336162,38.001169],[-100.354501,38.001079],[-100.372751,38.001031],[-100.390967,38.000909],[-100.391028,38.000909],[-100.409354,38.000793],[-100.4277,38.00072],[-100.44549,38.000698],[-100.463691,38.000838],[-100.482062,38.000997],[-100.502061,38.001213],[-100.503473,38.001445],[-100.506683,38.001249],[-100.518675,38.001369],[-100.544136,38.001568],[-100.554875,38.001613],[-100.563958,38.001714],[-100.572927,38.001788],[-100.591351,38.001944],[-100.627975,38.002168],[-100.646291,38.002295],[-100.664166,38.00253],[-100.664212,37.988066],[-100.664291,37.973567],[-100.664367,37.959091],[-100.664466,37.944581],[-100.664525,37.930139],[-100.664663,37.915652],[-100.664819,37.893583],[-100.664927,37.87936],[-100.664893,37.878727],[-100.664951,37.868089],[-100.665007,37.857822],[-100.665172,37.828831],[-100.651748,37.828712],[-100.65174,37.809607],[-100.651835,37.794984],[-100.651928,37.780345],[-100.652029,37.765615],[-100.652136,37.750951],[-100.652251,37.736275],[-100.652279,37.729139],[-100.652286,37.727243],[-100.652287,37.721814],[-100.652268,37.707304],[-100.65227,37.699645],[-100.652224,37.695007],[-100.652278,37.69273],[-100.652367,37.685429],[-100.652357,37.678212],[-100.65228,37.663706],[-100.652339,37.649188],[-100.65242,37.634669],[-100.652366,37.620178],[-100.652328,37.60565],[-100.652324,37.591064],[-100.652394,37.586334],[-100.652325,37.578623],[-100.652363,37.562089],[-100.652397,37.547539],[-100.652452,37.537251],[-100.65245,37.536681],[-100.652448,37.533016],[-100.652508,37.51844],[-100.652555,37.503824],[-100.652593,37.489383],[-100.652642,37.474848],[-100.65265,37.453522],[-100.652638,37.445761],[-100.652644,37.431238],[-100.65264,37.416691],[-100.652603,37.402218],[-100.652728,37.387627],[-100.652052,37.387627],[-100.634399,37.387576],[-100.633831,37.387577],[-100.633924,37.377213],[-100.634047,37.373068],[-100.634262,37.358595],[-100.634305,37.356859],[-100.63439,37.351329],[-100.634511,37.344031],[-100.616773,37.344012],[-100.598609,37.343988],[-100.580815,37.343964],[-100.562128,37.343882],[-100.543869,37.343824],[-100.523549,37.343829],[-100.507632,37.343967],[-100.489411,37.343877],[-100.489548,37.329348],[-100.489498,37.314824],[-100.489509,37.307567],[-100.489504,37.300172],[-100.479914,37.30018],[-100.461794,37.300221],[-100.445929,37.300171],[-100.435181,37.300172],[-100.43518,37.299858],[-100.435159,37.29288],[-100.435139,37.28558],[-100.435068,37.271103],[-100.435102,37.265966],[-100.435209,37.250023],[-100.435431,37.248378],[-100.435363,37.241901],[-100.435388,37.240898],[-100.435004,37.171612],[-100.434988,37.169334],[-100.434958,37.164437],[-100.435086,37.162103],[-100.434894,37.15492],[-100.434922,37.143405],[-100.435552,37.1421],[-100.434898,37.140526],[-100.434821,37.129829],[-100.435098,37.111669],[-100.43506,37.108051],[-100.435071,37.106738],[-100.435091,37.104174],[-100.434547,37.079093],[-100.434498,37.059085],[-100.43427,37.057528],[-100.43427,37.053853],[-100.433847,37.035133],[-100.433848,37.02564],[-100.433829,37.024327],[-100.433948,37.016851],[-100.433956,37.016167],[-100.433975,37.007785],[-100.434274,37.001109],[-100.429077,37.001076],[-100.396146,37.001253],[-100.375424,37.001343],[-100.359136,37.00152],[-100.342575,37.001541],[-100.325518,37.00166],[-100.313228,37.001767],[-100.307346,37.001813],[-100.281835,37.001831],[-100.269987,37.001888],[-100.25042,37.001985],[-100.249931,37.001882],[-100.216075,37.002021],[-100.201817,37.002084],[-100.194797,37.002173],[-100.192344,37.00204],[-100.187547,37.002107],[-100.169667,37.002134],[-100.143681,37.002211],[-100.125417,37.002266],[-100.118661,37.002173],[-100.107891,37.002312],[-100.089483,37.002261],[-100.078719,37.002177],[-100.054293,37.002105],[-100.043664,37.002013],[-100.014235,37.001911],[-100.013911,37.001818],[-99.99306,37.001609],[-99.97858,37.001615],[-99.904897,37.001645],[-99.873651,37.001642],[-99.837585,37.001297],[-99.836375,37.001288],[-99.806854,37.001094],[-99.774844,37.000842],[-99.774192,37.000976],[-99.767925,37.000928],[-99.75868,37.000836],[-99.747826,37.000777],[-99.734126,37.00062],[-99.722588,37.000479],[-99.687533,37.00034],[-99.67959,37.000226],[-99.662357,37.000089],[-99.630799,36.999972],[-99.606606,36.999972],[-99.574529,36.999861],[-99.558221,36.99987],[-99.558004,36.999529],[-99.541116,36.99961],[-99.541173,37.00728],[-99.541223,37.013261],[-99.541277,37.019776],[-99.541445,37.03973],[-99.541523,37.04908],[-99.54153,37.049963],[-99.541951,37.094762],[-99.542059,37.112772],[-99.542204,37.118414],[-99.542115,37.119552],[-99.542537,37.13393],[-99.542735,37.143983],[-99.543242,37.163023],[-99.543633,37.177615],[-99.54402,37.192156],[-99.544152,37.196287],[-99.544248,37.206644],[-99.544383,37.221163],[-99.5446,37.23972],[-99.544631,37.250024],[-99.544634,37.250386],[-99.544709,37.25755],[-99.54474,37.260516],[-99.544758,37.26221],[-99.544659,37.269197],[-99.54465,37.279284],[-99.544705,37.293844],[-99.544573,37.300941],[-99.54467,37.304755],[-99.544295,37.315538],[-99.544086,37.326816],[-99.543692,37.349084],[-99.543637,37.35224],[-99.543479,37.361243],[-99.543329,37.375022],[-99.543189,37.381124],[-99.555774,37.381112],[-99.555553,37.385521],[-99.555725,37.388704],[-99.555495,37.391588],[-99.555608,37.395459],[-99.555493,37.406264],[-99.555852,37.426221],[-99.556012,37.44611],[-99.556103,37.465444],[-99.556119,37.467722],[-99.556438,37.494186],[-99.556428,37.497495],[-99.556625,37.512095],[-99.556632,37.512663],[-99.556743,37.526823],[-99.55675,37.527515],[-99.55693,37.541512],[-99.556943,37.542378],[-99.557237,37.566841],[-99.557294,37.569526],[-99.55734,37.570947],[-99.557327,37.573133],[-99.557512,37.58633],[-99.557744,37.604801],[-99.557804,37.608262],[-99.557894,37.616388],[-99.558086,37.629892],[-99.557791,37.630436],[-99.559652,37.731925],[-99.55958,37.734888],[-99.557681,37.734925],[-99.522838,37.734727],[-99.500396,37.7346],[-99.453182,37.734174],[-99.449894,37.734284],[-99.432054,37.734172],[-99.413828,37.734071],[-99.395602,37.73397],[-99.37734,37.733858],[-99.368142,37.733805],[-99.360092,37.733756],[-99.340884,37.733691],[-99.323177,37.733699],[-99.30503,37.733705],[-99.29589,37.733695],[-99.286818,37.733685],[-99.268611,37.733642],[-99.250468,37.733648],[-99.240582,37.733378],[-99.232124,37.73329],[-99.231646,37.733291],[-99.214436,37.733341],[-99.214434,37.733541],[-99.195747,37.733544],[-99.178096,37.733546],[-99.159825,37.733694],[-99.153701,37.733515],[-99.14741,37.733331],[-99.132973,37.73324],[-99.125385,37.73358],[-99.123348,37.733458],[-99.105339,37.733408],[-99.087014,37.733345],[-99.069572,37.733242],[-99.063357,37.733283],[-99.050324,37.733149],[-99.031981,37.733123],[-99.022022,37.733086],[-99.01355,37.73297],[-99.013445,37.75002],[-99.013312,37.758538],[-99.013572,37.762076],[-99.013551,37.769116],[-99.013538,37.776639],[-99.013484,37.791183],[-99.01341,37.80575],[-99.013332,37.811706],[-99.013326,37.82301],[-99.013318,37.825336],[-99.022627,37.825358],[-99.022547,37.839899],[-99.022488,37.8544],[-99.022486,37.875814],[-99.022008,37.897897],[-99.022374,37.898333],[-99.022322,37.912667]],[[-100.011882,37.780325],[-100.012054,37.780294],[-100.01203,37.779978],[-100.014889,37.779979],[-100.016228,37.779986],[-100.01628,37.777132],[-100.016295,37.776292],[-100.016325,37.7751],[-100.016324,37.774316],[-100.016328,37.773948],[-100.016323,37.773891],[-100.016323,37.773559],[-100.016325,37.773183],[-100.016328,37.772684],[-100.016333,37.772214],[-100.016346,37.771775],[-100.016368,37.7709],[-100.016378,37.770101],[-100.016379,37.769727],[-100.016381,37.76931],[-100.016381,37.769172],[-100.0164,37.766443],[-100.0164,37.765441],[-100.015769,37.765433],[-100.015132,37.765424],[-100.014761,37.765419],[-100.013626,37.765408],[-100.012616,37.765401],[-100.012193,37.765399],[-100.011518,37.765376],[-100.010824,37.765327],[-100.009433,37.765321],[-100.008039,37.765317],[-100.007349,37.765312],[-100.006648,37.765307],[-100.005277,37.765295],[-100.00484,37.765291],[-100.001588,37.765277],[-99.999518,37.765266],[-99.996564,37.765247],[-99.996597,37.755513],[-99.996611,37.753867],[-99.985051,37.753972],[-99.979302,37.754015],[-99.97902,37.752335],[-99.979006,37.751739],[-99.979006,37.750561],[-99.979394,37.750562],[-99.979395,37.7504],[-99.979397,37.749872],[-99.979395,37.749842],[-99.979392,37.749804],[-99.979389,37.749777],[-99.979384,37.749722],[-99.97936,37.749451],[-99.97934,37.749449],[-99.979163,37.749419],[-99.979063,37.749403],[-99.972113,37.748037],[-99.968675,37.74749],[-99.963498,37.747509],[-99.96062,37.748916],[-99.960624,37.748649],[-99.96069,37.746808],[-99.960623,37.740004],[-99.960239,37.739888],[-99.951848,37.737488],[-99.947293,37.736187],[-99.942232,37.734726],[-99.93986,37.734101],[-99.938967,37.733867],[-99.937045,37.733618],[-99.936117,37.733939],[-99.935946,37.735167],[-99.934932,37.734867],[-99.935102,37.733602],[-99.934392,37.733764],[-99.93401,37.732468],[-99.934237,37.73255],[-99.934382,37.729732],[-99.93126,37.729228],[-99.93105,37.727761],[-99.934624,37.72753],[-99.936815,37.727851],[-99.938371,37.727026],[-99.940331,37.727324],[-99.944655,37.725675],[-99.945461,37.724554],[-99.947075,37.72405],[-99.950497,37.724008],[-99.951776,37.724226],[-99.953645,37.724545],[-99.957155,37.722844],[-99.970529,37.727238],[-99.976314,37.729226],[-99.979207,37.730225],[-99.996632,37.736461],[-99.996631,37.736312],[-99.996852,37.736313],[-100.0031,37.736332],[-100.00573,37.736345],[-100.006738,37.736347],[-100.010679,37.736365],[-100.014311,37.736377],[-100.014885,37.736378],[-100.015897,37.73638],[-100.016435,37.736381],[-100.016966,37.736382],[-100.017273,37.736382],[-100.017543,37.736384],[-100.019132,37.736399],[-100.01945,37.736402],[-100.01972,37.736404],[-100.020633,37.736413],[-100.02114,37.736416],[-100.021682,37.736419],[-100.022212,37.736422],[-100.022766,37.736426],[-100.023285,37.736429],[-100.024771,37.736437],[-100.026437,37.736445],[-100.027062,37.736448],[-100.027374,37.736449],[-100.028589,37.736454],[-100.031843,37.736466],[-100.032465,37.736469],[-100.033146,37.736473],[-100.033807,37.736477],[-100.034902,37.736484],[-100.034804,37.742838],[-100.03409,37.743766],[-100.034051,37.746305],[-100.034037,37.747315],[-100.044529,37.747389],[-100.051357,37.747357],[-100.051292,37.751055],[-100.051271,37.753611],[-100.051267,37.753952],[-100.051264,37.754262],[-100.05685,37.754699],[-100.066212,37.755199],[-100.066245,37.755073],[-100.069622,37.75524],[-100.069632,37.755389],[-100.069564,37.759637],[-100.069518,37.764536],[-100.069523,37.765683],[-100.069571,37.772972],[-100.060345,37.772929],[-100.056502,37.772917],[-100.056523,37.774544],[-100.054547,37.774242],[-100.051356,37.774195],[-100.051367,37.777941],[-100.051391,37.780183],[-100.051445,37.78748],[-100.037751,37.787468],[-100.037762,37.791105],[-100.034672,37.7911],[-100.034666,37.792241],[-100.033203,37.791636],[-100.033234,37.794697],[-100.033264,37.809246],[-100.024243,37.809259],[-100.024119,37.794746],[-100.024013,37.794716],[-100.017179,37.794706],[-100.014986,37.794694],[-100.014969,37.79234],[-100.014054,37.79234],[-100.013272,37.792341],[-100.009984,37.792414],[-100.010003,37.787803],[-100.010403,37.787462],[-100.010286,37.784493],[-100.010222,37.781211],[-100.011924,37.781218],[-100.011882,37.780325]]]]}},{"type":"Feature","properties":{"id":116,"NAME":"116","text-color":"#000000","text-size":16,"labelx":-99.163705,"labely":37.366558,"TotalPop":23588,"PopDevPct":0.00361485,"DemPct":0.18458629,"RepPct":0.7741844,"WhitePct":0.90351955,"MinorityPct":0.09648045,"BlackPct":0.01061453,"HispanicPct":0.04391061,"PacificPct":0.00128492,"AsianPct":0.00620112,"NativePct":0.03335196,"TotalVAP":17900,"Margin":-0.31541371,"color":"#f80d00","opacity":"0.5"},"geometry":{"type":"MultiPolygon","coordinates":[[[[-97.583461,37.213757],[-97.583691,37.228314],[-97.583996,37.242807],[-97.584484,37.257207],[-97.584584,37.260716],[-97.584888,37.271367],[-97.585118,37.278087],[-97.585206,37.285904],[-97.585263,37.300286],[-97.585243,37.314686],[-97.585153,37.329283],[-97.585122,37.343867],[-97.58515,37.35846],[-97.585169,37.368877],[-97.585203,37.372868],[-97.585204,37.372944],[-97.58531,37.387481],[-97.586576,37.387478],[-97.586831,37.401951],[-97.605054,37.401781],[-97.614756,37.402026],[-97.620383,37.401959],[-97.623208,37.401866],[-97.627525,37.401853],[-97.635697,37.401848],[-97.641682,37.401824],[-97.650862,37.401793],[-97.659877,37.401945],[-97.661827,37.401961],[-97.669114,37.401904],[-97.678061,37.401708],[-97.695991,37.401649],[-97.714347,37.401473],[-97.732634,37.401375],[-97.750723,37.401044],[-97.751731,37.401039],[-97.769173,37.400931],[-97.787453,37.400913],[-97.807169,37.400892],[-97.807057,37.386293],[-97.822859,37.386213],[-97.82536,37.386188],[-97.841058,37.3861],[-97.843566,37.386082],[-97.859413,37.385958],[-97.861728,37.385938],[-97.87918,37.385809],[-97.879928,37.385805],[-97.895173,37.385629],[-97.905193,37.385316],[-97.913507,37.385588],[-97.916464,37.385577],[-97.925654,37.385544],[-97.931497,37.385479],[-97.949568,37.38544],[-97.952878,37.385434],[-97.961946,37.385403],[-97.970995,37.385397],[-97.985865,37.385408],[-97.98726,37.385375],[-98.007301,37.385296],[-98.011677,37.385294],[-98.013464,37.385291],[-98.025623,37.385226],[-98.030956,37.385196],[-98.034671,37.385152],[-98.040156,37.385104],[-98.0438,37.38507],[-98.058314,37.384929],[-98.073788,37.38477],[-98.074397,37.384763],[-98.07656,37.384739],[-98.08035,37.384704],[-98.09858,37.384553],[-98.107356,37.384506],[-98.113092,37.384472],[-98.116842,37.38444],[-98.130713,37.384341],[-98.135079,37.384309],[-98.1489,37.384219],[-98.162134,37.384251],[-98.167276,37.384275],[-98.185586,37.384324],[-98.203827,37.384316],[-98.209197,37.384266],[-98.209841,37.384489],[-98.210797,37.384276],[-98.222168,37.384265],[-98.226991,37.384252],[-98.240147,37.384225],[-98.245207,37.384223],[-98.258563,37.384201],[-98.279425,37.384163],[-98.293079,37.384139],[-98.300069,37.384199],[-98.314006,37.384134],[-98.318424,37.384212],[-98.33529,37.384147],[-98.335916,37.384145],[-98.339559,37.384131],[-98.349804,37.384056],[-98.355066,37.384077],[-98.375352,37.383993],[-98.39053,37.383996],[-98.402054,37.384033],[-98.409121,37.383963],[-98.410101,37.384096],[-98.414067,37.384095],[-98.430313,37.384086],[-98.458584,37.384073],[-98.464951,37.384086],[-98.464918,37.39],[-98.464921,37.398461],[-98.464763,37.42752],[-98.464656,37.442041],[-98.464648,37.44818],[-98.464663,37.471013],[-98.482963,37.470951],[-98.501234,37.4709],[-98.519514,37.470856],[-98.537768,37.470809],[-98.546933,37.470777],[-98.549435,37.470779],[-98.550861,37.470771],[-98.553525,37.470748],[-98.553558,37.470747],[-98.556094,37.470742],[-98.566998,37.470701],[-98.57425,37.472615],[-98.592595,37.477281],[-98.60698,37.481004],[-98.611158,37.481971],[-98.627356,37.485238],[-98.629186,37.485669],[-98.631627,37.48621],[-98.647036,37.490243],[-98.65322,37.491865],[-98.665336,37.494243],[-98.677221,37.4965],[-98.677245,37.499778],[-98.679245,37.499802],[-98.680232,37.501132],[-98.683661,37.501131],[-98.683895,37.500876],[-98.684235,37.502068],[-98.686325,37.504819],[-98.69409,37.509781],[-98.700267,37.51446],[-98.702279,37.515984],[-98.713815,37.524719],[-98.714069,37.524911],[-98.717726,37.527655],[-98.719526,37.528748],[-98.722486,37.530067],[-98.731561,37.533552],[-98.733832,37.534562],[-98.736193,37.536238],[-98.7385,37.539216],[-98.739116,37.540725],[-98.739492,37.543826],[-98.739647,37.553718],[-98.739629,37.558009],[-98.739512,37.57256],[-98.739495,37.574972],[-98.739394,37.587113],[-98.739404,37.601697],[-98.739449,37.609369],[-98.739496,37.616206],[-98.739655,37.631425],[-98.739644,37.63337],[-98.739609,37.635558],[-98.739592,37.636117],[-98.739589,37.636529],[-98.739589,37.636616],[-98.739584,37.637662],[-98.739565,37.638703],[-98.739552,37.639737],[-98.739541,37.640785],[-98.739531,37.641833],[-98.739515,37.642891],[-98.739494,37.643929],[-98.739484,37.644969],[-98.739475,37.646026],[-98.738134,37.646013],[-98.736826,37.646001],[-98.735522,37.645989],[-98.734237,37.645977],[-98.734143,37.645976],[-98.733621,37.645972],[-98.732835,37.645964],[-98.732444,37.645961],[-98.731302,37.64595],[-98.730176,37.64594],[-98.729075,37.64593],[-98.727019,37.645919],[-98.72556,37.645912],[-98.725309,37.645908],[-98.724372,37.645888],[-98.721314,37.645824],[-98.716477,37.645723],[-98.716437,37.648074],[-98.718348,37.648072],[-98.718372,37.647166],[-98.721244,37.646821],[-98.72127,37.649578],[-98.718242,37.649521],[-98.718228,37.650256],[-98.716419,37.650243],[-98.716459,37.651085],[-98.718227,37.651136],[-98.718257,37.652289],[-98.719049,37.653082],[-98.720481,37.653051],[-98.722006,37.653058],[-98.721928,37.655155],[-98.72057,37.657384],[-98.720642,37.659041],[-98.721526,37.660569],[-98.729384,37.660555],[-98.730829,37.660566],[-98.731327,37.660572],[-98.739252,37.660613],[-98.739038,37.675211],[-98.739031,37.689888],[-98.739046,37.696382],[-98.739046,37.69661],[-98.739053,37.699253],[-98.739058,37.701585],[-98.739065,37.704373],[-98.739076,37.705633],[-98.739116,37.708375],[-98.739246,37.719101],[-98.739285,37.722832],[-98.739311,37.726267],[-98.739304,37.727876],[-98.739299,37.728942],[-98.739299,37.728967],[-98.739293,37.730092],[-98.739277,37.733531],[-98.739293,37.748035],[-98.739367,37.762631],[-98.739478,37.777249],[-98.73959,37.791798],[-98.739674,37.806364],[-98.739695,37.819742],[-98.740616,37.822318],[-98.743625,37.824975],[-98.758003,37.82503],[-98.765698,37.825077],[-98.776519,37.825169],[-98.784125,37.825221],[-98.789187,37.825232],[-98.794413,37.825239],[-98.802413,37.825258],[-98.812755,37.825247],[-98.82084,37.825253],[-98.83122,37.825254],[-98.839224,37.825261],[-98.849541,37.82528],[-98.857512,37.825277],[-98.867416,37.825312],[-98.875797,37.825299],[-98.886038,37.825321],[-98.894156,37.825345],[-98.903624,37.825358],[-98.903844,37.82536],[-98.912482,37.825385],[-98.921984,37.8254],[-98.930828,37.825419],[-98.940301,37.825429],[-98.949141,37.825405],[-98.958896,37.825359],[-98.967518,37.82533],[-98.977093,37.825317],[-98.985907,37.825331],[-98.995404,37.825325],[-99.00426,37.825332],[-99.008536,37.825336],[-99.013318,37.825336],[-99.013326,37.82301],[-99.013332,37.811706],[-99.01341,37.80575],[-99.013484,37.791183],[-99.013538,37.776639],[-99.013551,37.769116],[-99.013572,37.762076],[-99.013312,37.758538],[-99.013445,37.75002],[-99.01355,37.73297],[-99.022022,37.733086],[-99.031981,37.733123],[-99.050324,37.733149],[-99.063357,37.733283],[-99.069572,37.733242],[-99.087014,37.733345],[-99.105339,37.733408],[-99.123348,37.733458],[-99.125385,37.73358],[-99.132973,37.73324],[-99.14741,37.733331],[-99.153701,37.733515],[-99.159825,37.733694],[-99.178096,37.733546],[-99.195747,37.733544],[-99.214434,37.733541],[-99.214436,37.733341],[-99.231646,37.733291],[-99.232124,37.73329],[-99.240582,37.733378],[-99.250468,37.733648],[-99.268611,37.733642],[-99.286818,37.733685],[-99.29589,37.733695],[-99.30503,37.733705],[-99.323177,37.733699],[-99.340884,37.733691],[-99.360092,37.733756],[-99.368142,37.733805],[-99.37734,37.733858],[-99.395602,37.73397],[-99.413828,37.734071],[-99.432054,37.734172],[-99.449894,37.734284],[-99.453182,37.734174],[-99.500396,37.7346],[-99.522838,37.734727],[-99.557681,37.734925],[-99.55958,37.734888],[-99.559652,37.731925],[-99.557791,37.630436],[-99.558086,37.629892],[-99.557894,37.616388],[-99.557804,37.608262],[-99.557744,37.604801],[-99.557512,37.58633],[-99.557327,37.573133],[-99.55734,37.570947],[-99.557294,37.569526],[-99.557237,37.566841],[-99.556943,37.542378],[-99.55693,37.541512],[-99.55675,37.527515],[-99.556743,37.526823],[-99.556632,37.512663],[-99.556625,37.512095],[-99.556428,37.497495],[-99.556438,37.494186],[-99.556119,37.467722],[-99.556103,37.465444],[-99.556012,37.44611],[-99.555852,37.426221],[-99.555493,37.406264],[-99.555608,37.395459],[-99.555495,37.391588],[-99.555725,37.388704],[-99.555553,37.385521],[-99.555774,37.381112],[-99.543189,37.381124],[-99.543329,37.375022],[-99.543479,37.361243],[-99.543637,37.35224],[-99.543692,37.349084],[-99.544086,37.326816],[-99.544295,37.315538],[-99.54467,37.304755],[-99.544573,37.300941],[-99.544705,37.293844],[-99.54465,37.279284],[-99.544659,37.269197],[-99.544758,37.26221],[-99.54474,37.260516],[-99.544709,37.25755],[-99.544634,37.250386],[-99.544631,37.250024],[-99.5446,37.23972],[-99.544383,37.221163],[-99.544248,37.206644],[-99.544152,37.196287],[-99.54402,37.192156],[-99.543633,37.177615],[-99.543242,37.163023],[-99.542735,37.143983],[-99.542537,37.13393],[-99.542115,37.119552],[-99.542204,37.118414],[-99.542059,37.112772],[-99.541951,37.094762],[-99.54153,37.049963],[-99.541523,37.04908],[-99.541445,37.03973],[-99.541277,37.019776],[-99.541223,37.013261],[-99.541173,37.00728],[-99.541116,36.99961],[-99.525617,36.999747],[-99.508547,36.999658],[-99.508257,36.999748],[-99.497059,36.999691],[-99.484385,36.999729],[-99.48227,36.999609],[-99.471493,36.999476],[-99.456585,36.999471],[-99.455742,36.999473],[-99.407015,36.999579],[-99.396675,36.999838],[-99.386137,37.000115],[-99.375391,37.000177],[-99.357087,36.999944],[-99.338425,36.999861],[-99.319876,36.999779],[-99.277929,36.999581],[-99.273868,36.999497],[-99.215433,36.999557],[-99.181548,36.999527],[-99.171498,36.999472],[-99.124883,36.99942],[-99.105701,36.999451],[-99.075403,36.999307],[-99.049695,36.999221],[-99.029734,36.999588],[-99.001786,36.999486],[-99.000301,36.999467],[-98.977458,36.999598],[-98.941171,36.99959],[-98.907429,36.999508],[-98.880688,36.99931],[-98.879676,36.999469],[-98.869365,36.999433],[-98.844159,36.999448],[-98.834762,36.999404],[-98.811832,36.999295],[-98.797337,36.99923],[-98.793725,36.999461],[-98.777274,36.999368],[-98.771573,36.999388],[-98.743093,36.999165],[-98.719192,36.999068],[-98.717815,36.999181],[-98.714063,36.999096],[-98.694351,36.99899],[-98.651842,36.998871],[-98.649459,36.998864],[-98.634705,36.998914],[-98.622261,36.998891],[-98.604158,36.998841],[-98.581154,36.998801],[-98.567652,36.998813],[-98.545885,36.998758],[-98.528859,36.998896],[-98.522497,36.998885],[-98.503792,36.998659],[-98.503474,36.99867],[-98.490291,36.998562],[-98.485557,36.998539],[-98.482927,36.998539],[-98.476409,36.998502],[-98.457849,36.998415],[-98.438664,36.998372],[-98.42054,36.998361],[-98.419288,36.998466],[-98.408608,36.99837],[-98.40651,36.998498],[-98.37535,36.998317],[-98.363776,36.998034],[-98.351258,36.997974],[-98.347149,36.998155],[-98.346143,36.997962],[-98.32797,36.997851],[-98.309827,36.997733],[-98.291799,36.997691],[-98.253482,36.997724],[-98.250334,36.997698],[-98.237538,36.997961],[-98.227923,36.997996],[-98.219484,36.997919],[-98.209735,36.997973],[-98.200888,36.997878],[-98.19047,36.997899],[-98.183632,36.997932],[-98.177732,36.997939],[-98.164216,36.997937],[-98.146311,36.998162],[-98.128179,36.998072],[-98.109832,36.998103],[-98.084139,36.998268],[-98.073521,36.998282],[-98.045329,36.998381],[-98.019366,36.998455],[-98.001392,36.998499],[-97.983617,36.998459],[-97.965292,36.998523],[-97.947239,36.998599],[-97.929337,36.998616],[-97.911462,36.998621],[-97.892098,36.99867],[-97.874041,36.998654],[-97.864785,36.998703],[-97.838202,36.998683],[-97.820231,36.998719],[-97.802313,36.998718],[-97.783272,36.998746],[-97.783274,36.998959],[-97.769622,36.998741],[-97.765016,36.998769],[-97.74679,36.998756],[-97.728739,36.998733],[-97.715539,36.998892],[-97.714421,36.998715],[-97.710404,36.998825],[-97.69218,36.998849],[-97.670262,36.998905],[-97.652122,36.998957],[-97.650273,36.998839],[-97.639938,36.998857],[-97.63837,36.99869],[-97.636844,36.999085],[-97.625328,36.99888],[-97.60879,36.99869],[-97.607572,36.998671],[-97.595028,36.998546],[-97.582377,36.998638],[-97.582404,37.006335],[-97.582046,37.008397],[-97.582391,37.010118],[-97.582464,37.01889],[-97.582421,37.025348],[-97.582437,37.028934],[-97.582449,37.032679],[-97.582427,37.039987],[-97.582454,37.055351],[-97.582485,37.067643],[-97.582504,37.069851],[-97.582645,37.08447],[-97.582916,37.099183],[-97.583081,37.109428],[-97.58392,37.124884],[-97.583776,37.126486],[-97.583766,37.127085],[-97.583699,37.131122],[-97.583593,37.141283],[-97.583525,37.155806],[-97.583545,37.158012],[-97.58348,37.170358],[-97.583507,37.177528],[-97.583468,37.184877],[-97.583499,37.199375],[-97.583461,37.213757]]]]}},{"type":"Feature","properties":{"id":117,"NAME":"117","text-color":"#000000","text-size":16,"labelx":-95.155523,"labely":38.887956,"TotalPop":23087,"PopDevPct":-0.01770154,"DemPct":0.42369635,"RepPct":0.52572473,"WhitePct":0.84151547,"MinorityPct":0.15848453,"BlackPct":0.02353848,"HispanicPct":0.06747302,"PacificPct":0.00118582,"AsianPct":0.03213566,"NativePct":0.03029764,"TotalVAP":16866,"Margin":-0.07630365,"color":"#ff837d","opacity":"0.5"},"geometry":{"type":"MultiPolygon","coordinates":[[[[-95.260732,38.90869],[-95.262946,38.909296],[-95.266516,38.912763],[-95.268672,38.91358],[-95.279147,38.913577],[-95.279117,38.89904],[-95.278974,38.89893],[-95.27913,38.898694],[-95.279132,38.887241],[-95.280028,38.886557],[-95.282971,38.88612],[-95.284269,38.884488],[-95.286081,38.884472],[-95.287387,38.88548],[-95.288874,38.884392],[-95.290939,38.88436],[-95.29278,38.883805],[-95.294991,38.884487],[-95.29794,38.88433],[-95.297844,38.869903],[-95.293381,38.869924],[-95.272333,38.869935],[-95.270611,38.86972],[-95.266597,38.869943],[-95.261371,38.86995],[-95.260609,38.869951],[-95.260133,38.86993],[-95.256138,38.869906],[-95.255816,38.869904],[-95.25642,38.86808],[-95.2611,38.858169],[-95.265177,38.84951],[-95.266697,38.845633],[-95.26805,38.840551],[-95.268678,38.836375],[-95.268851,38.833273],[-95.265846,38.833268],[-95.26037,38.833259],[-95.246415,38.83338],[-95.244203,38.833146],[-95.242043,38.831453],[-95.241378,38.827995],[-95.240233,38.82681],[-95.238239,38.826136],[-95.232891,38.8261],[-95.219916,38.826008],[-95.214045,38.825869],[-95.205094,38.82592],[-95.204995,38.828075],[-95.20507,38.836472],[-95.205005,38.84059],[-95.195649,38.840579],[-95.195071,38.840863],[-95.192648,38.840547],[-95.186437,38.840529],[-95.18289,38.840518],[-95.181763,38.840512],[-95.18063,38.840514],[-95.179797,38.840515],[-95.177106,38.840505],[-95.1678,38.840548],[-95.167217,38.84055],[-95.15845,38.840586],[-95.149183,38.840628],[-95.139799,38.840528],[-95.130444,38.840428],[-95.121184,38.840546],[-95.111849,38.840665],[-95.093169,38.840612],[-95.08425,38.840606],[-95.074782,38.8406],[-95.065765,38.840603],[-95.065722,38.840603],[-95.059721,38.840598],[-95.056159,38.840591],[-95.056153,38.844083],[-95.056123,38.855145],[-95.056128,38.862408],[-95.056117,38.869573],[-95.056074,38.87696],[-95.05604,38.88413],[-95.055944,38.898694],[-95.037479,38.89893],[-95.037345,38.907964],[-95.037497,38.920656],[-95.034809,38.920771],[-95.029933,38.921324],[-95.029938,38.921791],[-95.019953,38.921978],[-95.013275,38.921907],[-95.013328,38.920721],[-95.011023,38.920759],[-95.010742,38.91986],[-95.007171,38.919843],[-95.005486,38.919845],[-95.005368,38.920783],[-95.003142,38.92053],[-95.001661,38.920785],[-95.001694,38.923741],[-94.99937,38.925078],[-94.995709,38.925099],[-94.993021,38.924675],[-94.992121,38.925399],[-94.992129,38.933018],[-94.992145,38.947243],[-94.992659,38.948113],[-94.992546,38.948847],[-94.992378,38.949714],[-94.991758,38.951293],[-94.986756,38.954572],[-94.984918,38.95665],[-94.983271,38.960582],[-94.970538,38.960113],[-94.970353,38.960106],[-94.965866,38.959994],[-94.955071,38.959986],[-94.943994,38.959996],[-94.936566,38.960089],[-94.932566,38.95994],[-94.922543,38.957857],[-94.915914,38.956342],[-94.912324,38.954916],[-94.908739,38.952744],[-94.905233,38.950489],[-94.903551,38.949413],[-94.899524,38.947705],[-94.899531,38.947945],[-94.89957,38.94922],[-94.898644,38.950379],[-94.895613,38.950864],[-94.892609,38.951715],[-94.890158,38.951659],[-94.888529,38.951236],[-94.886736,38.951642],[-94.885409,38.953205],[-94.882618,38.95353],[-94.882319,38.954372],[-94.880287,38.954563],[-94.878746,38.953944],[-94.877408,38.954325],[-94.877556,38.955492],[-94.879326,38.957667],[-94.87828,38.958536],[-94.87614,38.959477],[-94.872113,38.959749],[-94.868744,38.959091],[-94.868769,38.959054],[-94.86879,38.959019],[-94.868798,38.958972],[-94.868792,38.958924],[-94.868758,38.958856],[-94.868729,38.95882],[-94.868669,38.958778],[-94.868606,38.958759],[-94.868526,38.958748],[-94.868425,38.958754],[-94.868362,38.958776],[-94.868314,38.958811],[-94.868293,38.958831],[-94.866039,38.957195],[-94.865996,38.956832],[-94.865571,38.956927],[-94.862717,38.956394],[-94.858758,38.956393],[-94.857017,38.956388],[-94.855056,38.956394],[-94.853353,38.956395],[-94.853418,38.963518],[-94.853422,38.970637],[-94.854213,38.977951],[-94.854143,38.979962],[-94.853228,38.986539],[-94.853226,38.992638],[-94.852911,38.99264],[-94.850034,38.992626],[-94.850009,38.994222],[-94.851093,38.995199],[-94.851472,38.99636],[-94.851134,38.997297],[-94.85052,38.998202],[-94.849869,38.999438],[-94.849852,38.999921],[-94.847108,38.999911],[-94.844282,38.999899],[-94.844368,38.999109],[-94.841943,38.999086],[-94.839687,38.99908],[-94.839452,38.999876],[-94.839435,39.007232],[-94.83946,39.008082],[-94.831225,39.009152],[-94.823504,39.009191],[-94.821032,39.009163],[-94.820943,39.009391],[-94.820495,39.011791],[-94.82109,39.014472],[-94.822234,39.019451],[-94.8221,39.021694],[-94.821863,39.022628],[-94.819042,39.029478],[-94.822784,39.029075],[-94.825365,39.029055],[-94.82904,39.02901],[-94.831524,39.029003],[-94.834747,39.029007],[-94.835404,39.029004],[-94.839445,39.028995],[-94.839444,39.02577],[-94.839443,39.024331],[-94.840211,39.024347],[-94.841173,39.024736],[-94.841817,39.024916],[-94.843057,39.024639],[-94.843634,39.023974],[-94.844445,39.022637],[-94.844768,39.022183],[-94.845837,39.021721],[-94.84929,39.021425],[-94.848766,39.020429],[-94.848813,39.019734],[-94.851699,39.017794],[-94.853091,39.0167],[-94.85324,39.015913],[-94.853769,39.015832],[-94.853853,39.007442],[-94.853831,39.007145],[-94.854169,39.007144],[-94.857644,39.007171],[-94.858942,39.007213],[-94.862934,39.007237],[-94.864921,39.007247],[-94.866214,39.007252],[-94.866079,39.00669],[-94.868562,39.006661],[-94.86999,39.005866],[-94.87156,39.005322],[-94.87228,39.005301],[-94.872342,39.010613],[-94.872882,39.011377],[-94.872347,39.013713],[-94.872356,39.014509],[-94.878174,39.014537],[-94.880119,39.014419],[-94.881464,39.011969],[-94.881742,39.013132],[-94.882771,39.013936],[-94.884949,39.014511],[-94.887174,39.014544],[-94.891199,39.008248],[-94.895702,39.003627],[-94.898241,39.000877],[-94.904611,38.99344],[-94.908885,38.9892],[-94.908789,38.98997],[-94.908765,38.991401],[-94.912308,38.987732],[-94.913796,38.986484],[-94.919118,38.983546],[-94.92086,38.984318],[-94.921748,38.985786],[-94.920863,38.98872],[-94.918912,38.991863],[-94.917747,38.99282],[-94.916291,38.995156],[-94.916243,38.9969],[-94.917043,38.998852],[-94.918313,39.000409],[-94.919896,39.001539],[-94.923349,39.002633],[-94.925208,39.002649],[-94.927474,39.002039],[-94.929936,39.001959],[-94.931571,39.00146],[-94.935174,38.997474],[-94.938925,38.994662],[-94.94055,38.989982],[-94.944388,38.98639],[-94.948275,38.984214],[-94.951132,38.983599],[-94.955086,38.982378],[-94.956545,38.981972],[-94.96233,38.981916],[-94.964883,38.982141],[-94.971604,38.98519],[-94.974716,38.987874],[-94.977595,38.990871],[-94.978879,38.99124],[-94.980362,38.992407],[-94.987656,38.994085],[-94.993559,38.995044],[-94.995798,38.995716],[-95.003617,38.99893],[-95.011429,39.000806],[-95.014057,39.000858],[-95.017508,39.000311],[-95.021132,39.000003],[-95.021817,38.999624],[-95.024636,38.995846],[-95.026067,38.993094],[-95.026045,38.992337],[-95.023638,38.988238],[-95.024175,38.987236],[-95.024509,38.984111],[-95.025293,38.982311],[-95.027847,38.978865],[-95.030549,38.97695],[-95.033275,38.975505],[-95.038373,38.974204],[-95.040672,38.974156],[-95.042091,38.974581],[-95.043907,38.975126],[-95.044254,38.975281],[-95.049859,38.978034],[-95.056258,38.98212],[-95.056356,38.980687],[-95.056466,38.966067],[-95.056497,38.964293],[-95.056495,38.961679],[-95.056467,38.959179],[-95.056452,38.957282],[-95.056256,38.950689],[-95.056203,38.944051],[-95.056187,38.943106],[-95.059527,38.943134],[-95.06253,38.94314],[-95.066313,38.943147],[-95.06873,38.942885],[-95.071994,38.941734],[-95.072856,38.941262],[-95.089659,38.931716],[-95.094709,38.929778],[-95.097358,38.92923],[-95.09966,38.929],[-95.104417,38.929213],[-95.11195,38.930669],[-95.112373,38.930741],[-95.118827,38.931843],[-95.131662,38.933777],[-95.132119,38.933847],[-95.132481,38.933902],[-95.139818,38.934904],[-95.149318,38.935169],[-95.158134,38.935385],[-95.165251,38.935556],[-95.166905,38.935537],[-95.167766,38.935484],[-95.172212,38.934434],[-95.174972,38.933216],[-95.176841,38.932025],[-95.181232,38.927734],[-95.184537,38.925534],[-95.187064,38.924485],[-95.190849,38.923609],[-95.193618,38.923442],[-95.204963,38.923547],[-95.204963,38.923283],[-95.204967,38.920944],[-95.220421,38.920833],[-95.220912,38.918507],[-95.223279,38.91592],[-95.223605,38.914893],[-95.223641,38.91095],[-95.223933,38.910937],[-95.224196,38.910995],[-95.22472,38.911286],[-95.225119,38.91171],[-95.225364,38.911906],[-95.225517,38.912076],[-95.225653,38.912317],[-95.225805,38.912487],[-95.225955,38.91257],[-95.2262,38.912767],[-95.226394,38.913079],[-95.22677,38.913345],[-95.227034,38.913556],[-95.227498,38.91369],[-95.227775,38.913714],[-95.228145,38.913779],[-95.228403,38.913788],[-95.228514,38.913829],[-95.228734,38.913782],[-95.228973,38.913806],[-95.22923,38.913787],[-95.229394,38.913726],[-95.229753,38.913461],[-95.229959,38.912982],[-95.230004,38.912651],[-95.230123,38.912347],[-95.230058,38.912032],[-95.230196,38.911742],[-95.230356,38.911552],[-95.230589,38.911361],[-95.230753,38.911329],[-95.231176,38.911307],[-95.231509,38.911372],[-95.231696,38.911484],[-95.231868,38.911667],[-95.231998,38.911736],[-95.232057,38.91185],[-95.232063,38.912037],[-95.231863,38.912113],[-95.231389,38.912237],[-95.230935,38.912432],[-95.230739,38.912623],[-95.230559,38.912741],[-95.230491,38.912929],[-95.230518,38.913216],[-95.230558,38.913316],[-95.230534,38.913719],[-95.230575,38.913847],[-95.23039,38.914397],[-95.230395,38.914569],[-95.230461,38.914898],[-95.230801,38.915208],[-95.231155,38.91533],[-95.231654,38.915421],[-95.232641,38.915216],[-95.232694,38.915157],[-95.233022,38.915065],[-95.233572,38.915011],[-95.233995,38.915003],[-95.234379,38.914924],[-95.234579,38.914848],[-95.234704,38.914745],[-95.234922,38.91464],[-95.235311,38.914159],[-95.235431,38.913869],[-95.235605,38.913564],[-95.235619,38.913406],[-95.235724,38.913246],[-95.235862,38.912941],[-95.236074,38.912664],[-95.236156,38.912361],[-95.23626,38.912158],[-95.236309,38.911956],[-95.236468,38.911737],[-95.236623,38.911404],[-95.236747,38.911272],[-95.237055,38.911108],[-95.237387,38.91113],[-95.238035,38.91129],[-95.238177,38.911719],[-95.238203,38.911934],[-95.238172,38.912121],[-95.238052,38.912411],[-95.2381,38.912769],[-95.238289,38.912938],[-95.238462,38.91315],[-95.238859,38.913502],[-95.239304,38.913608],[-95.239671,38.913587],[-95.239999,38.913494],[-95.240255,38.91346],[-95.2404,38.913386],[-95.240506,38.913254],[-95.240885,38.913017],[-95.241067,38.912942],[-95.241373,38.912749],[-95.241564,38.912372],[-95.241777,38.912152],[-95.241803,38.91195],[-95.241803,38.911905],[-95.243521,38.909962],[-95.245156,38.909674],[-95.245199,38.909722],[-95.246077,38.91037],[-95.246726,38.910659],[-95.248076,38.910703],[-95.248726,38.910921],[-95.249191,38.910996],[-95.249422,38.91114],[-95.25,38.911306],[-95.250464,38.911462],[-95.250947,38.91165],[-95.251595,38.911933],[-95.25207,38.912174],[-95.25257,38.912159],[-95.252889,38.912022],[-95.253141,38.911843],[-95.253348,38.91156],[-95.253692,38.911232],[-95.254164,38.911031],[-95.254452,38.910981],[-95.254846,38.910971],[-95.255156,38.91102],[-95.255398,38.911102],[-95.255631,38.911232],[-95.255939,38.911454],[-95.256382,38.911875],[-95.256593,38.91198],[-95.256812,38.912034],[-95.257047,38.911989],[-95.257298,38.911868],[-95.257626,38.911644],[-95.257855,38.911448],[-95.258572,38.911017],[-95.25908,38.910904],[-95.259497,38.910883],[-95.259852,38.910926],[-95.260447,38.910966],[-95.260446,38.910865],[-95.260443,38.908687],[-95.260732,38.90869]]]]}},{"type":"Feature","properties":{"id":118,"NAME":"118","text-color":"#000000","text-size":16,"labelx":-100.443674,"labely":38.742524,"TotalPop":23583,"PopDevPct":0.00340211,"DemPct":0.12995061,"RepPct":0.84068253,"WhitePct":0.86758451,"MinorityPct":0.13241549,"BlackPct":0.00688381,"HispanicPct":0.09514215,"PacificPct":0.00363779,"AsianPct":0.00677188,"NativePct":0.02311395,"TotalVAP":17868,"Margin":-0.37004939,"color":"#820000","opacity":"0.5"},"geometry":{"type":"MultiPolygon","coordinates":[[[[-100.684699,38.264137],[-100.665116,38.264071],[-100.656804,38.264067],[-100.647644,38.264004],[-100.647087,38.263998],[-100.629741,38.263907],[-100.612003,38.26386],[-100.610819,38.263847],[-100.60003,38.263923],[-100.592218,38.263807],[-100.574305,38.263766],[-100.572352,38.263698],[-100.537973,38.263551],[-100.502928,38.263382],[-100.500028,38.263465],[-100.487584,38.263302],[-100.464288,38.263179],[-100.44349,38.2631],[-100.433312,38.262982],[-100.423403,38.263005],[-100.391988,38.262874],[-100.391442,38.262871],[-100.373308,38.262793],[-100.354175,38.262712],[-100.336611,38.262635],[-100.336323,38.262634],[-100.322376,38.262637],[-100.300937,38.262509],[-100.300621,38.262134],[-100.292713,38.262425],[-100.244393,38.26229],[-100.227137,38.262237],[-100.209331,38.262146],[-100.207074,38.262197],[-100.191132,38.262143],[-100.189166,38.262174],[-100.180218,38.262086],[-100.135047,38.26189],[-100.12541,38.261852],[-100.112121,38.261895],[-100.101407,38.261851],[-100.098355,38.261965],[-100.092171,38.261852],[-100.071696,38.261783],[-100.062076,38.26169],[-100.04644,38.261588],[-100.043832,38.261761],[-100.027754,38.261508],[-100.025536,38.261679],[-100.009942,38.261556],[-100.000407,38.26148],[-99.991654,38.261571],[-99.988665,38.261683],[-99.973134,38.26159],[-99.951902,38.261547],[-99.951769,38.26167],[-99.927169,38.261604],[-99.918169,38.261559],[-99.899861,38.261468],[-99.896686,38.261455],[-99.888647,38.261514],[-99.875404,38.261495],[-99.869478,38.261731],[-99.852615,38.261765],[-99.841436,38.261735],[-99.804772,38.261898],[-99.804626,38.261807],[-99.790446,38.261787],[-99.786558,38.261726],[-99.772889,38.261719],[-99.770834,38.261662],[-99.756333,38.261819],[-99.753761,38.261723],[-99.749794,38.261735],[-99.735612,38.261737],[-99.731368,38.261759],[-99.717194,38.261739],[-99.71361,38.261743],[-99.707882,38.261771],[-99.701761,38.261782],[-99.694593,38.262012],[-99.694584,38.261811],[-99.680345,38.261847],[-99.676154,38.262057],[-99.646671,38.261981],[-99.642634,38.261898],[-99.640049,38.262052],[-99.620943,38.262132],[-99.584207,38.262179],[-99.584381,38.268075],[-99.584313,38.276656],[-99.584417,38.294742],[-99.584527,38.30577],[-99.584642,38.320278],[-99.584747,38.334835],[-99.584794,38.349386],[-99.584847,38.36397],[-99.584847,38.367015],[-99.585148,38.375014],[-99.585026,38.385545],[-99.585127,38.407519],[-99.585292,38.422047],[-99.585408,38.436593],[-99.585827,38.463124],[-99.585869,38.463526],[-99.585897,38.463986],[-99.586011,38.473169],[-99.586049,38.47658],[-99.58622,38.488827],[-99.586193,38.49512],[-99.586286,38.509274],[-99.586353,38.523851],[-99.586386,38.534218],[-99.58631,38.538408],[-99.586459,38.543742],[-99.58644,38.55296],[-99.586432,38.567515],[-99.586492,38.58205],[-99.586549,38.59658],[-99.586604,38.611195],[-99.586329,38.625705],[-99.586024,38.640367],[-99.585969,38.646973],[-99.585754,38.654796],[-99.585779,38.665736],[-99.58531,38.686583],[-99.585087,38.696537],[-99.598323,38.696514],[-99.598083,38.710955],[-99.598152,38.714168],[-99.597709,38.725429],[-99.597359,38.734966],[-99.597404,38.736874],[-99.59742,38.738161],[-99.596948,38.755392],[-99.596757,38.768844],[-99.596728,38.78199],[-99.596372,38.790881],[-99.596297,38.797916],[-99.596272,38.798372],[-99.596202,38.812715],[-99.59592,38.826931],[-99.595743,38.841435],[-99.595514,38.861556],[-99.595456,38.870457],[-99.595291,38.884926],[-99.59513,38.899421],[-99.595005,38.913939],[-99.594855,38.928458],[-99.594976,38.935238],[-99.59497,38.935745],[-99.594751,38.937247],[-99.594763,38.937883],[-99.594786,38.942953],[-99.594731,38.950211],[-99.594728,38.950445],[-99.594673,38.957361],[-99.594673,38.957587],[-99.594492,38.971903],[-99.594274,38.986406],[-99.594073,39.000911],[-99.593839,39.015378],[-99.593647,39.029906],[-99.593641,39.035026],[-99.593507,39.038167],[-99.593126,39.05889],[-99.592891,39.070274],[-99.593081,39.073172],[-99.592825,39.074455],[-99.592983,39.078765],[-99.592565,39.087765],[-99.592321,39.102326],[-99.592139,39.113217],[-99.592063,39.116852],[-99.592018,39.122044],[-99.591776,39.132357],[-99.593688,39.13244],[-99.605187,39.132481],[-99.614038,39.132462],[-99.619269,39.132458],[-99.639726,39.132421],[-99.642415,39.132399],[-99.64744,39.13239],[-99.679626,39.13235],[-99.684772,39.132354],[-99.69837,39.132296],[-99.70608,39.132268],[-99.717038,39.132276],[-99.735591,39.132288],[-99.739965,39.132282],[-99.772842,39.132178],[-99.778002,39.132173],[-99.791364,39.13215],[-99.795788,39.132137],[-99.810075,39.132113],[-99.828671,39.132084],[-99.831476,39.13186],[-99.850746,39.131976],[-99.86003,39.13199],[-99.86817,39.132119],[-99.880243,39.132095],[-99.888323,39.132065],[-99.903218,39.132095],[-99.906685,39.131904],[-99.921855,39.13188],[-99.93123,39.131839],[-99.938459,39.131953],[-99.961884,39.131909],[-99.961914,39.132143],[-99.977691,39.132048],[-99.980465,39.132037],[-99.999811,39.132002],[-100.008571,39.131828],[-100.014941,39.131953],[-100.017603,39.13174],[-100.032754,39.131751],[-100.035565,39.13169],[-100.054436,39.131753],[-100.054605,39.1319],[-100.070724,39.131938],[-100.085078,39.131767],[-100.087994,39.131721],[-100.107479,39.131709],[-100.126916,39.131954],[-100.129353,39.131902],[-100.144666,39.13213],[-100.14794,39.132179],[-100.163548,39.131908],[-100.1642,39.132071],[-100.164347,39.134978],[-100.164246,39.146507],[-100.164125,39.160984],[-100.164048,39.17549],[-100.164044,39.189992],[-100.163826,39.204282],[-100.163741,39.218989],[-100.163656,39.233519],[-100.163574,39.24778],[-100.16354,39.247948],[-100.163352,39.262548],[-100.16335,39.263551],[-100.162917,39.306253],[-100.162492,39.348378],[-100.162482,39.349439],[-100.162573,39.352172],[-100.162472,39.354741],[-100.162299,39.378704],[-100.162069,39.392939],[-100.162125,39.407421],[-100.162076,39.421954],[-100.162055,39.436467],[-100.162156,39.465464],[-100.162165,39.480054],[-100.162208,39.494479],[-100.162158,39.50898],[-100.162127,39.523462],[-100.1621,39.537897],[-100.161902,39.542481],[-100.162018,39.547162],[-100.161863,39.551998],[-100.161667,39.567277],[-100.173602,39.567096],[-100.180351,39.56689],[-100.192908,39.567051],[-100.208014,39.567015],[-100.217142,39.567058],[-100.219568,39.56707],[-100.22235,39.567083],[-100.245982,39.567196],[-100.25497,39.567176],[-100.270695,39.567387],[-100.274017,39.56737],[-100.292825,39.567604],[-100.301973,39.567662],[-100.307014,39.567553],[-100.310933,39.567569],[-100.32939,39.567607],[-100.329793,39.567608],[-100.347947,39.567638],[-100.348574,39.567641],[-100.366647,39.567664],[-100.367327,39.567666],[-100.385968,39.567693],[-100.40365,39.567664],[-100.404695,39.567662],[-100.422951,39.567617],[-100.441128,39.567326],[-100.460258,39.567628],[-100.478378,39.567688],[-100.479621,39.567696],[-100.496672,39.567674],[-100.51334,39.567701],[-100.514495,39.567716],[-100.51501,39.567742],[-100.517114,39.567729],[-100.535893,39.567798],[-100.552608,39.567832],[-100.554318,39.567857],[-100.555353,39.567784],[-100.572898,39.567818],[-100.586506,39.567838],[-100.599462,39.567938],[-100.608222,39.567847],[-100.610209,39.568003],[-100.628562,39.567916],[-100.64643,39.56797],[-100.663942,39.568],[-100.666197,39.568001],[-100.682673,39.568],[-100.684535,39.568018],[-100.692921,39.567938],[-100.703382,39.568099],[-100.720213,39.568034],[-100.720123,39.56553],[-100.720008,39.565256],[-100.719975,39.55407],[-100.719945,39.54682],[-100.719936,39.539482],[-100.720041,39.531082],[-100.719902,39.524943],[-100.720064,39.510276],[-100.720275,39.495953],[-100.720465,39.481606],[-100.720465,39.481403],[-100.720516,39.479779],[-100.720495,39.478919],[-100.720512,39.466852],[-100.720625,39.452327],[-100.720509,39.437803],[-100.720507,39.423212],[-100.720519,39.408618],[-100.720646,39.394057],[-100.720792,39.379485],[-100.720896,39.36503],[-100.720935,39.358484],[-100.720933,39.356358],[-100.720932,39.355277],[-100.720941,39.353888],[-100.720944,39.353409],[-100.720951,39.350579],[-100.72099,39.336107],[-100.721092,39.307131],[-100.721166,39.292646],[-100.721229,39.27808],[-100.721278,39.263566],[-100.721435,39.234575],[-100.721519,39.220031],[-100.721566,39.205721],[-100.721467,39.19128],[-100.721355,39.176774],[-100.721355,39.176581],[-100.721356,39.162304],[-100.721363,39.147831],[-100.721296,39.133381],[-100.738884,39.133438],[-100.756687,39.133299],[-100.775177,39.133265],[-100.775311,39.133375],[-100.793532,39.1334],[-100.79381,39.133325],[-100.794065,39.133388],[-100.811858,39.13336],[-100.814474,39.133346],[-100.820404,39.13335],[-100.820796,39.13335],[-100.830423,39.133372],[-100.84443,39.133326],[-100.846036,39.133324],[-100.847746,39.133323],[-100.848418,39.133321],[-100.849032,39.13332],[-100.850097,39.133317],[-100.850221,39.133316],[-100.851296,39.133316],[-100.851656,39.133317],[-100.852494,39.133318],[-100.85366,39.133321],[-100.855086,39.133324],[-100.85661,39.133327],[-100.857126,39.13333],[-100.857649,39.133333],[-100.858324,39.133336],[-100.858891,39.133338],[-100.859402,39.133338],[-100.859974,39.133338],[-100.860479,39.133339],[-100.861014,39.133339],[-100.861532,39.133339],[-100.862584,39.133336],[-100.863563,39.13333],[-100.863717,39.133329],[-100.864002,39.133327],[-100.865365,39.133322],[-100.86663,39.133319],[-100.868196,39.13331],[-100.907411,39.133266],[-100.92323,39.133239],[-100.926444,39.133212],[-100.932972,39.133138],[-100.944923,39.133045],[-100.960355,39.13302],[-100.978982,39.133068],[-100.982145,39.133086],[-100.99764,39.133068],[-101.016239,39.133068],[-101.019406,39.133037],[-101.034377,39.133027],[-101.037993,39.133017],[-101.056012,39.133112],[-101.071866,39.133177],[-101.075216,39.133213],[-101.090499,39.13326],[-101.09387,39.13329],[-101.109077,39.133422],[-101.131003,39.133638],[-101.145259,39.133822],[-101.149662,39.13387],[-101.163963,39.134084],[-101.168244,39.134134],[-101.201003,39.134648],[-101.205454,39.13472],[-101.219754,39.134842],[-101.22416,39.134901],[-101.235929,39.13505],[-101.23875,39.135136],[-101.242669,39.135152],[-101.256195,39.135242],[-101.261282,39.135276],[-101.274988,39.135402],[-101.298566,39.135513],[-101.312228,39.135447],[-101.350898,39.135318],[-101.352697,39.135309],[-101.391717,39.135117],[-101.411249,39.135016],[-101.435023,39.13496],[-101.447955,39.134769],[-101.478195,39.134761],[-101.478236,39.125005],[-101.478689,39.117037],[-101.478606,39.106763],[-101.478643,39.098195],[-101.478835,39.092121],[-101.4791,39.063157],[-101.479225,39.048468],[-101.479447,39.034065],[-101.479575,39.021022],[-101.479743,39.005185],[-101.479772,39.001388],[-101.480165,39.000008],[-101.480399,38.961768],[-101.480446,38.954273],[-101.480421,38.953514],[-101.480677,38.93243],[-101.48099,38.917892],[-101.481029,38.914486],[-101.481144,38.904239],[-101.481347,38.903344],[-101.481441,38.898283],[-101.481627,38.87501],[-101.481591,38.874745],[-101.481541,38.874382],[-101.482027,38.836651],[-101.481874,38.830603],[-101.482189,38.826633],[-101.482328,38.816041],[-101.482842,38.787524],[-101.483,38.78299],[-101.482945,38.775412],[-101.483217,38.758511],[-101.483463,38.743757],[-101.483742,38.730216],[-101.484085,38.714741],[-101.484383,38.700166],[-101.49541,38.700012],[-101.521428,38.699929],[-101.530863,38.699883],[-101.531925,38.699878],[-101.550943,38.699799],[-101.55854,38.699769],[-101.560437,38.699747],[-101.567094,38.699669],[-101.57747,38.699578],[-101.595541,38.699422],[-101.603273,38.699343],[-101.607735,38.699327],[-101.611878,38.699286],[-101.620389,38.699254],[-101.622262,38.699245],[-101.641108,38.699116],[-101.651355,38.699066],[-101.668725,38.698927],[-101.686956,38.698845],[-101.71997,38.698563],[-101.721627,38.698843],[-101.724886,38.698564],[-101.728815,38.698493],[-101.732456,38.698315],[-101.735216,38.698439],[-101.744117,38.698379],[-101.746312,38.698388],[-101.752226,38.69834],[-101.781197,38.698148],[-101.790891,38.698096],[-101.817646,38.698018],[-101.836157,38.697961],[-101.846553,38.697901],[-101.854775,38.697911],[-101.873574,38.697892],[-101.8836,38.697907],[-101.891601,38.697906],[-101.91031,38.697889],[-101.919896,38.6979],[-101.93868,38.697863],[-101.94747,38.697853],[-101.95717,38.697847],[-101.994188,38.697834],[-102.002875,38.697821],[-102.011909,38.697836],[-102.030356,38.697865],[-102.040013,38.697822],[-102.045212,38.697567],[-102.045156,38.688555],[-102.045127,38.686725],[-102.045102,38.674946],[-102.045074,38.669617],[-102.045207,38.658557],[-102.045109,38.654305],[-102.045115,38.629732],[-102.044792,38.61534],[-102.045082,38.615172],[-102.045074,38.602453],[-102.045206,38.60068],[-102.045248,38.588679],[-102.045146,38.588278],[-102.045178,38.577142],[-102.044901,38.566687],[-102.044916,38.529295],[-102.045045,38.510226],[-102.044985,38.484794],[-102.045008,38.472315],[-102.045043,38.468527],[-102.045052,38.460822],[-102.044728,38.441346],[-102.044795,38.436569],[-102.044977,38.427952],[-102.044962,38.422091],[-102.044804,38.419676],[-102.044825,38.404272],[-102.044927,38.393314],[-102.044827,38.39278],[-102.044804,38.384636],[-102.044946,38.384358],[-102.044676,38.356184],[-102.044526,38.349526],[-102.044612,38.312324],[-102.044436,38.306181],[-102.044611,38.28591],[-102.044525,38.277],[-102.044464,38.262412],[-102.036921,38.262401],[-102.027818,38.262395],[-102.018628,38.26237],[-102.009645,38.262383],[-102.000052,38.2624],[-101.981932,38.262403],[-101.96421,38.262411],[-101.954039,38.262408],[-101.945843,38.262411],[-101.927218,38.262422],[-101.909031,38.262421],[-101.890446,38.262399],[-101.880561,38.262388],[-101.871962,38.26238],[-101.843475,38.262329],[-101.836141,38.262361],[-101.825299,38.262376],[-101.817623,38.262386],[-101.799264,38.262387],[-101.788681,38.262374],[-101.78072,38.262387],[-101.770054,38.262443],[-101.757042,38.262505],[-101.733408,38.262651],[-101.72655,38.262677],[-101.707848,38.262797],[-101.689221,38.262822],[-101.678063,38.262791],[-101.677887,38.262693],[-101.669135,38.262686],[-101.659391,38.262811],[-101.652711,38.262848],[-101.641347,38.262905],[-101.633919,38.262924],[-101.622831,38.262918],[-101.615897,38.262967],[-101.604087,38.26304],[-101.597674,38.263042],[-101.585865,38.263069],[-101.579395,38.263047],[-101.567482,38.263145],[-101.56107,38.263125],[-101.548695,38.263185],[-101.542312,38.263207],[-101.52969,38.263341],[-101.524665,38.263269],[-101.493765,38.263383],[-101.487846,38.26339],[-101.48466,38.263423],[-101.470498,38.263523],[-101.469135,38.263523],[-101.456628,38.263549],[-101.438498,38.26362],[-101.432232,38.263641],[-101.419804,38.263686],[-101.414574,38.263613],[-101.401439,38.263676],[-101.364598,38.26373],[-101.359651,38.263722],[-101.34718,38.263838],[-101.322674,38.264022],[-101.305161,38.264053],[-101.295069,38.263983],[-101.268174,38.264104],[-101.235797,38.264197],[-101.231449,38.264212],[-101.212997,38.264284],[-101.198979,38.264316],[-101.195341,38.264329],[-101.180575,38.264372],[-101.176887,38.26439],[-101.158356,38.264441],[-101.139894,38.264465],[-101.125438,38.264509],[-101.121642,38.26452],[-101.103268,38.264557],[-101.085518,38.264621],[-101.070262,38.264673],[-101.067078,38.264686],[-101.051842,38.264738],[-101.048713,38.264755],[-101.030338,38.264817],[-101.01504,38.264868],[-101.012122,38.264877],[-100.978229,38.264966],[-100.975875,38.264987],[-100.956988,38.26504],[-100.931809,38.265113],[-100.923033,38.265146],[-100.920579,38.265156],[-100.91383,38.265181],[-100.911315,38.265187],[-100.911262,38.265187],[-100.90461,38.265198],[-100.902184,38.265195],[-100.892939,38.265151],[-100.88375,38.265074],[-100.866177,38.264968],[-100.858637,38.264936],[-100.849422,38.264911],[-100.840371,38.264853],[-100.829276,38.264794],[-100.81289,38.264728],[-100.794527,38.264645],[-100.792731,38.264635],[-100.757818,38.26446],[-100.75669,38.264455],[-100.739483,38.264375],[-100.721183,38.264284],[-100.684699,38.264137]]]]}},{"type":"Feature","properties":{"id":119,"NAME":"119","text-color":"#000000","text-size":16,"labelx":-100.03489,"labely":37.765804,"TotalPop":23670,"PopDevPct":0.00710376,"DemPct":0.38319672,"RepPct":0.57172131,"WhitePct":0.31928123,"MinorityPct":0.68071877,"BlackPct":0.04694398,"HispanicPct":0.60591929,"PacificPct":0.00205186,"AsianPct":0.01908848,"NativePct":0.0430268,"TotalVAP":16083,"Margin":-0.11680328,"color":"#820000","opacity":"0.5"},"geometry":{"type":"MultiPolygon","coordinates":[[[[-100.016328,37.772684],[-100.016325,37.773183],[-100.016323,37.773559],[-100.016323,37.773891],[-100.016328,37.773948],[-100.016324,37.774316],[-100.016325,37.7751],[-100.016295,37.776292],[-100.01628,37.777132],[-100.016228,37.779986],[-100.014889,37.779979],[-100.01203,37.779978],[-100.012054,37.780294],[-100.011882,37.780325],[-100.011924,37.781218],[-100.010222,37.781211],[-100.010286,37.784493],[-100.010403,37.787462],[-100.010003,37.787803],[-100.009984,37.792414],[-100.013272,37.792341],[-100.014054,37.79234],[-100.014969,37.79234],[-100.014986,37.794694],[-100.017179,37.794706],[-100.024013,37.794716],[-100.024119,37.794746],[-100.024243,37.809259],[-100.033264,37.809246],[-100.033234,37.794697],[-100.033203,37.791636],[-100.034666,37.792241],[-100.034672,37.7911],[-100.037762,37.791105],[-100.037751,37.787468],[-100.051445,37.78748],[-100.051391,37.780183],[-100.051367,37.777941],[-100.051356,37.774195],[-100.054547,37.774242],[-100.056523,37.774544],[-100.056502,37.772917],[-100.060345,37.772929],[-100.069571,37.772972],[-100.069523,37.765683],[-100.069518,37.764536],[-100.069564,37.759637],[-100.069632,37.755389],[-100.069622,37.75524],[-100.066245,37.755073],[-100.066212,37.755199],[-100.05685,37.754699],[-100.051264,37.754262],[-100.051267,37.753952],[-100.051271,37.753611],[-100.051292,37.751055],[-100.051357,37.747357],[-100.044529,37.747389],[-100.034037,37.747315],[-100.034051,37.746305],[-100.03409,37.743766],[-100.034804,37.742838],[-100.034902,37.736484],[-100.033807,37.736477],[-100.033146,37.736473],[-100.032465,37.736469],[-100.031843,37.736466],[-100.028589,37.736454],[-100.027374,37.736449],[-100.027062,37.736448],[-100.026437,37.736445],[-100.024771,37.736437],[-100.023285,37.736429],[-100.022766,37.736426],[-100.022212,37.736422],[-100.021682,37.736419],[-100.02114,37.736416],[-100.020633,37.736413],[-100.01972,37.736404],[-100.01945,37.736402],[-100.019132,37.736399],[-100.017543,37.736384],[-100.017273,37.736382],[-100.016966,37.736382],[-100.016435,37.736381],[-100.015897,37.73638],[-100.014885,37.736378],[-100.014311,37.736377],[-100.010679,37.736365],[-100.006738,37.736347],[-100.00573,37.736345],[-100.0031,37.736332],[-99.996852,37.736313],[-99.996631,37.736312],[-99.996632,37.736461],[-99.979207,37.730225],[-99.976314,37.729226],[-99.970529,37.727238],[-99.957155,37.722844],[-99.953645,37.724545],[-99.951776,37.724226],[-99.950497,37.724008],[-99.947075,37.72405],[-99.945461,37.724554],[-99.944655,37.725675],[-99.940331,37.727324],[-99.938371,37.727026],[-99.936815,37.727851],[-99.934624,37.72753],[-99.93105,37.727761],[-99.93126,37.729228],[-99.934382,37.729732],[-99.934237,37.73255],[-99.93401,37.732468],[-99.934392,37.733764],[-99.935102,37.733602],[-99.934932,37.734867],[-99.935946,37.735167],[-99.936117,37.733939],[-99.937045,37.733618],[-99.938967,37.733867],[-99.93986,37.734101],[-99.942232,37.734726],[-99.947293,37.736187],[-99.951848,37.737488],[-99.960239,37.739888],[-99.960623,37.740004],[-99.96069,37.746808],[-99.960624,37.748649],[-99.96062,37.748916],[-99.963498,37.747509],[-99.968675,37.74749],[-99.972113,37.748037],[-99.979063,37.749403],[-99.979163,37.749419],[-99.97934,37.749449],[-99.97936,37.749451],[-99.979384,37.749722],[-99.979389,37.749777],[-99.979392,37.749804],[-99.979395,37.749842],[-99.979397,37.749872],[-99.979395,37.7504],[-99.979394,37.750562],[-99.979006,37.750561],[-99.979006,37.751739],[-99.97902,37.752335],[-99.979302,37.754015],[-99.985051,37.753972],[-99.996611,37.753867],[-99.996597,37.755513],[-99.996564,37.765247],[-99.999518,37.765266],[-100.001588,37.765277],[-100.00484,37.765291],[-100.005277,37.765295],[-100.006648,37.765307],[-100.007349,37.765312],[-100.008039,37.765317],[-100.009433,37.765321],[-100.010824,37.765327],[-100.011518,37.765376],[-100.012193,37.765399],[-100.012616,37.765401],[-100.013626,37.765408],[-100.014761,37.765419],[-100.015132,37.765424],[-100.015769,37.765433],[-100.0164,37.765441],[-100.0164,37.766443],[-100.016381,37.769172],[-100.016381,37.76931],[-100.016379,37.769727],[-100.016378,37.770101],[-100.016368,37.7709],[-100.016346,37.771775],[-100.016333,37.772214],[-100.016328,37.772684]]]]}},{"type":"Feature","properties":{"id":120,"NAME":"120","text-color":"#000000","text-size":16,"labelx":-101.606281,"labely":39.559277,"TotalPop":23310,"PopDevPct":-0.00821341,"DemPct":0.14996732,"RepPct":0.81426837,"WhitePct":0.88272468,"MinorityPct":0.11727532,"BlackPct":0.01537945,"HispanicPct":0.0696829,"PacificPct":0.00178961,"AsianPct":0.00704659,"NativePct":0.01912645,"TotalVAP":17881,"Margin":-0.35003268,"color":"#820000","opacity":"0.5"},"geometry":{"type":"MultiPolygon","coordinates":[[[[-101.391717,39.135117],[-101.352697,39.135309],[-101.350898,39.135318],[-101.312228,39.135447],[-101.298566,39.135513],[-101.274988,39.135402],[-101.261282,39.135276],[-101.256195,39.135242],[-101.242669,39.135152],[-101.23875,39.135136],[-101.235929,39.13505],[-101.22416,39.134901],[-101.219754,39.134842],[-101.205454,39.13472],[-101.201003,39.134648],[-101.168244,39.134134],[-101.163963,39.134084],[-101.149662,39.13387],[-101.145259,39.133822],[-101.131003,39.133638],[-101.109077,39.133422],[-101.09387,39.13329],[-101.090499,39.13326],[-101.075216,39.133213],[-101.071866,39.133177],[-101.056012,39.133112],[-101.037993,39.133017],[-101.034377,39.133027],[-101.019406,39.133037],[-101.016239,39.133068],[-100.99764,39.133068],[-100.982145,39.133086],[-100.978982,39.133068],[-100.960355,39.13302],[-100.944923,39.133045],[-100.932972,39.133138],[-100.926444,39.133212],[-100.92323,39.133239],[-100.907411,39.133266],[-100.868196,39.13331],[-100.86663,39.133319],[-100.865365,39.133322],[-100.864002,39.133327],[-100.863717,39.133329],[-100.863563,39.13333],[-100.862584,39.133336],[-100.861532,39.133339],[-100.861014,39.133339],[-100.860479,39.133339],[-100.859974,39.133338],[-100.859402,39.133338],[-100.858891,39.133338],[-100.858324,39.133336],[-100.857649,39.133333],[-100.857126,39.13333],[-100.85661,39.133327],[-100.855086,39.133324],[-100.85366,39.133321],[-100.852494,39.133318],[-100.851656,39.133317],[-100.851296,39.133316],[-100.850221,39.133316],[-100.850097,39.133317],[-100.849032,39.13332],[-100.848418,39.133321],[-100.847746,39.133323],[-100.846036,39.133324],[-100.84443,39.133326],[-100.830423,39.133372],[-100.820796,39.13335],[-100.820404,39.13335],[-100.814474,39.133346],[-100.811858,39.13336],[-100.794065,39.133388],[-100.79381,39.133325],[-100.793532,39.1334],[-100.775311,39.133375],[-100.775177,39.133265],[-100.756687,39.133299],[-100.738884,39.133438],[-100.721296,39.133381],[-100.721363,39.147831],[-100.721356,39.162304],[-100.721355,39.176581],[-100.721355,39.176774],[-100.721467,39.19128],[-100.721566,39.205721],[-100.721519,39.220031],[-100.721435,39.234575],[-100.721278,39.263566],[-100.721229,39.27808],[-100.721166,39.292646],[-100.721092,39.307131],[-100.72099,39.336107],[-100.720951,39.350579],[-100.720944,39.353409],[-100.720941,39.353888],[-100.720932,39.355277],[-100.720933,39.356358],[-100.720935,39.358484],[-100.720896,39.36503],[-100.720792,39.379485],[-100.720646,39.394057],[-100.720519,39.408618],[-100.720507,39.423212],[-100.720509,39.437803],[-100.720625,39.452327],[-100.720512,39.466852],[-100.720495,39.478919],[-100.720516,39.479779],[-100.720465,39.481403],[-100.720465,39.481606],[-100.720275,39.495953],[-100.720064,39.510276],[-100.719902,39.524943],[-100.720041,39.531082],[-100.719936,39.539482],[-100.719945,39.54682],[-100.719975,39.55407],[-100.720008,39.565256],[-100.720123,39.56553],[-100.720213,39.568034],[-100.703382,39.568099],[-100.692921,39.567938],[-100.684535,39.568018],[-100.682673,39.568],[-100.666197,39.568001],[-100.663942,39.568],[-100.64643,39.56797],[-100.628562,39.567916],[-100.610209,39.568003],[-100.608222,39.567847],[-100.599462,39.567938],[-100.586506,39.567838],[-100.572898,39.567818],[-100.555353,39.567784],[-100.554318,39.567857],[-100.552608,39.567832],[-100.535893,39.567798],[-100.517114,39.567729],[-100.51501,39.567742],[-100.514495,39.567716],[-100.51334,39.567701],[-100.496672,39.567674],[-100.479621,39.567696],[-100.478378,39.567688],[-100.460258,39.567628],[-100.441128,39.567326],[-100.422951,39.567617],[-100.404695,39.567662],[-100.40365,39.567664],[-100.385968,39.567693],[-100.367327,39.567666],[-100.366647,39.567664],[-100.348574,39.567641],[-100.347947,39.567638],[-100.329793,39.567608],[-100.32939,39.567607],[-100.310933,39.567569],[-100.307014,39.567553],[-100.301973,39.567662],[-100.292825,39.567604],[-100.274017,39.56737],[-100.270695,39.567387],[-100.25497,39.567176],[-100.245982,39.567196],[-100.22235,39.567083],[-100.219568,39.56707],[-100.217142,39.567058],[-100.208014,39.567015],[-100.192908,39.567051],[-100.180351,39.56689],[-100.180419,39.574119],[-100.180345,39.581609],[-100.180326,39.584215],[-100.180254,39.596031],[-100.180186,39.610496],[-100.180021,39.632085],[-100.179975,39.638135],[-100.180353,39.639173],[-100.180026,39.639584],[-100.179977,39.64667],[-100.179959,39.653873],[-100.179964,39.661304],[-100.179927,39.668369],[-100.17994,39.682859],[-100.179884,39.708276],[-100.179939,39.718653],[-100.180168,39.721444],[-100.180156,39.730484],[-100.18015,39.731656],[-100.180178,39.734722],[-100.180181,39.736249],[-100.18017,39.737187],[-100.18016,39.737562],[-100.180163,39.739847],[-100.180168,39.740613],[-100.180151,39.742424],[-100.180119,39.755072],[-100.180079,39.769571],[-100.180006,39.784075],[-100.179854,39.798525],[-100.179525,39.827502],[-100.179452,39.832918],[-100.179349,39.83832],[-100.179281,39.841931],[-100.179301,39.844125],[-100.179309,39.856276],[-100.179455,39.856441],[-100.179109,39.870924],[-100.17909,39.885354],[-100.179098,39.914251],[-100.179059,39.92401],[-100.178859,39.92876],[-100.178727,39.933285],[-100.178482,39.948924],[-100.178428,39.957845],[-100.178248,39.972326],[-100.178215,39.974069],[-100.178186,39.986919],[-100.178168,39.9942],[-100.178276,39.998801],[-100.177794,40.001602],[-100.196622,40.001654],[-100.216594,40.001638],[-100.231898,40.001604],[-100.253287,40.001644],[-100.272167,40.001696],[-100.290122,40.001717],[-100.3069,40.001767],[-100.308658,40.001721],[-100.346168,40.001778],[-100.365562,40.001823],[-100.384798,40.001827],[-100.386228,40.001751],[-100.393139,40.001888],[-100.402451,40.001807],[-100.42096,40.001756],[-100.440026,40.001766],[-100.44048,40.001899],[-100.447202,40.001795],[-100.468365,40.001724],[-100.468741,40.001917],[-100.477509,40.001843],[-100.480064,40.001977],[-100.487149,40.001913],[-100.487516,40.001765],[-100.49558,40.001714],[-100.500424,40.001806],[-100.514415,40.001877],[-100.527659,40.001928],[-100.543506,40.001896],[-100.567047,40.001911],[-100.571179,40.001901],[-100.589146,40.001942],[-100.594916,40.001803],[-100.597089,40.001935],[-100.608696,40.001891],[-100.622114,40.00201],[-100.626752,40.001984],[-100.632343,40.0021],[-100.636363,40.00198],[-100.643903,40.002028],[-100.645631,40.001905],[-100.656876,40.002035],[-100.66023,40.002162],[-100.664549,40.001955],[-100.681237,40.002103],[-100.706397,40.002135],[-100.721078,40.002105],[-100.738825,40.002116],[-100.752179,40.002103],[-100.75883,40.002302],[-100.775491,40.002289],[-100.796563,40.002251],[-100.834362,40.002203],[-100.859356,40.002173],[-100.882852,40.002157],[-100.917129,40.002178],[-100.937523,40.002144],[-100.942408,40.002236],[-100.962267,40.002248],[-101.00007,40.002294],[-101.018746,40.002311],[-101.027913,40.002261],[-101.048305,40.002283],[-101.060361,40.002359],[-101.092831,40.002443],[-101.112133,40.002429],[-101.130629,40.002479],[-101.143996,40.002548],[-101.168698,40.002548],[-101.176982,40.002463],[-101.186892,40.002481],[-101.205754,40.002507],[-101.224616,40.002541],[-101.24357,40.00255],[-101.251165,40.002523],[-101.268938,40.002578],[-101.293988,40.002567],[-101.32557,40.002702],[-101.346464,40.002632],[-101.374424,40.002631],[-101.40923,40.002602],[-101.411029,40.002522],[-101.415887,40.002406],[-101.418299,40.002596],[-101.430135,40.002629],[-101.466366,40.002583],[-101.487636,40.002657],[-101.505443,40.002646],[-101.516425,40.002608],[-101.542277,40.002673],[-101.556765,40.002724],[-101.557457,40.002724],[-101.57964,40.002713],[-101.597806,40.002703],[-101.624635,40.00269],[-101.627011,40.002626],[-101.63905,40.002813],[-101.691649,40.002893],[-101.748488,40.002843],[-101.783391,40.002894],[-101.804862,40.002752],[-101.822794,40.002956],[-101.832161,40.002933],[-101.841025,40.002784],[-101.855207,40.003007],[-101.861742,40.003017],[-101.872946,40.003036],[-101.875456,40.003166],[-101.901495,40.003155],[-101.904109,40.003033],[-101.933228,40.00301],[-101.973392,40.003],[-101.999092,40.002985],[-102.013657,40.003083],[-102.014127,40.003088],[-102.020537,40.003095],[-102.051744,40.003078],[-102.051726,39.978344],[-102.051726,39.978175],[-102.051617,39.947934],[-102.051473,39.908101],[-102.051504,39.907207],[-102.051357,39.874991],[-102.051569,39.849805],[-102.051363,39.843459],[-102.050956,39.751023],[-102.050866,39.741794],[-102.050682,39.723194],[-102.050642,39.71909],[-102.050745,39.707539],[-102.050695,39.69694],[-102.050598,39.676447],[-102.050508,39.660936],[-102.050283,39.657183],[-102.050102,39.654147],[-102.050245,39.646345],[-102.050422,39.646048],[-102.050297,39.640953],[-102.050246,39.611015],[-102.050043,39.593817],[-102.049972,39.592626],[-102.049764,39.56818],[-102.049755,39.56235],[-102.049552,39.538895],[-102.049673,39.536579],[-102.049565,39.506191],[-102.049749,39.500134],[-102.049732,39.499995],[-102.049676,39.495666],[-102.049675,39.495599],[-102.049536,39.487099],[-102.049503,39.485062],[-102.049434,39.480786],[-102.049341,39.471462],[-102.049592,39.471253],[-102.049447,39.466532],[-102.049506,39.465343],[-102.049371,39.418297],[-102.049079,39.418057],[-102.049064,39.40841],[-102.049179,39.394064],[-102.049204,39.374988],[-102.049039,39.373431],[-102.048884,39.35101],[-102.048785,39.35088],[-102.048872,39.350673],[-102.048681,39.332094],[-102.048678,39.331952],[-102.048667,39.331502],[-102.048681,39.32984],[-102.048679,39.329552],[-102.048674,39.327895],[-102.048561,39.307421],[-102.04822,39.274139],[-102.047901,39.253122],[-102.048074,39.249994],[-102.048017,39.243047],[-102.047841,39.234582],[-102.047751,39.22029],[-102.047717,39.214688],[-102.047305,39.148122],[-102.047161,39.133147],[-102.047012,39.121247],[-102.046908,39.10393],[-102.046741,39.075627],[-102.046398,39.017959],[-102.046282,39.000004],[-102.046046,38.981776],[-102.046042,38.973214],[-102.0456,38.886261],[-102.045458,38.875007],[-102.045555,38.870767],[-102.045369,38.858197],[-102.045369,38.857566],[-102.045409,38.842785],[-102.045395,38.825972],[-102.045473,38.813666],[-102.045334,38.799463],[-102.045385,38.783352],[-102.045356,38.770105],[-102.045287,38.755505],[-102.045395,38.742217],[-102.04528,38.718842],[-102.045212,38.697567],[-102.040013,38.697822],[-102.030356,38.697865],[-102.011909,38.697836],[-102.002875,38.697821],[-101.994188,38.697834],[-101.95717,38.697847],[-101.94747,38.697853],[-101.93868,38.697863],[-101.919896,38.6979],[-101.91031,38.697889],[-101.891601,38.697906],[-101.8836,38.697907],[-101.873574,38.697892],[-101.854775,38.697911],[-101.846553,38.697901],[-101.836157,38.697961],[-101.817646,38.698018],[-101.790891,38.698096],[-101.781197,38.698148],[-101.752226,38.69834],[-101.746312,38.698388],[-101.744117,38.698379],[-101.735216,38.698439],[-101.732456,38.698315],[-101.728815,38.698493],[-101.724886,38.698564],[-101.721627,38.698843],[-101.71997,38.698563],[-101.686956,38.698845],[-101.668725,38.698927],[-101.651355,38.699066],[-101.641108,38.699116],[-101.622262,38.699245],[-101.620389,38.699254],[-101.611878,38.699286],[-101.607735,38.699327],[-101.603273,38.699343],[-101.595541,38.699422],[-101.57747,38.699578],[-101.567094,38.699669],[-101.560437,38.699747],[-101.55854,38.699769],[-101.550943,38.699799],[-101.531925,38.699878],[-101.530863,38.699883],[-101.521428,38.699929],[-101.49541,38.700012],[-101.484383,38.700166],[-101.484085,38.714741],[-101.483742,38.730216],[-101.483463,38.743757],[-101.483217,38.758511],[-101.482945,38.775412],[-101.483,38.78299],[-101.482842,38.787524],[-101.482328,38.816041],[-101.482189,38.826633],[-101.481874,38.830603],[-101.482027,38.836651],[-101.481541,38.874382],[-101.481591,38.874745],[-101.481627,38.87501],[-101.481441,38.898283],[-101.481347,38.903344],[-101.481144,38.904239],[-101.481029,38.914486],[-101.48099,38.917892],[-101.480677,38.93243],[-101.480421,38.953514],[-101.480446,38.954273],[-101.480399,38.961768],[-101.480165,39.000008],[-101.479772,39.001388],[-101.479743,39.005185],[-101.479575,39.021022],[-101.479447,39.034065],[-101.479225,39.048468],[-101.4791,39.063157],[-101.478835,39.092121],[-101.478643,39.098195],[-101.478606,39.106763],[-101.478689,39.117037],[-101.478236,39.125005],[-101.478195,39.134761],[-101.447955,39.134769],[-101.435023,39.13496],[-101.411249,39.135016],[-101.391717,39.135117]]]]}},{"type":"Feature","properties":{"id":121,"NAME":"121","text-color":"#000000","text-size":16,"labelx":-94.948315,"labely":38.903642,"TotalPop":23004,"PopDevPct":-0.021233,"DemPct":0.43477389,"RepPct":0.51097965,"WhitePct":0.76294143,"MinorityPct":0.23705857,"BlackPct":0.07291731,"HispanicPct":0.09443998,"PacificPct":0.0018554,"AsianPct":0.04020038,"NativePct":0.0236873,"TotalVAP":16169,"Margin":-0.06522611,"color":"#9191ff","opacity":"0.5"},"geometry":{"type":"MultiPolygon","coordinates":[[[[-94.844557,38.869129],[-94.843739,38.869129],[-94.843176,38.869126],[-94.842563,38.869128],[-94.842125,38.869129],[-94.841405,38.869129],[-94.841069,38.869131],[-94.840065,38.869133],[-94.840109,38.871391],[-94.840411,38.872176],[-94.840711,38.872974],[-94.841712,38.873599],[-94.841949,38.876857],[-94.83932,38.877288],[-94.83931,38.877751],[-94.836358,38.877717],[-94.834461,38.877691],[-94.834467,38.879161],[-94.834477,38.880589],[-94.834473,38.882046],[-94.834521,38.883737],[-94.832169,38.883733],[-94.829881,38.88374],[-94.828745,38.883739],[-94.8276,38.883734],[-94.826527,38.883737],[-94.825422,38.883628],[-94.824245,38.883535],[-94.823076,38.883541],[-94.822106,38.883529],[-94.821898,38.883526],[-94.820664,38.883515],[-94.820669,38.885033],[-94.82067,38.886472],[-94.82067,38.887956],[-94.820673,38.889411],[-94.820608,38.890349],[-94.819184,38.893251],[-94.818868,38.897157],[-94.818445,38.898201],[-94.8209,38.898208],[-94.822848,38.898214],[-94.825271,38.898213],[-94.825315,38.898101],[-94.827121,38.898127],[-94.828178,38.898127],[-94.830826,38.898132],[-94.834501,38.898127],[-94.836703,38.898047],[-94.838535,38.897131],[-94.846373,38.905419],[-94.850511,38.909862],[-94.852259,38.912701],[-94.856428,38.91267],[-94.861437,38.912623],[-94.861627,38.912609],[-94.861828,38.912596],[-94.861911,38.91259],[-94.862201,38.912554],[-94.86252,38.912517],[-94.862963,38.912453],[-94.863645,38.912383],[-94.864016,38.912398],[-94.866948,38.913439],[-94.869905,38.913201],[-94.87144,38.913019],[-94.874562,38.912597],[-94.880759,38.91283],[-94.880871,38.90542],[-94.890019,38.905404],[-94.890055,38.905412],[-94.899438,38.905433],[-94.899385,38.912661],[-94.899156,38.912884],[-94.899159,38.913149],[-94.899311,38.927405],[-94.899376,38.932785],[-94.899384,38.933538],[-94.899391,38.934248],[-94.899401,38.935194],[-94.899429,38.937595],[-94.897674,38.938368],[-94.896359,38.940028],[-94.894352,38.94007],[-94.89322,38.941895],[-94.893883,38.94333],[-94.891859,38.943785],[-94.891588,38.94459],[-94.892622,38.946082],[-94.889932,38.945033],[-94.886335,38.945258],[-94.885671,38.947513],[-94.888305,38.947721],[-94.894906,38.947345],[-94.897242,38.94734],[-94.899524,38.947705],[-94.903551,38.949413],[-94.905233,38.950489],[-94.908739,38.952744],[-94.912324,38.954916],[-94.915914,38.956342],[-94.922543,38.957857],[-94.932566,38.95994],[-94.936566,38.960089],[-94.943994,38.959996],[-94.955071,38.959986],[-94.965866,38.959994],[-94.970353,38.960106],[-94.970538,38.960113],[-94.983271,38.960582],[-94.984918,38.95665],[-94.986756,38.954572],[-94.991758,38.951293],[-94.992378,38.949714],[-94.992546,38.948847],[-94.992659,38.948113],[-94.992145,38.947243],[-94.992129,38.933018],[-94.992121,38.925399],[-94.993021,38.924675],[-94.995709,38.925099],[-94.99937,38.925078],[-95.001694,38.923741],[-95.001661,38.920785],[-95.003142,38.92053],[-95.005368,38.920783],[-95.005486,38.919845],[-95.007171,38.919843],[-95.010742,38.91986],[-95.011023,38.920759],[-95.013328,38.920721],[-95.013275,38.921907],[-95.019953,38.921978],[-95.029938,38.921791],[-95.029933,38.921324],[-95.034809,38.920771],[-95.037497,38.920656],[-95.037345,38.907964],[-95.037479,38.89893],[-95.055944,38.898694],[-95.05604,38.88413],[-95.056074,38.87696],[-95.056117,38.869573],[-95.056128,38.862408],[-95.056123,38.855145],[-95.056153,38.844083],[-95.056159,38.840591],[-95.041128,38.840613],[-95.037675,38.840615],[-95.01895,38.840407],[-95.007284,38.840391],[-95.001401,38.84036],[-94.99217,38.840309],[-94.973703,38.840276],[-94.967868,38.840278],[-94.959915,38.840215],[-94.956274,38.8402],[-94.955212,38.840203],[-94.945896,38.84013],[-94.945978,38.854777],[-94.936,38.854729],[-94.93559,38.855465],[-94.934089,38.855977],[-94.930966,38.854692],[-94.927552,38.854667],[-94.913461,38.854592],[-94.908981,38.854561],[-94.893565,38.854566],[-94.893486,38.854566],[-94.893337,38.854566],[-94.890078,38.85457],[-94.885571,38.854582],[-94.882495,38.854582],[-94.881321,38.854584],[-94.880738,38.854586],[-94.87803,38.854597],[-94.871353,38.854435],[-94.871125,38.854833],[-94.871304,38.859933],[-94.871499,38.865738],[-94.871575,38.86833],[-94.87045,38.869112],[-94.869459,38.869146],[-94.867084,38.869123],[-94.86153,38.869133],[-94.861412,38.869134],[-94.861371,38.869134],[-94.86129,38.869135],[-94.861212,38.869136],[-94.860853,38.869138],[-94.852904,38.869129],[-94.850633,38.869129],[-94.844557,38.869129]]]]}},{"type":"Feature","properties":{"id":122,"NAME":"122","text-color":"#000000","text-size":16,"labelx":-100.928357,"labely":38.000952,"TotalPop":22931,"PopDevPct":-0.02433898,"DemPct":0.23468313,"RepPct":0.72753274,"WhitePct":0.53649001,"MinorityPct":0.46350999,"BlackPct":0.02476108,"HispanicPct":0.39648753,"PacificPct":0.00148939,"AsianPct":0.02258905,"NativePct":0.02668487,"TotalVAP":16114,"Margin":-0.26531687,"color":"#820000","opacity":"0.5"},"geometry":{"type":"MultiPolygon","coordinates":[[[[-99.131741,38.174337],[-99.131824,38.177907],[-99.131821,38.181625],[-99.131793,38.188797],[-99.131853,38.203353],[-99.131927,38.217889],[-99.132026,38.23241],[-99.132225,38.246922],[-99.132236,38.255428],[-99.132291,38.261454],[-99.142767,38.261507],[-99.16119,38.261368],[-99.169295,38.261327],[-99.17043,38.261322],[-99.187512,38.261223],[-99.198115,38.261151],[-99.205905,38.261118],[-99.216575,38.26112],[-99.224521,38.261108],[-99.23505,38.261073],[-99.242034,38.261077],[-99.25351,38.261118],[-99.278751,38.261364],[-99.290385,38.261484],[-99.312041,38.261728],[-99.327004,38.261891],[-99.333844,38.261949],[-99.345387,38.262045],[-99.351599,38.262096],[-99.36377,38.26218],[-99.369806,38.262172],[-99.38208,38.262177],[-99.388038,38.262181],[-99.400476,38.26219],[-99.406399,38.262176],[-99.418853,38.262218],[-99.437154,38.262177],[-99.443286,38.262171],[-99.455461,38.262153],[-99.46094,38.262149],[-99.473872,38.262153],[-99.479379,38.262151],[-99.492395,38.262174],[-99.497761,38.262178],[-99.510689,38.262176],[-99.516249,38.262177],[-99.529111,38.262159],[-99.534678,38.262166],[-99.547478,38.262138],[-99.565924,38.262218],[-99.570493,38.262137],[-99.570675,38.262239],[-99.579563,38.262186],[-99.584207,38.262179],[-99.620943,38.262132],[-99.640049,38.262052],[-99.642634,38.261898],[-99.646671,38.261981],[-99.676154,38.262057],[-99.680345,38.261847],[-99.694584,38.261811],[-99.694593,38.262012],[-99.701761,38.261782],[-99.707882,38.261771],[-99.71361,38.261743],[-99.717194,38.261739],[-99.731368,38.261759],[-99.735612,38.261737],[-99.749794,38.261735],[-99.753761,38.261723],[-99.756333,38.261819],[-99.770834,38.261662],[-99.772889,38.261719],[-99.786558,38.261726],[-99.790446,38.261787],[-99.804626,38.261807],[-99.804772,38.261898],[-99.841436,38.261735],[-99.852615,38.261765],[-99.869478,38.261731],[-99.875404,38.261495],[-99.888647,38.261514],[-99.896686,38.261455],[-99.899861,38.261468],[-99.918169,38.261559],[-99.927169,38.261604],[-99.951769,38.26167],[-99.951902,38.261547],[-99.973134,38.26159],[-99.988665,38.261683],[-99.991654,38.261571],[-100.000407,38.26148],[-100.009942,38.261556],[-100.025536,38.261679],[-100.027754,38.261508],[-100.043832,38.261761],[-100.04644,38.261588],[-100.062076,38.26169],[-100.071696,38.261783],[-100.092171,38.261852],[-100.098355,38.261965],[-100.101407,38.261851],[-100.112121,38.261895],[-100.12541,38.261852],[-100.135047,38.26189],[-100.180218,38.262086],[-100.189166,38.262174],[-100.191132,38.262143],[-100.207074,38.262197],[-100.209331,38.262146],[-100.227137,38.262237],[-100.244393,38.26229],[-100.292713,38.262425],[-100.300621,38.262134],[-100.300937,38.262509],[-100.322376,38.262637],[-100.336323,38.262634],[-100.336611,38.262635],[-100.354175,38.262712],[-100.373308,38.262793],[-100.391442,38.262871],[-100.391988,38.262874],[-100.423403,38.263005],[-100.433312,38.262982],[-100.44349,38.2631],[-100.464288,38.263179],[-100.487584,38.263302],[-100.500028,38.263465],[-100.502928,38.263382],[-100.537973,38.263551],[-100.572352,38.263698],[-100.574305,38.263766],[-100.592218,38.263807],[-100.60003,38.263923],[-100.610819,38.263847],[-100.612003,38.26386],[-100.629741,38.263907],[-100.647087,38.263998],[-100.647644,38.264004],[-100.656804,38.264067],[-100.665116,38.264071],[-100.684699,38.264137],[-100.721183,38.264284],[-100.739483,38.264375],[-100.75669,38.264455],[-100.757818,38.26446],[-100.792731,38.264635],[-100.794527,38.264645],[-100.81289,38.264728],[-100.829276,38.264794],[-100.840371,38.264853],[-100.849422,38.264911],[-100.858637,38.264936],[-100.866177,38.264968],[-100.88375,38.265074],[-100.892939,38.265151],[-100.902184,38.265195],[-100.90461,38.265198],[-100.911262,38.265187],[-100.911315,38.265187],[-100.91383,38.265181],[-100.920579,38.265156],[-100.923033,38.265146],[-100.931809,38.265113],[-100.956988,38.26504],[-100.975875,38.264987],[-100.978229,38.264966],[-101.012122,38.264877],[-101.01504,38.264868],[-101.030338,38.264817],[-101.048713,38.264755],[-101.051842,38.264738],[-101.067078,38.264686],[-101.070262,38.264673],[-101.085518,38.264621],[-101.103268,38.264557],[-101.121642,38.26452],[-101.125438,38.264509],[-101.139894,38.264465],[-101.158356,38.264441],[-101.176887,38.26439],[-101.180575,38.264372],[-101.195341,38.264329],[-101.198979,38.264316],[-101.212997,38.264284],[-101.231449,38.264212],[-101.235797,38.264197],[-101.268174,38.264104],[-101.295069,38.263983],[-101.305161,38.264053],[-101.322674,38.264022],[-101.34718,38.263838],[-101.359651,38.263722],[-101.364598,38.26373],[-101.401439,38.263676],[-101.414574,38.263613],[-101.419804,38.263686],[-101.432232,38.263641],[-101.438498,38.26362],[-101.456628,38.263549],[-101.469135,38.263523],[-101.470498,38.263523],[-101.48466,38.263423],[-101.487846,38.26339],[-101.493765,38.263383],[-101.524665,38.263269],[-101.52969,38.263341],[-101.542312,38.263207],[-101.54244,38.248881],[-101.542496,38.246948],[-101.542295,38.234318],[-101.542212,38.219746],[-101.542229,38.209075],[-101.542,38.205196],[-101.541801,38.190707],[-101.541868,38.189714],[-101.541744,38.176369],[-101.541529,38.147453],[-101.541429,38.133005],[-101.541328,38.118544],[-101.541249,38.103932],[-101.541165,38.089713],[-101.541159,38.075038],[-101.541194,38.045876],[-101.541213,38.016732],[-101.541219,38.002164],[-101.541298,37.987848],[-101.541298,37.987484],[-101.541373,37.97286],[-101.541477,37.958409],[-101.541513,37.954703],[-101.541553,37.94411],[-101.541566,37.940016],[-101.541658,37.93196],[-101.541892,37.931651],[-101.541895,37.931105],[-101.541863,37.922247],[-101.541897,37.917585],[-101.54192,37.914575],[-101.542222,37.875014],[-101.542753,37.846735],[-101.54267,37.831863],[-101.542757,37.827594],[-101.526964,37.827626],[-101.527042,37.809082],[-101.527042,37.809058],[-101.5271,37.794519],[-101.527106,37.779971],[-101.527175,37.76542],[-101.527063,37.736314],[-101.491227,37.736311],[-101.454547,37.73631],[-101.43626,37.736236],[-101.417972,37.736181],[-101.400581,37.736192],[-101.382203,37.73618],[-101.363868,37.736145],[-101.345598,37.736125],[-101.33644,37.736117],[-101.327259,37.736108],[-101.30909,37.736152],[-101.290125,37.736145],[-101.273125,37.736143],[-101.253504,37.736201],[-101.2168,37.736246],[-101.198538,37.736252],[-101.198458,37.736252],[-101.190502,37.736256],[-101.163026,37.736266],[-101.144809,37.736309],[-101.144644,37.73631],[-101.126342,37.73633],[-101.100938,37.736438],[-101.09175,37.736476],[-101.089667,37.736337],[-101.074249,37.736402],[-101.060659,37.736458],[-101.053191,37.736489],[-101.022874,37.736614],[-100.998531,37.736714],[-100.989169,37.736753],[-100.971798,37.736788],[-100.943933,37.73678],[-100.943871,37.73678],[-100.910244,37.736771],[-100.897276,37.736762],[-100.889217,37.736741],[-100.870735,37.73671],[-100.861998,37.736714],[-100.852842,37.736706],[-100.843959,37.736729],[-100.834998,37.736722],[-100.816237,37.736698],[-100.797903,37.736565],[-100.789596,37.736597],[-100.779692,37.736637],[-100.761343,37.736603],[-100.743399,37.736563],[-100.725198,37.736481],[-100.70513,37.736436],[-100.688811,37.736369],[-100.679828,37.736349],[-100.670569,37.736331],[-100.661759,37.736308],[-100.652251,37.736275],[-100.652136,37.750951],[-100.652029,37.765615],[-100.651928,37.780345],[-100.651835,37.794984],[-100.65174,37.809607],[-100.651748,37.828712],[-100.665172,37.828831],[-100.665007,37.857822],[-100.664951,37.868089],[-100.664893,37.878727],[-100.664927,37.87936],[-100.664819,37.893583],[-100.664663,37.915652],[-100.664525,37.930139],[-100.664466,37.944581],[-100.664367,37.959091],[-100.664291,37.973567],[-100.664212,37.988066],[-100.664166,38.00253],[-100.646291,38.002295],[-100.627975,38.002168],[-100.591351,38.001944],[-100.572927,38.001788],[-100.563958,38.001714],[-100.554875,38.001613],[-100.544136,38.001568],[-100.518675,38.001369],[-100.506683,38.001249],[-100.503473,38.001445],[-100.502061,38.001213],[-100.482062,38.000997],[-100.463691,38.000838],[-100.44549,38.000698],[-100.4277,38.00072],[-100.409354,38.000793],[-100.391028,38.000909],[-100.390967,38.000909],[-100.372751,38.001031],[-100.354501,38.001079],[-100.336162,38.001169],[-100.318199,38.001181],[-100.299707,38.001168],[-100.281528,38.00112],[-100.26323,38.001092],[-100.24493,38.001052],[-100.244844,38.001052],[-100.22661,38.001015],[-100.226724,37.986678],[-100.226829,37.972003],[-100.226959,37.942994],[-100.227013,37.928535],[-100.22709,37.914018],[-100.209038,37.913943],[-100.190713,37.913893],[-100.172456,37.913856],[-100.154106,37.913762],[-100.135708,37.913564],[-100.117451,37.913389],[-100.100505,37.913385],[-100.090987,37.913355],[-100.053972,37.913244],[-100.045801,37.913118],[-100.02755,37.913012],[-100.009335,37.912971],[-99.991454,37.913078],[-99.962874,37.913143],[-99.961413,37.913088],[-99.933334,37.91322],[-99.918128,37.913262],[-99.899719,37.913324],[-99.873763,37.913214],[-99.863337,37.913173],[-99.853917,37.913318],[-99.846843,37.913289],[-99.826719,37.913151],[-99.81224,37.913063],[-99.790237,37.913017],[-99.780192,37.912996],[-99.771069,37.913113],[-99.752795,37.913125],[-99.734514,37.913176],[-99.716213,37.913238],[-99.697886,37.913264],[-99.684946,37.913288],[-99.679612,37.913303],[-99.661485,37.913163],[-99.652609,37.913093],[-99.643166,37.913008],[-99.624829,37.91292],[-99.60652,37.912851],[-99.605019,37.912717],[-99.597399,37.912737],[-99.569879,37.913016],[-99.551273,37.912925],[-99.54361,37.912882],[-99.533272,37.91298],[-99.514594,37.913132],[-99.496269,37.913271],[-99.459576,37.913344],[-99.459615,37.927918],[-99.459565,37.942406],[-99.459608,37.956929],[-99.459593,37.971494],[-99.459564,37.986047],[-99.459579,38.000554],[-99.441837,38.000598],[-99.423575,38.000611],[-99.405318,38.000651],[-99.387105,38.000687],[-99.36867,38.000704],[-99.350289,38.000745],[-99.343813,38.000718],[-99.326625,38.000654],[-99.317865,38.00053],[-99.306327,38.00053],[-99.2956,38.000452],[-99.294226,38.000526],[-99.277307,38.000272],[-99.258975,38.000122],[-99.240685,37.999968],[-99.223465,37.999899],[-99.205118,37.999866],[-99.186968,37.999821],[-99.16877,37.999852],[-99.150582,37.999825],[-99.132251,37.999855],[-99.132206,38.014423],[-99.132128,38.029015],[-99.132113,38.043599],[-99.132081,38.058129],[-99.132013,38.072652],[-99.132006,38.087202],[-99.131951,38.101641],[-99.131853,38.116228],[-99.131914,38.125003],[-99.131846,38.130575],[-99.131844,38.141428],[-99.131844,38.15249],[-99.131847,38.152787],[-99.131814,38.159835],[-99.131785,38.166127],[-99.131741,38.174337]],[[-100.830861,37.988671],[-100.829579,37.987748],[-100.829131,37.987304],[-100.828942,37.986795],[-100.828949,37.982079],[-100.828969,37.978148],[-100.828971,37.976485],[-100.828973,37.974827],[-100.828974,37.974671],[-100.828982,37.973017],[-100.828984,37.972664],[-100.828986,37.971551],[-100.828988,37.970775],[-100.828995,37.969285],[-100.829014,37.96759],[-100.829012,37.965797],[-100.828993,37.962359],[-100.82903,37.960322],[-100.82903,37.956262],[-100.829031,37.955656],[-100.840088,37.957862],[-100.840084,37.957904],[-100.847341,37.959252],[-100.85437,37.960587],[-100.860879,37.96183],[-100.865511,37.962658],[-100.869479,37.963361],[-100.869379,37.963703],[-100.872052,37.963842],[-100.874644,37.964326],[-100.874547,37.964652],[-100.877127,37.965192],[-100.879759,37.96546],[-100.881039,37.965676],[-100.882301,37.966011],[-100.882386,37.965725],[-100.883412,37.965916],[-100.883412,37.966012],[-100.883444,37.966221],[-100.883401,37.966702],[-100.888013,37.967361],[-100.887161,37.967365],[-100.88592,37.967372],[-100.885902,37.969305],[-100.885853,37.969306],[-100.885862,37.970319],[-100.885864,37.971599],[-100.885468,37.971601],[-100.884628,37.971605],[-100.88338,37.971598],[-100.883379,37.9709],[-100.881737,37.970895],[-100.88039,37.970894],[-100.879044,37.970888],[-100.877699,37.970887],[-100.877698,37.969297],[-100.876356,37.969291],[-100.875097,37.969298],[-100.875095,37.970658],[-100.874072,37.969873],[-100.873047,37.9697],[-100.872746,37.970709],[-100.872689,37.970895],[-100.872445,37.971714],[-100.872142,37.972742],[-100.871841,37.973752],[-100.871464,37.97501],[-100.874806,37.975011],[-100.875524,37.975013],[-100.876356,37.975013],[-100.876777,37.975016],[-100.877718,37.975014],[-100.878009,37.975014],[-100.879051,37.975015],[-100.879301,37.975012],[-100.880406,37.975016],[-100.881546,37.975016],[-100.881733,37.975013],[-100.88269,37.975016],[-100.883377,37.975018],[-100.885496,37.975016],[-100.886704,37.975015],[-100.887073,37.975013],[-100.887909,37.975013],[-100.888074,37.975011],[-100.889069,37.975008],[-100.889141,37.975007],[-100.89007,37.975006],[-100.89036,37.97501],[-100.892543,37.974997],[-100.892667,37.974997],[-100.892663,37.978369],[-100.892644,37.982093],[-100.892649,37.989504],[-100.892649,37.989709],[-100.889826,37.989708],[-100.889253,37.989723],[-100.889253,37.990191],[-100.889253,37.99029],[-100.888998,37.99029],[-100.888998,37.990361],[-100.888996,37.990604],[-100.888695,37.990605],[-100.8887,37.989702],[-100.884369,37.989756],[-100.884376,37.990465],[-100.883876,37.990469],[-100.883649,37.990464],[-100.88365,37.990903],[-100.885222,37.990902],[-100.885226,37.991714],[-100.885225,37.991811],[-100.884343,37.991811],[-100.884343,37.992086],[-100.883649,37.992087],[-100.88365,37.992141],[-100.88365,37.992154],[-100.88365,37.992198],[-100.883651,37.992291],[-100.88365,37.992356],[-100.88365,37.992491],[-100.883651,37.992841],[-100.883651,37.993013],[-100.883651,37.993125],[-100.883651,37.993224],[-100.883474,37.993233],[-100.883405,37.993238],[-100.883405,37.99351],[-100.883407,37.994326],[-100.883408,37.994501],[-100.883408,37.994599],[-100.883463,38.003191],[-100.883479,38.003507],[-100.874945,38.003539],[-100.870304,38.003747],[-100.865784,38.003744],[-100.86032,38.003734],[-100.852263,38.003722],[-100.847463,38.003714],[-100.844115,38.00369],[-100.841589,38.003184],[-100.839742,38.001992],[-100.838587,37.999473],[-100.83857,37.996635],[-100.831345,37.996517],[-100.829051,37.996481],[-100.828991,37.992973],[-100.82944,37.991939],[-100.828967,37.991498],[-100.828948,37.990393],[-100.828947,37.990274],[-100.828935,37.989332],[-100.830072,37.989337],[-100.830861,37.988671]]]]}},{"type":"Feature","properties":{"id":123,"NAME":"123","text-color":"#000000","text-size":16,"labelx":-100.851838,"labely":37.980987,"TotalPop":22957,"PopDevPct":-0.02323274,"DemPct":0.36150681,"RepPct":0.58072175,"WhitePct":0.42815126,"MinorityPct":0.57184874,"BlackPct":0.06308523,"HispanicPct":0.44363745,"PacificPct":0.00228091,"AsianPct":0.0527611,"NativePct":0.02490996,"TotalVAP":16660,"Margin":-0.13849319,"color":"#f80d00","opacity":"0.5"},"geometry":{"type":"MultiPolygon","coordinates":[[[[-100.873047,37.9697],[-100.874072,37.969873],[-100.875095,37.970658],[-100.875097,37.969298],[-100.876356,37.969291],[-100.877698,37.969297],[-100.877699,37.970887],[-100.879044,37.970888],[-100.88039,37.970894],[-100.881737,37.970895],[-100.883379,37.9709],[-100.88338,37.971598],[-100.884628,37.971605],[-100.885468,37.971601],[-100.885864,37.971599],[-100.885862,37.970319],[-100.885853,37.969306],[-100.885902,37.969305],[-100.88592,37.967372],[-100.887161,37.967365],[-100.888013,37.967361],[-100.883401,37.966702],[-100.883444,37.966221],[-100.883412,37.966012],[-100.883412,37.965916],[-100.882386,37.965725],[-100.882301,37.966011],[-100.881039,37.965676],[-100.879759,37.96546],[-100.877127,37.965192],[-100.874547,37.964652],[-100.874644,37.964326],[-100.872052,37.963842],[-100.869379,37.963703],[-100.869479,37.963361],[-100.865511,37.962658],[-100.860879,37.96183],[-100.85437,37.960587],[-100.847341,37.959252],[-100.840084,37.957904],[-100.840088,37.957862],[-100.829031,37.955656],[-100.82903,37.956262],[-100.82903,37.960322],[-100.828993,37.962359],[-100.829012,37.965797],[-100.829014,37.96759],[-100.828995,37.969285],[-100.828988,37.970775],[-100.828986,37.971551],[-100.828984,37.972664],[-100.828982,37.973017],[-100.828974,37.974671],[-100.828973,37.974827],[-100.828971,37.976485],[-100.828969,37.978148],[-100.828949,37.982079],[-100.828942,37.986795],[-100.829131,37.987304],[-100.829579,37.987748],[-100.830861,37.988671],[-100.830072,37.989337],[-100.828935,37.989332],[-100.828947,37.990274],[-100.828948,37.990393],[-100.828967,37.991498],[-100.82944,37.991939],[-100.828991,37.992973],[-100.829051,37.996481],[-100.831345,37.996517],[-100.83857,37.996635],[-100.838587,37.999473],[-100.839742,38.001992],[-100.841589,38.003184],[-100.844115,38.00369],[-100.847463,38.003714],[-100.852263,38.003722],[-100.86032,38.003734],[-100.865784,38.003744],[-100.870304,38.003747],[-100.874945,38.003539],[-100.883479,38.003507],[-100.883463,38.003191],[-100.883408,37.994599],[-100.883408,37.994501],[-100.883407,37.994326],[-100.883405,37.99351],[-100.883405,37.993238],[-100.883474,37.993233],[-100.883651,37.993224],[-100.883651,37.993125],[-100.883651,37.993013],[-100.883651,37.992841],[-100.88365,37.992491],[-100.88365,37.992356],[-100.883651,37.992291],[-100.88365,37.992198],[-100.88365,37.992154],[-100.88365,37.992141],[-100.883649,37.992087],[-100.884343,37.992086],[-100.884343,37.991811],[-100.885225,37.991811],[-100.885226,37.991714],[-100.885222,37.990902],[-100.88365,37.990903],[-100.883649,37.990464],[-100.883876,37.990469],[-100.884376,37.990465],[-100.884369,37.989756],[-100.8887,37.989702],[-100.888695,37.990605],[-100.888996,37.990604],[-100.888998,37.990361],[-100.888998,37.99029],[-100.889253,37.99029],[-100.889253,37.990191],[-100.889253,37.989723],[-100.889826,37.989708],[-100.892649,37.989709],[-100.892649,37.989504],[-100.892644,37.982093],[-100.892663,37.978369],[-100.892667,37.974997],[-100.892543,37.974997],[-100.89036,37.97501],[-100.89007,37.975006],[-100.889141,37.975007],[-100.889069,37.975008],[-100.888074,37.975011],[-100.887909,37.975013],[-100.887073,37.975013],[-100.886704,37.975015],[-100.885496,37.975016],[-100.883377,37.975018],[-100.88269,37.975016],[-100.881733,37.975013],[-100.881546,37.975016],[-100.880406,37.975016],[-100.879301,37.975012],[-100.879051,37.975015],[-100.878009,37.975014],[-100.877718,37.975014],[-100.876777,37.975016],[-100.876356,37.975013],[-100.875524,37.975013],[-100.874806,37.975011],[-100.871464,37.97501],[-100.871841,37.973752],[-100.872142,37.972742],[-100.872445,37.971714],[-100.872689,37.970895],[-100.872746,37.970709],[-100.873047,37.9697]]]]}},{"type":"Feature","properties":{"id":124,"NAME":"124","text-color":"#000000","text-size":16,"labelx":-101.659028,"labely":37.377299,"TotalPop":23685,"PopDevPct":0.00774198,"DemPct":0.1651341,"RepPct":0.79795658,"WhitePct":0.60258386,"MinorityPct":0.39741614,"BlackPct":0.00977836,"HispanicPct":0.35877682,"PacificPct":0.00189641,"AsianPct":0.00628185,"NativePct":0.03300936,"TotalVAP":16874,"Margin":-0.3348659,"color":"#820000","opacity":"0.5"},"geometry":{"type":"MultiPolygon","coordinates":[[[[-102.041642,37.38919],[-102.041586,37.382661],[-102.041522,37.375021],[-102.042089,37.35283],[-102.041923,37.352659],[-102.041915,37.345512],[-102.041902,37.321011],[-102.041842,37.294754],[-102.041868,37.28603],[-102.041986,37.279331],[-102.041939,37.27234],[-102.041963,37.258164],[-102.04209,37.251743],[-102.04218,37.225661],[-102.041962,37.22191],[-102.041965,37.214168],[-102.041972,37.199583],[-102.042025,37.185429],[-102.041991,37.163151],[-102.041995,37.155944],[-102.041857,37.141522],[-102.041812,37.137368],[-102.041964,37.126714],[-102.041967,37.112039],[-102.041943,37.108142],[-102.042032,37.10514],[-102.042053,37.07521],[-102.042086,37.047344],[-102.04192,37.035083],[-102.041749,37.034397],[-102.042054,37.028334],[-102.042048,37.024696],[-102.042055,37.010509],[-102.04199,36.999179],[-102.042089,36.993016],[-102.025973,36.993099],[-102.007701,36.993194],[-101.975272,36.993327],[-101.971409,36.993374],[-101.953264,36.99345],[-101.935217,36.99351],[-101.908051,36.993602],[-101.904934,36.99361],[-101.904002,36.993607],[-101.903077,36.993604],[-101.902205,36.993602],[-101.900812,36.993605],[-101.900668,36.993607],[-101.89909,36.993631],[-101.895648,36.993664],[-101.89509,36.993666],[-101.894552,36.993662],[-101.893968,36.993669],[-101.89343,36.993677],[-101.89195,36.993697],[-101.891309,36.993685],[-101.890662,36.993688],[-101.890086,36.993693],[-101.880884,36.993747],[-101.862676,36.993794],[-101.844605,36.993888],[-101.826552,36.994008],[-101.772323,36.994259],[-101.754233,36.994347],[-101.736218,36.994432],[-101.718255,36.994519],[-101.700094,36.994604],[-101.663874,36.994774],[-101.645602,36.994859],[-101.6268,36.994922],[-101.573425,36.995194],[-101.555259,36.995324],[-101.519137,36.995503],[-101.51278,36.995566],[-101.485216,36.995683],[-101.483137,36.995702],[-101.474149,36.99573],[-101.446897,36.995853],[-101.440437,36.995939],[-101.428791,36.995964],[-101.41072,36.996042],[-101.392592,36.996123],[-101.374381,36.996179],[-101.358014,36.996289],[-101.297225,36.996612],[-101.283208,36.9967],[-101.26591,36.996807],[-101.248348,36.996909],[-101.238758,36.996874],[-101.214917,36.996997],[-101.213498,36.997107],[-101.190365,36.997261],[-101.175391,36.997254],[-101.139184,36.997521],[-101.117017,36.997608],[-101.112028,36.997776],[-101.102952,36.997797],[-101.090549,36.997878],[-101.066451,36.997922],[-101.066703,37.010488],[-101.066821,37.025005],[-101.06694,37.039465],[-101.066884,37.053936],[-101.066997,37.068473],[-101.067082,37.079562],[-101.067062,37.093441],[-101.06724,37.100107],[-101.067166,37.103101],[-101.067282,37.111967],[-101.067317,37.126466],[-101.067427,37.140934],[-101.067687,37.155431],[-101.067574,37.170092],[-101.067618,37.184511],[-101.067669,37.199085],[-101.067686,37.20636],[-101.067701,37.213601],[-101.067701,37.213663],[-101.067706,37.220719],[-101.067761,37.242528],[-101.067691,37.250024],[-101.067763,37.256999],[-101.067824,37.271477],[-101.067748,37.271755],[-101.067759,37.284738],[-101.067896,37.297664],[-101.067917,37.314896],[-101.067952,37.336667],[-101.067998,37.358528],[-101.068052,37.373259],[-101.068101,37.380877],[-101.068106,37.387779],[-101.05698,37.387779],[-101.051851,37.387793],[-101.051665,37.387808],[-101.043592,37.387778],[-101.03475,37.387768],[-101.027506,37.387816],[-100.998369,37.387837],[-100.995349,37.387847],[-100.980177,37.387799],[-100.97875,37.387787],[-100.977625,37.387784],[-100.961962,37.387796],[-100.959197,37.387774],[-100.943757,37.387777],[-100.942094,37.387781],[-100.925621,37.387745],[-100.923788,37.387765],[-100.907486,37.387755],[-100.905474,37.387738],[-100.898289,37.387704],[-100.897006,37.387818],[-100.889153,37.387796],[-100.887457,37.387841],[-100.880512,37.387883],[-100.870105,37.387728],[-100.86187,37.387707],[-100.852783,37.387707],[-100.851018,37.387704],[-100.833955,37.387718],[-100.824562,37.387704],[-100.815114,37.3877],[-100.807236,37.387694],[-100.798234,37.387697],[-100.780002,37.387708],[-100.778698,37.387717],[-100.770018,37.387669],[-100.767147,37.387149],[-100.764845,37.387632],[-100.761701,37.387725],[-100.75162,37.387661],[-100.742358,37.387596],[-100.732958,37.387652],[-100.725269,37.387634],[-100.723617,37.387703],[-100.707094,37.38773],[-100.698001,37.387646],[-100.688826,37.387633],[-100.688349,37.387634],[-100.67068,37.387628],[-100.670297,37.387629],[-100.652728,37.387627],[-100.652603,37.402218],[-100.65264,37.416691],[-100.652644,37.431238],[-100.652638,37.445761],[-100.65265,37.453522],[-100.652642,37.474848],[-100.652593,37.489383],[-100.652555,37.503824],[-100.652508,37.51844],[-100.652448,37.533016],[-100.65245,37.536681],[-100.652452,37.537251],[-100.652397,37.547539],[-100.652363,37.562089],[-100.652325,37.578623],[-100.652394,37.586334],[-100.652324,37.591064],[-100.652328,37.60565],[-100.652366,37.620178],[-100.65242,37.634669],[-100.652339,37.649188],[-100.65228,37.663706],[-100.652357,37.678212],[-100.652367,37.685429],[-100.652278,37.69273],[-100.652224,37.695007],[-100.65227,37.699645],[-100.652268,37.707304],[-100.652287,37.721814],[-100.652286,37.727243],[-100.652279,37.729139],[-100.652251,37.736275],[-100.661759,37.736308],[-100.670569,37.736331],[-100.679828,37.736349],[-100.688811,37.736369],[-100.70513,37.736436],[-100.725198,37.736481],[-100.743399,37.736563],[-100.761343,37.736603],[-100.779692,37.736637],[-100.789596,37.736597],[-100.797903,37.736565],[-100.816237,37.736698],[-100.834998,37.736722],[-100.843959,37.736729],[-100.852842,37.736706],[-100.861998,37.736714],[-100.870735,37.73671],[-100.889217,37.736741],[-100.897276,37.736762],[-100.910244,37.736771],[-100.943871,37.73678],[-100.943933,37.73678],[-100.971798,37.736788],[-100.989169,37.736753],[-100.998531,37.736714],[-101.022874,37.736614],[-101.053191,37.736489],[-101.060659,37.736458],[-101.074249,37.736402],[-101.089667,37.736337],[-101.09175,37.736476],[-101.100938,37.736438],[-101.126342,37.73633],[-101.144644,37.73631],[-101.144809,37.736309],[-101.163026,37.736266],[-101.190502,37.736256],[-101.198458,37.736252],[-101.198538,37.736252],[-101.2168,37.736246],[-101.253504,37.736201],[-101.273125,37.736143],[-101.290125,37.736145],[-101.30909,37.736152],[-101.327259,37.736108],[-101.33644,37.736117],[-101.345598,37.736125],[-101.363868,37.736145],[-101.382203,37.73618],[-101.400581,37.736192],[-101.417972,37.736181],[-101.43626,37.736236],[-101.454547,37.73631],[-101.491227,37.736311],[-101.527063,37.736314],[-101.527175,37.76542],[-101.527106,37.779971],[-101.5271,37.794519],[-101.527042,37.809058],[-101.527042,37.809082],[-101.526964,37.827626],[-101.542757,37.827594],[-101.54267,37.831863],[-101.542753,37.846735],[-101.542222,37.875014],[-101.54192,37.914575],[-101.541897,37.917585],[-101.541863,37.922247],[-101.541895,37.931105],[-101.541892,37.931651],[-101.541658,37.93196],[-101.541566,37.940016],[-101.541553,37.94411],[-101.541513,37.954703],[-101.541477,37.958409],[-101.541373,37.97286],[-101.541298,37.987484],[-101.541298,37.987848],[-101.541219,38.002164],[-101.541213,38.016732],[-101.541194,38.045876],[-101.541159,38.075038],[-101.541165,38.089713],[-101.541249,38.103932],[-101.541328,38.118544],[-101.541429,38.133005],[-101.541529,38.147453],[-101.541744,38.176369],[-101.541868,38.189714],[-101.541801,38.190707],[-101.542,38.205196],[-101.542229,38.209075],[-101.542212,38.219746],[-101.542295,38.234318],[-101.542496,38.246948],[-101.54244,38.248881],[-101.542312,38.263207],[-101.548695,38.263185],[-101.56107,38.263125],[-101.567482,38.263145],[-101.579395,38.263047],[-101.585865,38.263069],[-101.597674,38.263042],[-101.604087,38.26304],[-101.615897,38.262967],[-101.622831,38.262918],[-101.633919,38.262924],[-101.641347,38.262905],[-101.652711,38.262848],[-101.659391,38.262811],[-101.669135,38.262686],[-101.677887,38.262693],[-101.678063,38.262791],[-101.689221,38.262822],[-101.707848,38.262797],[-101.72655,38.262677],[-101.733408,38.262651],[-101.757042,38.262505],[-101.770054,38.262443],[-101.78072,38.262387],[-101.788681,38.262374],[-101.799264,38.262387],[-101.817623,38.262386],[-101.825299,38.262376],[-101.836141,38.262361],[-101.843475,38.262329],[-101.871962,38.26238],[-101.880561,38.262388],[-101.890446,38.262399],[-101.909031,38.262421],[-101.927218,38.262422],[-101.945843,38.262411],[-101.954039,38.262408],[-101.96421,38.262411],[-101.981932,38.262403],[-102.000052,38.2624],[-102.009645,38.262383],[-102.018628,38.26237],[-102.027818,38.262395],[-102.036921,38.262401],[-102.044464,38.262412],[-102.044833,38.261283],[-102.04479,38.249028],[-102.04445,38.244695],[-102.044518,38.23287],[-102.044425,38.218492],[-102.0443,38.18744],[-102.044307,38.175559],[-102.044406,38.158874],[-102.044407,38.146194],[-102.044251,38.141778],[-102.044287,38.13444],[-102.044258,38.112946],[-102.044429,38.075055],[-102.044624,38.048048],[-102.044655,38.044732],[-102.044686,38.03901],[-102.044615,38.030802],[-102.044601,38.029734],[-102.044581,38.024643],[-102.044515,37.984575],[-102.044018,37.943034],[-102.043846,37.928233],[-102.043692,37.914004],[-102.043472,37.897107],[-102.043185,37.87502],[-102.043195,37.867896],[-102.043161,37.844658],[-102.042949,37.826798],[-102.042824,37.797113],[-102.042532,37.781909],[-102.042313,37.764427],[-102.042195,37.750031],[-102.042341,37.748207],[-102.042155,37.738541],[-102.041878,37.723965],[-102.041626,37.696699],[-102.041664,37.687487],[-102.041692,37.665865],[-102.041582,37.654495],[-102.041618,37.607868],[-102.041793,37.601234],[-102.041932,37.579047],[-102.041683,37.578556],[-102.041894,37.557977],[-102.041899,37.541186],[-102.042016,37.535261],[-102.04175,37.506019],[-102.04183,37.485133],[-102.041803,37.476979],[-102.041791,37.469955],[-102.041791,37.469859],[-102.041808,37.462399],[-102.041799,37.456298],[-102.041619,37.450697],[-102.041755,37.434855],[-102.041671,37.427534],[-102.04182,37.410149],[-102.041642,37.38919]]]]}},{"type":"Feature","properties":{"id":125,"NAME":"125","text-color":"#000000","text-size":16,"labelx":-100.858172,"labely":37.193194,"TotalPop":23208,"PopDevPct":-0.01255327,"DemPct":0.31946688,"RepPct":0.63893376,"WhitePct":0.34047309,"MinorityPct":0.65952691,"BlackPct":0.03631961,"HispanicPct":0.58241758,"PacificPct":0.00149004,"AsianPct":0.02998696,"NativePct":0.0379959,"TotalVAP":16107,"Margin":-0.18053312,"color":"#820000","opacity":"0.5"},"geometry":{"type":"MultiPolygon","coordinates":[[[[-100.997027,36.998028],[-100.9965,36.998043],[-100.995845,36.998051],[-100.976411,36.998302],[-100.958227,36.998363],[-100.9375,36.99843],[-100.92231,36.99852],[-100.90449,36.9986],[-100.904216,36.998744],[-100.8916,36.998609],[-100.875442,36.998652],[-100.87327,36.99884],[-100.86824,36.99883],[-100.861056,36.998669],[-100.85,36.998707],[-100.837461,36.998737],[-100.822984,36.998824],[-100.814277,36.999085],[-100.765335,36.999178],[-100.76481,36.99941],[-100.75953,36.99943],[-100.734276,36.999062],[-100.693555,36.999598],[-100.67532,36.99969],[-100.6749,36.99993],[-100.6692,36.99994],[-100.6392,37.00012],[-100.633327,37.000103],[-100.63017,37.000123],[-100.625433,37.000025],[-100.613765,37.000266],[-100.599463,37.000268],[-100.591611,37.000376],[-100.563271,37.000474],[-100.555722,37.000645],[-100.552683,37.000735],[-100.552218,37.000686],[-100.551598,37.00062],[-100.550521,37.000613],[-100.545605,37.000665],[-100.543809,37.000617],[-100.527624,37.000707],[-100.52251,37.000792],[-100.500428,37.000981],[-100.494034,37.000877],[-100.460498,37.000995],[-100.449105,37.001086],[-100.434274,37.001109],[-100.433975,37.007785],[-100.433956,37.016167],[-100.433948,37.016851],[-100.433829,37.024327],[-100.433848,37.02564],[-100.433847,37.035133],[-100.43427,37.053853],[-100.43427,37.057528],[-100.434498,37.059085],[-100.434547,37.079093],[-100.435091,37.104174],[-100.435071,37.106738],[-100.43506,37.108051],[-100.435098,37.111669],[-100.434821,37.129829],[-100.434898,37.140526],[-100.435552,37.1421],[-100.434922,37.143405],[-100.434894,37.15492],[-100.435086,37.162103],[-100.434958,37.164437],[-100.434988,37.169334],[-100.435004,37.171612],[-100.435388,37.240898],[-100.435363,37.241901],[-100.435431,37.248378],[-100.435209,37.250023],[-100.435102,37.265966],[-100.435068,37.271103],[-100.435139,37.28558],[-100.435159,37.29288],[-100.43518,37.299858],[-100.435181,37.300172],[-100.445929,37.300171],[-100.461794,37.300221],[-100.479914,37.30018],[-100.489504,37.300172],[-100.489509,37.307567],[-100.489498,37.314824],[-100.489548,37.329348],[-100.489411,37.343877],[-100.507632,37.343967],[-100.523549,37.343829],[-100.543869,37.343824],[-100.562128,37.343882],[-100.580815,37.343964],[-100.598609,37.343988],[-100.616773,37.344012],[-100.634511,37.344031],[-100.63439,37.351329],[-100.634305,37.356859],[-100.634262,37.358595],[-100.634047,37.373068],[-100.633924,37.377213],[-100.633831,37.387577],[-100.634399,37.387576],[-100.652052,37.387627],[-100.652728,37.387627],[-100.670297,37.387629],[-100.67068,37.387628],[-100.688349,37.387634],[-100.688826,37.387633],[-100.698001,37.387646],[-100.707094,37.38773],[-100.723617,37.387703],[-100.725269,37.387634],[-100.732958,37.387652],[-100.742358,37.387596],[-100.75162,37.387661],[-100.761701,37.387725],[-100.764845,37.387632],[-100.767147,37.387149],[-100.770018,37.387669],[-100.778698,37.387717],[-100.780002,37.387708],[-100.798234,37.387697],[-100.807236,37.387694],[-100.815114,37.3877],[-100.824562,37.387704],[-100.833955,37.387718],[-100.851018,37.387704],[-100.852783,37.387707],[-100.86187,37.387707],[-100.870105,37.387728],[-100.880512,37.387883],[-100.887457,37.387841],[-100.889153,37.387796],[-100.897006,37.387818],[-100.898289,37.387704],[-100.905474,37.387738],[-100.907486,37.387755],[-100.923788,37.387765],[-100.925621,37.387745],[-100.942094,37.387781],[-100.943757,37.387777],[-100.959197,37.387774],[-100.961962,37.387796],[-100.977625,37.387784],[-100.97875,37.387787],[-100.980177,37.387799],[-100.995349,37.387847],[-100.998369,37.387837],[-101.027506,37.387816],[-101.03475,37.387768],[-101.043592,37.387778],[-101.051665,37.387808],[-101.051851,37.387793],[-101.05698,37.387779],[-101.068106,37.387779],[-101.068101,37.380877],[-101.068052,37.373259],[-101.067998,37.358528],[-101.067952,37.336667],[-101.067917,37.314896],[-101.067896,37.297664],[-101.067759,37.284738],[-101.067748,37.271755],[-101.067824,37.271477],[-101.067763,37.256999],[-101.067691,37.250024],[-101.067761,37.242528],[-101.067706,37.220719],[-101.067701,37.213663],[-101.067701,37.213601],[-101.067686,37.20636],[-101.067669,37.199085],[-101.067618,37.184511],[-101.067574,37.170092],[-101.067687,37.155431],[-101.067427,37.140934],[-101.067317,37.126466],[-101.067282,37.111967],[-101.067166,37.103101],[-101.06724,37.100107],[-101.067062,37.093441],[-101.067082,37.079562],[-101.066997,37.068473],[-101.066884,37.053936],[-101.06694,37.039465],[-101.066821,37.025005],[-101.066703,37.010488],[-101.066451,36.997922],[-101.030644,36.998111],[-101.012646,36.998233],[-101.000446,36.998276],[-100.997794,36.998005],[-100.997027,36.998028]]]]}}]}
